point_label,v,lm,direction,scan_param,center_index,wannier_center
E,1.0,0.1,kx_scan_ky,0.0,0,0.04413516016338291
E,1.0,0.1,kx_scan_ky,0.0,1,0.31719699461019973
E,1.0,0.1,kx_scan_ky,0.0,2,0.4511706639213904
E,1.0,0.1,kx_scan_ky,0.0,3,0.5388619120735563
E,1.0,0.1,kx_scan_ky,0.012345679012345678,0,0.1812424241260399
E,1.0,0.1,kx_scan_ky,0.012345679012345678,1,0.2518774937108299
E,1.0,0.1,kx_scan_ky,0.012345679012345678,2,0.7097200907521197
E,1.0,0.1,kx_scan_ky,0.012345679012345678,3,0.9735873418778197
E,1.0,0.1,kx_scan_ky,0.024691358024691357,0,0.31043509537784175
E,1.0,0.1,kx_scan_ky,0.024691358024691357,1,0.37834274161467035
E,1.0,0.1,kx_scan_ky,0.024691358024691357,2,0.6846452765056432
E,1.0,0.1,kx_scan_ky,0.024691358024691357,3,0.7404344305797947
E,1.0,0.1,kx_scan_ky,0.037037037037037035,0,0.21343796917880245
E,1.0,0.1,kx_scan_ky,0.037037037037037035,1,0.3703034694965818
E,1.0,0.1,kx_scan_ky,0.037037037037037035,2,0.8069552656837161
E,1.0,0.1,kx_scan_ky,0.037037037037037035,3,0.9076466642141786
E,1.0,0.1,kx_scan_ky,0.04938271604938271,0,0.014498454157556054
E,1.0,0.1,kx_scan_ky,0.04938271604938271,1,0.12026301711789586
E,1.0,0.1,kx_scan_ky,0.04938271604938271,2,0.4940322839577889
E,1.0,0.1,kx_scan_ky,0.04938271604938271,3,0.8512233250354283
E,1.0,0.1,kx_scan_ky,0.06172839506172839,0,0.24618955815377816
E,1.0,0.1,kx_scan_ky,0.06172839506172839,1,0.2852071831210573
E,1.0,0.1,kx_scan_ky,0.06172839506172839,2,0.6201070776596747
E,1.0,0.1,kx_scan_ky,0.06172839506172839,3,0.8474306665706182
E,1.0,0.1,kx_scan_ky,0.07407407407407407,0,0.2519194703570314
E,1.0,0.1,kx_scan_ky,0.07407407407407407,1,0.6257628532808879
E,1.0,0.1,kx_scan_ky,0.07407407407407407,2,0.6621871034780326
E,1.0,0.1,kx_scan_ky,0.07407407407407407,3,0.8782837928693306
E,1.0,0.1,kx_scan_ky,0.08641975308641975,0,0.14875425442691528
E,1.0,0.1,kx_scan_ky,0.08641975308641975,1,0.26307180790533596
E,1.0,0.1,kx_scan_ky,0.08641975308641975,2,0.7416161533654628
E,1.0,0.1,kx_scan_ky,0.08641975308641975,3,0.859651820512017
E,1.0,0.1,kx_scan_ky,0.09876543209876543,0,0.2002279942777423
E,1.0,0.1,kx_scan_ky,0.09876543209876543,1,0.26556043863547313
E,1.0,0.1,kx_scan_ky,0.09876543209876543,2,0.6873032471062018
E,1.0,0.1,kx_scan_ky,0.09876543209876543,3,0.8925933457287877
E,1.0,0.1,kx_scan_ky,0.1111111111111111,0,0.09542737666056542
E,1.0,0.1,kx_scan_ky,0.1111111111111111,1,0.21924715603736797
E,1.0,0.1,kx_scan_ky,0.1111111111111111,2,0.34053650087506676
E,1.0,0.1,kx_scan_ky,0.1111111111111111,3,0.7414132916581528
E,1.0,0.1,kx_scan_ky,0.12345679012345678,0,0.027857431924298574
E,1.0,0.1,kx_scan_ky,0.12345679012345678,1,0.6526339014094261
E,1.0,0.1,kx_scan_ky,0.12345679012345678,2,0.7330258820347156
E,1.0,0.1,kx_scan_ky,0.12345679012345678,3,0.8947591818366728
E,1.0,0.1,kx_scan_ky,0.13580246913580246,0,0.20849197897329236
E,1.0,0.1,kx_scan_ky,0.13580246913580246,1,0.2889492388816827
E,1.0,0.1,kx_scan_ky,0.13580246913580246,2,0.8210706940400568
E,1.0,0.1,kx_scan_ky,0.13580246913580246,3,0.8452662923755756
E,1.0,0.1,kx_scan_ky,0.14814814814814814,0,0.2082290452416473
E,1.0,0.1,kx_scan_ky,0.14814814814814814,1,0.2973049978482315
E,1.0,0.1,kx_scan_ky,0.14814814814814814,2,0.8287097837045364
E,1.0,0.1,kx_scan_ky,0.14814814814814814,3,0.895313769616329
E,1.0,0.1,kx_scan_ky,0.16049382716049382,0,0.03495884374728665
E,1.0,0.1,kx_scan_ky,0.16049382716049382,1,0.11653925216910249
E,1.0,0.1,kx_scan_ky,0.16049382716049382,2,0.41963078165917145
E,1.0,0.1,kx_scan_ky,0.16049382716049382,3,0.4465287396149415
E,1.0,0.1,kx_scan_ky,0.1728395061728395,0,0.18231735792508594
E,1.0,0.1,kx_scan_ky,0.1728395061728395,1,0.2346626020633974
E,1.0,0.1,kx_scan_ky,0.1728395061728395,2,0.6118080453763726
E,1.0,0.1,kx_scan_ky,0.1728395061728395,3,0.6872644218426798
E,1.0,0.1,kx_scan_ky,0.18518518518518517,0,0.06862493415399401
E,1.0,0.1,kx_scan_ky,0.18518518518518517,1,0.33917918885153026
E,1.0,0.1,kx_scan_ky,0.18518518518518517,2,0.40811556402687443
E,1.0,0.1,kx_scan_ky,0.18518518518518517,3,0.7556235527104258
E,1.0,0.1,kx_scan_ky,0.19753086419753085,0,0.006359595234364078
E,1.0,0.1,kx_scan_ky,0.19753086419753085,1,0.11522929559398051
E,1.0,0.1,kx_scan_ky,0.19753086419753085,2,0.42392552427001984
E,1.0,0.1,kx_scan_ky,0.19753086419753085,3,0.45803059335200547
E,1.0,0.1,kx_scan_ky,0.20987654320987653,0,0.06464362982336408
E,1.0,0.1,kx_scan_ky,0.20987654320987653,1,0.16812014076628085
E,1.0,0.1,kx_scan_ky,0.20987654320987653,2,0.8440286506306882
E,1.0,0.1,kx_scan_ky,0.20987654320987653,3,0.895960119243288
E,1.0,0.1,kx_scan_ky,0.2222222222222222,0,0.01849482978622603
E,1.0,0.1,kx_scan_ky,0.2222222222222222,1,0.0808121524567408
E,1.0,0.1,kx_scan_ky,0.2222222222222222,2,0.3810459859421721
E,1.0,0.1,kx_scan_ky,0.2222222222222222,3,0.473822567798272
E,1.0,0.1,kx_scan_ky,0.2345679012345679,0,0.13367924674068893
E,1.0,0.1,kx_scan_ky,0.2345679012345679,1,0.4056309726272341
E,1.0,0.1,kx_scan_ky,0.2345679012345679,2,0.5498598210587833
E,1.0,0.1,kx_scan_ky,0.2345679012345679,3,0.6003816567505857
E,1.0,0.1,kx_scan_ky,0.24691358024691357,0,0.09018914264832804
E,1.0,0.1,kx_scan_ky,0.24691358024691357,1,0.4210583637314708
E,1.0,0.1,kx_scan_ky,0.24691358024691357,2,0.4931276624409283
E,1.0,0.1,kx_scan_ky,0.24691358024691357,3,0.8228675038297246
E,1.0,0.1,kx_scan_ky,0.25925925925925924,0,0.2904324201976601
E,1.0,0.1,kx_scan_ky,0.25925925925925924,1,0.324276189123719
E,1.0,0.1,kx_scan_ky,0.25925925925925924,2,0.6409555647601778
E,1.0,0.1,kx_scan_ky,0.25925925925925924,3,0.7143973316398406
E,1.0,0.1,kx_scan_ky,0.2716049382716049,0,0.05280103814949563
E,1.0,0.1,kx_scan_ky,0.2716049382716049,1,0.17440951667800025
E,1.0,0.1,kx_scan_ky,0.2716049382716049,2,0.43644986977151234
E,1.0,0.1,kx_scan_ky,0.2716049382716049,3,0.7375048806194462
E,1.0,0.1,kx_scan_ky,0.2839506172839506,0,0.07900922748921857
E,1.0,0.1,kx_scan_ky,0.2839506172839506,1,0.1682522365461287
E,1.0,0.1,kx_scan_ky,0.2839506172839506,2,0.3106914061804228
E,1.0,0.1,kx_scan_ky,0.2839506172839506,3,0.4073410687038494
E,1.0,0.1,kx_scan_ky,0.2962962962962963,0,0.24449882908247222
E,1.0,0.1,kx_scan_ky,0.2962962962962963,1,0.5212423274453515
E,1.0,0.1,kx_scan_ky,0.2962962962962963,2,0.6650839577270451
E,1.0,0.1,kx_scan_ky,0.2962962962962963,3,0.9889949640532598
E,1.0,0.1,kx_scan_ky,0.30864197530864196,0,0.1309653313449221
E,1.0,0.1,kx_scan_ky,0.30864197530864196,1,0.47590448007205643
E,1.0,0.1,kx_scan_ky,0.30864197530864196,2,0.6538487062485949
E,1.0,0.1,kx_scan_ky,0.30864197530864196,3,0.9121552976745348
E,1.0,0.1,kx_scan_ky,0.32098765432098764,0,0.21655032775215804
E,1.0,0.1,kx_scan_ky,0.32098765432098764,1,0.46481971361939844
E,1.0,0.1,kx_scan_ky,0.32098765432098764,2,0.7128248987127308
E,1.0,0.1,kx_scan_ky,0.32098765432098764,3,0.9099913900156659
E,1.0,0.1,kx_scan_ky,0.3333333333333333,0,0.2278458864938542
E,1.0,0.1,kx_scan_ky,0.3333333333333333,1,0.3361537802924471
E,1.0,0.1,kx_scan_ky,0.3333333333333333,2,0.5046916004965727
E,1.0,0.1,kx_scan_ky,0.3333333333333333,3,0.6329721266103436
E,1.0,0.1,kx_scan_ky,0.345679012345679,0,0.14794761666027167
E,1.0,0.1,kx_scan_ky,0.345679012345679,1,0.5176640892157933
E,1.0,0.1,kx_scan_ky,0.345679012345679,2,0.8360540941142008
E,1.0,0.1,kx_scan_ky,0.345679012345679,3,0.9498367163353674
E,1.0,0.1,kx_scan_ky,0.35802469135802467,0,0.06400544661716208
E,1.0,0.1,kx_scan_ky,0.35802469135802467,1,0.4792929361317443
E,1.0,0.1,kx_scan_ky,0.35802469135802467,2,0.6412872127178433
E,1.0,0.1,kx_scan_ky,0.35802469135802467,3,0.9102548120668597
E,1.0,0.1,kx_scan_ky,0.37037037037037035,0,0.2508249474951747
E,1.0,0.1,kx_scan_ky,0.37037037037037035,1,0.4045863937418777
E,1.0,0.1,kx_scan_ky,0.37037037037037035,2,0.8533649392478423
E,1.0,0.1,kx_scan_ky,0.37037037037037035,3,0.9459497830985668
E,1.0,0.1,kx_scan_ky,0.38271604938271603,0,0.08848214542091005
E,1.0,0.1,kx_scan_ky,0.38271604938271603,1,0.5221397656922748
E,1.0,0.1,kx_scan_ky,0.38271604938271603,2,0.8347582267793857
E,1.0,0.1,kx_scan_ky,0.38271604938271603,3,0.8874718099418919
E,1.0,0.1,kx_scan_ky,0.3950617283950617,0,0.15255298455177718
E,1.0,0.1,kx_scan_ky,0.3950617283950617,1,0.18542415444421423
E,1.0,0.1,kx_scan_ky,0.3950617283950617,2,0.7229677141573543
E,1.0,0.1,kx_scan_ky,0.3950617283950617,3,0.842172104519945
E,1.0,0.1,kx_scan_ky,0.4074074074074074,0,0.3008916055957265
E,1.0,0.1,kx_scan_ky,0.4074074074074074,1,0.332147479647064
E,1.0,0.1,kx_scan_ky,0.4074074074074074,2,0.6738708545379177
E,1.0,0.1,kx_scan_ky,0.4074074074074074,3,0.8087759573246719
E,1.0,0.1,kx_scan_ky,0.41975308641975306,0,0.016483742239564732
E,1.0,0.1,kx_scan_ky,0.41975308641975306,1,0.1679640308356913
E,1.0,0.1,kx_scan_ky,0.41975308641975306,2,0.21863236327529836
E,1.0,0.1,kx_scan_ky,0.41975308641975306,3,0.717670435260203
E,1.0,0.1,kx_scan_ky,0.43209876543209874,0,0.11109679433576719
E,1.0,0.1,kx_scan_ky,0.43209876543209874,1,0.3560105440491748
E,1.0,0.1,kx_scan_ky,0.43209876543209874,2,0.49043870326652456
E,1.0,0.1,kx_scan_ky,0.43209876543209874,3,0.605054898462352
E,1.0,0.1,kx_scan_ky,0.4444444444444444,0,0.07366288890229108
E,1.0,0.1,kx_scan_ky,0.4444444444444444,1,0.37808784323369843
E,1.0,0.1,kx_scan_ky,0.4444444444444444,2,0.5497728099888968
E,1.0,0.1,kx_scan_ky,0.4444444444444444,3,0.7580661658092415
E,1.0,0.1,kx_scan_ky,0.4567901234567901,0,0.027532171765036265
E,1.0,0.1,kx_scan_ky,0.4567901234567901,1,0.11145594923034643
E,1.0,0.1,kx_scan_ky,0.4567901234567901,2,0.48002556937789953
E,1.0,0.1,kx_scan_ky,0.4567901234567901,3,0.8290110255669549
E,1.0,0.1,kx_scan_ky,0.4691358024691358,0,0.3556943486836728
E,1.0,0.1,kx_scan_ky,0.4691358024691358,1,0.4802493455021348
E,1.0,0.1,kx_scan_ky,0.4691358024691358,2,0.5123704606487189
E,1.0,0.1,kx_scan_ky,0.4691358024691358,3,0.7789728475658175
E,1.0,0.1,kx_scan_ky,0.48148148148148145,0,0.012147471726693936
E,1.0,0.1,kx_scan_ky,0.48148148148148145,1,0.14548902736746638
E,1.0,0.1,kx_scan_ky,0.48148148148148145,2,0.40625223208058137
E,1.0,0.1,kx_scan_ky,0.48148148148148145,3,0.8215625889024876
E,1.0,0.1,kx_scan_ky,0.49382716049382713,0,0.35758857087527457
E,1.0,0.1,kx_scan_ky,0.49382716049382713,1,0.5205802206527081
E,1.0,0.1,kx_scan_ky,0.49382716049382713,2,0.7355089850920087
E,1.0,0.1,kx_scan_ky,0.49382716049382713,3,0.9147849665762
E,1.0,0.1,kx_scan_ky,0.5061728395061729,0,0.1904678698299583
E,1.0,0.1,kx_scan_ky,0.5061728395061729,1,0.24986986563616428
E,1.0,0.1,kx_scan_ky,0.5061728395061729,2,0.7139583143634552
E,1.0,0.1,kx_scan_ky,0.5061728395061729,3,0.8192014972464787
E,1.0,0.1,kx_scan_ky,0.5185185185185185,0,0.0775415081611677
E,1.0,0.1,kx_scan_ky,0.5185185185185185,1,0.35524107177221953
E,1.0,0.1,kx_scan_ky,0.5185185185185185,2,0.4033860094596718
E,1.0,0.1,kx_scan_ky,0.5185185185185185,3,0.8958909504227481
E,1.0,0.1,kx_scan_ky,0.5308641975308641,0,0.7272057971142867
E,1.0,0.1,kx_scan_ky,0.5308641975308641,1,0.7603682198055424
E,1.0,0.1,kx_scan_ky,0.5308641975308641,2,0.8649629265315342
E,1.0,0.1,kx_scan_ky,0.5308641975308641,3,0.9439422580467843
E,1.0,0.1,kx_scan_ky,0.5432098765432098,0,0.01124817737633635
E,1.0,0.1,kx_scan_ky,0.5432098765432098,1,0.20025607301090306
E,1.0,0.1,kx_scan_ky,0.5432098765432098,2,0.3735426646654874
E,1.0,0.1,kx_scan_ky,0.5432098765432098,3,0.47925516098063436
E,1.0,0.1,kx_scan_ky,0.5555555555555556,0,0.21756616371635612
E,1.0,0.1,kx_scan_ky,0.5555555555555556,1,0.5197567301153352
E,1.0,0.1,kx_scan_ky,0.5555555555555556,2,0.8314047403477365
E,1.0,0.1,kx_scan_ky,0.5555555555555556,3,0.9670118558321513
E,1.0,0.1,kx_scan_ky,0.5679012345679012,0,0.06273922698873419
E,1.0,0.1,kx_scan_ky,0.5679012345679012,1,0.12949651277225685
E,1.0,0.1,kx_scan_ky,0.5679012345679012,2,0.5466099107345288
E,1.0,0.1,kx_scan_ky,0.5679012345679012,3,0.7143832596668427
E,1.0,0.1,kx_scan_ky,0.5802469135802468,0,0.07472315533155686
E,1.0,0.1,kx_scan_ky,0.5802469135802468,1,0.23707945022722435
E,1.0,0.1,kx_scan_ky,0.5802469135802468,2,0.5422379560417914
E,1.0,0.1,kx_scan_ky,0.5802469135802468,3,0.7398831559399892
E,1.0,0.1,kx_scan_ky,0.5925925925925926,0,0.09115444048519183
E,1.0,0.1,kx_scan_ky,0.5925925925925926,1,0.18304963357530993
E,1.0,0.1,kx_scan_ky,0.5925925925925926,2,0.2943962133818962
E,1.0,0.1,kx_scan_ky,0.5925925925925926,3,0.7078783306190072
E,1.0,0.1,kx_scan_ky,0.6049382716049383,0,0.0978785680907361
E,1.0,0.1,kx_scan_ky,0.6049382716049383,1,0.441967726688107
E,1.0,0.1,kx_scan_ky,0.6049382716049383,2,0.6095743875957175
E,1.0,0.1,kx_scan_ky,0.6049382716049383,3,0.6955642591234239
E,1.0,0.1,kx_scan_ky,0.6172839506172839,0,0.2429361507412451
E,1.0,0.1,kx_scan_ky,0.6172839506172839,1,0.5790744216588388
E,1.0,0.1,kx_scan_ky,0.6172839506172839,2,0.7556981795305714
E,1.0,0.1,kx_scan_ky,0.6172839506172839,3,0.9929701500168596
E,1.0,0.1,kx_scan_ky,0.6296296296296295,0,0.19580285123839655
E,1.0,0.1,kx_scan_ky,0.6296296296296295,1,0.41185417703189436
E,1.0,0.1,kx_scan_ky,0.6296296296296295,2,0.6049158898761939
E,1.0,0.1,kx_scan_ky,0.6296296296296295,3,0.7336967062499615
E,1.0,0.1,kx_scan_ky,0.6419753086419753,0,0.07322870830258167
E,1.0,0.1,kx_scan_ky,0.6419753086419753,1,0.43847638460458127
E,1.0,0.1,kx_scan_ky,0.6419753086419753,2,0.5998315194505228
E,1.0,0.1,kx_scan_ky,0.6419753086419753,3,0.8715336830807765
E,1.0,0.1,kx_scan_ky,0.654320987654321,0,0.3037916593100775
E,1.0,0.1,kx_scan_ky,0.654320987654321,1,0.5754668347166696
E,1.0,0.1,kx_scan_ky,0.654320987654321,2,0.916401268031503
E,1.0,0.1,kx_scan_ky,0.654320987654321,3,0.9839601240256048
E,1.0,0.1,kx_scan_ky,0.6666666666666666,0,0.24969439183861203
E,1.0,0.1,kx_scan_ky,0.6666666666666666,1,0.5826112924051161
E,1.0,0.1,kx_scan_ky,0.6666666666666666,2,0.8133192319748622
E,1.0,0.1,kx_scan_ky,0.6666666666666666,3,0.9849713694850893
E,1.0,0.1,kx_scan_ky,0.6790123456790123,0,0.0006725559537627926
E,1.0,0.1,kx_scan_ky,0.6790123456790123,1,0.4578569076499519
E,1.0,0.1,kx_scan_ky,0.6790123456790123,2,0.6707358224902202
E,1.0,0.1,kx_scan_ky,0.6790123456790123,3,0.9537350464764173
E,1.0,0.1,kx_scan_ky,0.691358024691358,0,0.059091485198033415
E,1.0,0.1,kx_scan_ky,0.691358024691358,1,0.4183060357110477
E,1.0,0.1,kx_scan_ky,0.691358024691358,2,0.6076215057036911
E,1.0,0.1,kx_scan_ky,0.691358024691358,3,0.9533568425350338
E,1.0,0.1,kx_scan_ky,0.7037037037037037,0,0.03594340984975036
E,1.0,0.1,kx_scan_ky,0.7037037037037037,1,0.44714113382497883
E,1.0,0.1,kx_scan_ky,0.7037037037037037,2,0.5981454629046818
E,1.0,0.1,kx_scan_ky,0.7037037037037037,3,0.8297777677023708
E,1.0,0.1,kx_scan_ky,0.7160493827160493,0,0.03267572710663147
E,1.0,0.1,kx_scan_ky,0.7160493827160493,1,0.34144125664173974
E,1.0,0.1,kx_scan_ky,0.7160493827160493,2,0.8011961314047903
E,1.0,0.1,kx_scan_ky,0.7160493827160493,3,0.9554659330474027
E,1.0,0.1,kx_scan_ky,0.728395061728395,0,0.23079989349737223
E,1.0,0.1,kx_scan_ky,0.728395061728395,1,0.4961999325645634
E,1.0,0.1,kx_scan_ky,0.728395061728395,2,0.8329858142289253
E,1.0,0.1,kx_scan_ky,0.728395061728395,3,0.97428306184885
E,1.0,0.1,kx_scan_ky,0.7407407407407407,0,0.036905583316320906
E,1.0,0.1,kx_scan_ky,0.7407407407407407,1,0.1332695596212724
E,1.0,0.1,kx_scan_ky,0.7407407407407407,2,0.9058870201668128
E,1.0,0.1,kx_scan_ky,0.7407407407407407,3,0.9566806666733431
E,1.0,0.1,kx_scan_ky,0.7530864197530864,0,0.16030182893792205
E,1.0,0.1,kx_scan_ky,0.7530864197530864,1,0.25395721457792636
E,1.0,0.1,kx_scan_ky,0.7530864197530864,2,0.578753130031088
E,1.0,0.1,kx_scan_ky,0.7530864197530864,3,0.8897392682302554
E,1.0,0.1,kx_scan_ky,0.7654320987654321,0,0.13137945283326255
E,1.0,0.1,kx_scan_ky,0.7654320987654321,1,0.46397827493141963
E,1.0,0.1,kx_scan_ky,0.7654320987654321,2,0.5674989558429533
E,1.0,0.1,kx_scan_ky,0.7654320987654321,3,0.6934865475163549
E,1.0,0.1,kx_scan_ky,0.7777777777777777,0,0.03491566078625929
E,1.0,0.1,kx_scan_ky,0.7777777777777777,1,0.3195226236865825
E,1.0,0.1,kx_scan_ky,0.7777777777777777,2,0.8105423737268521
E,1.0,0.1,kx_scan_ky,0.7777777777777777,3,0.9956915957072462
E,1.0,0.1,kx_scan_ky,0.7901234567901234,0,0.0302492013060437
E,1.0,0.1,kx_scan_ky,0.7901234567901234,1,0.26198423278172883
E,1.0,0.1,kx_scan_ky,0.7901234567901234,2,0.47478567869376065
E,1.0,0.1,kx_scan_ky,0.7901234567901234,3,0.5627788402365912
E,1.0,0.1,kx_scan_ky,0.8024691358024691,0,0.005546042401118436
E,1.0,0.1,kx_scan_ky,0.8024691358024691,1,0.07798747753080021
E,1.0,0.1,kx_scan_ky,0.8024691358024691,2,0.5292843354062078
E,1.0,0.1,kx_scan_ky,0.8024691358024691,3,0.5853352448686242
E,1.0,0.1,kx_scan_ky,0.8148148148148148,0,0.23962315209441448
E,1.0,0.1,kx_scan_ky,0.8148148148148148,1,0.30153277797104555
E,1.0,0.1,kx_scan_ky,0.8148148148148148,2,0.7881817537402127
E,1.0,0.1,kx_scan_ky,0.8148148148148148,3,0.8687747056927567
E,1.0,0.1,kx_scan_ky,0.8271604938271604,0,0.37086828649062425
E,1.0,0.1,kx_scan_ky,0.8271604938271604,1,0.6751469004255916
E,1.0,0.1,kx_scan_ky,0.8271604938271604,2,0.7966807029328791
E,1.0,0.1,kx_scan_ky,0.8271604938271604,3,0.9207780400968466
E,1.0,0.1,kx_scan_ky,0.8395061728395061,0,0.04482882519821594
E,1.0,0.1,kx_scan_ky,0.8395061728395061,1,0.4154424068616966
E,1.0,0.1,kx_scan_ky,0.8395061728395061,2,0.5410964721550269
E,1.0,0.1,kx_scan_ky,0.8395061728395061,3,0.9495392513749638
E,1.0,0.1,kx_scan_ky,0.8518518518518519,0,0.1840632378074048
E,1.0,0.1,kx_scan_ky,0.8518518518518519,1,0.4294558469861756
E,1.0,0.1,kx_scan_ky,0.8518518518518519,2,0.5689390482029426
E,1.0,0.1,kx_scan_ky,0.8518518518518519,3,0.6840580093318901
E,1.0,0.1,kx_scan_ky,0.8641975308641975,0,0.012536811849292031
E,1.0,0.1,kx_scan_ky,0.8641975308641975,1,0.15332885444548952
E,1.0,0.1,kx_scan_ky,0.8641975308641975,2,0.6635937045502505
E,1.0,0.1,kx_scan_ky,0.8641975308641975,3,0.8006966774950899
E,1.0,0.1,kx_scan_ky,0.8765432098765431,0,0.08694772239876901
E,1.0,0.1,kx_scan_ky,0.8765432098765431,1,0.5153176597123852
E,1.0,0.1,kx_scan_ky,0.8765432098765431,2,0.557967256515014
E,1.0,0.1,kx_scan_ky,0.8765432098765431,3,0.7543080342110059
E,1.0,0.1,kx_scan_ky,0.8888888888888888,0,0.0004135824612592776
E,1.0,0.1,kx_scan_ky,0.8888888888888888,1,0.2564079921476172
E,1.0,0.1,kx_scan_ky,0.8888888888888888,2,0.3833454130980993
E,1.0,0.1,kx_scan_ky,0.8888888888888888,3,0.8237525540988009
E,1.0,0.1,kx_scan_ky,0.9012345679012346,0,0.10388856841245345
E,1.0,0.1,kx_scan_ky,0.9012345679012346,1,0.4292528273150417
E,1.0,0.1,kx_scan_ky,0.9012345679012346,2,0.5219654697662641
E,1.0,0.1,kx_scan_ky,0.9012345679012346,3,0.8966203262843385
E,1.0,0.1,kx_scan_ky,0.9135802469135802,0,0.6274735736681583
E,1.0,0.1,kx_scan_ky,0.9135802469135802,1,0.6919046565081939
E,1.0,0.1,kx_scan_ky,0.9135802469135802,2,0.9240019465428471
E,1.0,0.1,kx_scan_ky,0.9135802469135802,3,0.9436556248633782
E,1.0,0.1,kx_scan_ky,0.9259259259259258,0,0.013896770162277104
E,1.0,0.1,kx_scan_ky,0.9259259259259258,1,0.2752329148165693
E,1.0,0.1,kx_scan_ky,0.9259259259259258,2,0.5913352641565892
E,1.0,0.1,kx_scan_ky,0.9259259259259258,3,0.726967856707037
E,1.0,0.1,kx_scan_ky,0.9382716049382716,0,0.0036510530319592686
E,1.0,0.1,kx_scan_ky,0.9382716049382716,1,0.05593898911410993
E,1.0,0.1,kx_scan_ky,0.9382716049382716,2,0.2821994281464583
E,1.0,0.1,kx_scan_ky,0.9382716049382716,3,0.38887040729627786
E,1.0,0.1,kx_scan_ky,0.9506172839506173,0,0.5271370235990026
E,1.0,0.1,kx_scan_ky,0.9506172839506173,1,0.5521952079183027
E,1.0,0.1,kx_scan_ky,0.9506172839506173,2,0.9023824635325793
E,1.0,0.1,kx_scan_ky,0.9506172839506173,3,0.9598528078875509
E,1.0,0.1,kx_scan_ky,0.9629629629629629,0,0.27280245522884267
E,1.0,0.1,kx_scan_ky,0.9629629629629629,1,0.33066221544303914
E,1.0,0.1,kx_scan_ky,0.9629629629629629,2,0.67280704888163
E,1.0,0.1,kx_scan_ky,0.9629629629629629,3,0.7229075701780444
E,1.0,0.1,kx_scan_ky,0.9753086419753085,0,0.6048976624345532
E,1.0,0.1,kx_scan_ky,0.9753086419753085,1,0.7031691933304265
E,1.0,0.1,kx_scan_ky,0.9753086419753085,2,0.7658084078550117
E,1.0,0.1,kx_scan_ky,0.9753086419753085,3,0.8680723084299631
E,1.0,0.1,kx_scan_ky,0.9876543209876543,0,0.19910827579618057
E,1.0,0.1,kx_scan_ky,0.9876543209876543,1,0.34890575720944783
E,1.0,0.1,kx_scan_ky,0.9876543209876543,2,0.8379111269129091
E,1.0,0.1,kx_scan_ky,0.9876543209876543,3,0.9624597473420299
E,1.0,0.1,ky_scan_kx,0.0,0,0.1673242324638789
E,1.0,0.1,ky_scan_kx,0.0,1,0.36557196969006567
E,1.0,0.1,ky_scan_kx,0.0,2,0.6010527025646892
E,1.0,0.1,ky_scan_kx,0.0,3,0.8918306558432363
E,1.0,0.1,ky_scan_kx,0.012345679012345678,0,0.23654530765206205
E,1.0,0.1,ky_scan_kx,0.012345679012345678,1,0.38155286272770134
E,1.0,0.1,ky_scan_kx,0.012345679012345678,2,0.6169955623240171
E,1.0,0.1,ky_scan_kx,0.012345679012345678,3,0.6939792364519849
E,1.0,0.1,ky_scan_kx,0.024691358024691357,0,0.014937724365084616
E,1.0,0.1,ky_scan_kx,0.024691358024691357,1,0.1929688995106632
E,1.0,0.1,ky_scan_kx,0.024691358024691357,2,0.513114171343342
E,1.0,0.1,ky_scan_kx,0.024691358024691357,3,0.7522407799584792
E,1.0,0.1,ky_scan_kx,0.037037037037037035,0,0.1249502354973735
E,1.0,0.1,ky_scan_kx,0.037037037037037035,1,0.38288719983783154
E,1.0,0.1,ky_scan_kx,0.037037037037037035,2,0.52886544472868
E,1.0,0.1,ky_scan_kx,0.037037037037037035,3,0.8880002738382038
E,1.0,0.1,ky_scan_kx,0.04938271604938271,0,0.01840037786317847
E,1.0,0.1,ky_scan_kx,0.04938271604938271,1,0.29238479961320574
E,1.0,0.1,ky_scan_kx,0.04938271604938271,2,0.3169712286157132
E,1.0,0.1,ky_scan_kx,0.04938271604938271,3,0.9388298170991737
E,1.0,0.1,ky_scan_kx,0.06172839506172839,0,0.1312373017198499
E,1.0,0.1,ky_scan_kx,0.06172839506172839,1,0.17122619677112652
E,1.0,0.1,ky_scan_kx,0.06172839506172839,2,0.7286543396511198
E,1.0,0.1,ky_scan_kx,0.06172839506172839,3,0.7940945115677531
E,1.0,0.1,ky_scan_kx,0.07407407407407407,0,0.2358757172407666
E,1.0,0.1,ky_scan_kx,0.07407407407407407,1,0.49713658499329383
E,1.0,0.1,ky_scan_kx,0.07407407407407407,2,0.8758273254901878
E,1.0,0.1,ky_scan_kx,0.07407407407407407,3,0.9231432770359135
E,1.0,0.1,ky_scan_kx,0.08641975308641975,0,0.09397255452781458
E,1.0,0.1,ky_scan_kx,0.08641975308641975,1,0.3863584439474815
E,1.0,0.1,ky_scan_kx,0.08641975308641975,2,0.551910168528198
E,1.0,0.1,ky_scan_kx,0.08641975308641975,3,0.9748617344791887
E,1.0,0.1,ky_scan_kx,0.09876543209876543,0,0.253794327279787
E,1.0,0.1,ky_scan_kx,0.09876543209876543,1,0.3216212749622919
E,1.0,0.1,ky_scan_kx,0.09876543209876543,2,0.709916794875318
E,1.0,0.1,ky_scan_kx,0.09876543209876543,3,0.7288120736716237
E,1.0,0.1,ky_scan_kx,0.1111111111111111,0,0.15443006917689187
E,1.0,0.1,ky_scan_kx,0.1111111111111111,1,0.43274531145040673
E,1.0,0.1,ky_scan_kx,0.1111111111111111,2,0.8664225976580557
E,1.0,0.1,ky_scan_kx,0.1111111111111111,3,0.9681708722843474
E,1.0,0.1,ky_scan_kx,0.12345679012345678,0,0.017125570565824297
E,1.0,0.1,ky_scan_kx,0.12345679012345678,1,0.14835703727968033
E,1.0,0.1,ky_scan_kx,0.12345679012345678,2,0.4691755079986867
E,1.0,0.1,ky_scan_kx,0.12345679012345678,3,0.8838588817582498
E,1.0,0.1,ky_scan_kx,0.13580246913580246,0,0.19472384173051313
E,1.0,0.1,ky_scan_kx,0.13580246913580246,1,0.3094470024398917
E,1.0,0.1,ky_scan_kx,0.13580246913580246,2,0.7609799636065111
E,1.0,0.1,ky_scan_kx,0.13580246913580246,3,0.855470861524706
E,1.0,0.1,ky_scan_kx,0.14814814814814814,0,0.0009572387908196134
E,1.0,0.1,ky_scan_kx,0.14814814814814814,1,0.37024503560398286
E,1.0,0.1,ky_scan_kx,0.14814814814814814,2,0.48195502991060646
E,1.0,0.1,ky_scan_kx,0.14814814814814814,3,0.6544529721808643
E,1.0,0.1,ky_scan_kx,0.16049382716049382,0,0.18090338045682297
E,1.0,0.1,ky_scan_kx,0.16049382716049382,1,0.31981883624465274
E,1.0,0.1,ky_scan_kx,0.16049382716049382,2,0.8867772521526807
E,1.0,0.1,ky_scan_kx,0.16049382716049382,3,0.9086230167924016
E,1.0,0.1,ky_scan_kx,0.1728395061728395,0,0.2723503215269808
E,1.0,0.1,ky_scan_kx,0.1728395061728395,1,0.6177251767201842
E,1.0,0.1,ky_scan_kx,0.1728395061728395,2,0.7865029818826657
E,1.0,0.1,ky_scan_kx,0.1728395061728395,3,0.8673993006921451
E,1.0,0.1,ky_scan_kx,0.18518518518518517,0,0.08727747235289558
E,1.0,0.1,ky_scan_kx,0.18518518518518517,1,0.24400865474976086
E,1.0,0.1,ky_scan_kx,0.18518518518518517,2,0.4379942147575866
E,1.0,0.1,ky_scan_kx,0.18518518518518517,3,0.5648418792257849
E,1.0,0.1,ky_scan_kx,0.19753086419753085,0,0.05686287832218728
E,1.0,0.1,ky_scan_kx,0.19753086419753085,1,0.43334771385374327
E,1.0,0.1,ky_scan_kx,0.19753086419753085,2,0.4981845865952374
E,1.0,0.1,ky_scan_kx,0.19753086419753085,3,0.9687751563573804
E,1.0,0.1,ky_scan_kx,0.20987654320987653,0,0.16243336021518281
E,1.0,0.1,ky_scan_kx,0.20987654320987653,1,0.6493961842666987
E,1.0,0.1,ky_scan_kx,0.20987654320987653,2,0.7015028466638205
E,1.0,0.1,ky_scan_kx,0.20987654320987653,3,0.881914917587486
E,1.0,0.1,ky_scan_kx,0.2222222222222222,0,0.09609612186151285
E,1.0,0.1,ky_scan_kx,0.2222222222222222,1,0.6398456706457765
E,1.0,0.1,ky_scan_kx,0.2222222222222222,2,0.7054246997572509
E,1.0,0.1,ky_scan_kx,0.2222222222222222,3,0.8918095606972721
E,1.0,0.1,ky_scan_kx,0.2345679012345679,0,0.06856762773127316
E,1.0,0.1,ky_scan_kx,0.2345679012345679,1,0.1453088467456788
E,1.0,0.1,ky_scan_kx,0.2345679012345679,2,0.8129731717488571
E,1.0,0.1,ky_scan_kx,0.2345679012345679,3,0.8886374471740488
E,1.0,0.1,ky_scan_kx,0.24691358024691357,0,0.06361611801268842
E,1.0,0.1,ky_scan_kx,0.24691358024691357,1,0.13325511019593128
E,1.0,0.1,ky_scan_kx,0.24691358024691357,2,0.35160259319567955
E,1.0,0.1,ky_scan_kx,0.24691358024691357,3,0.4070570275900614
E,1.0,0.1,ky_scan_kx,0.25925925925925924,0,0.03587866908843543
E,1.0,0.1,ky_scan_kx,0.25925925925925924,1,0.2842610765125219
E,1.0,0.1,ky_scan_kx,0.25925925925925924,2,0.464329982477379
E,1.0,0.1,ky_scan_kx,0.25925925925925924,3,0.6731903817601655
E,1.0,0.1,ky_scan_kx,0.2716049382716049,0,0.007704885032272159
E,1.0,0.1,ky_scan_kx,0.2716049382716049,1,0.2659793339428398
E,1.0,0.1,ky_scan_kx,0.2716049382716049,2,0.4739739707948707
E,1.0,0.1,ky_scan_kx,0.2716049382716049,3,0.7846746418435387
E,1.0,0.1,ky_scan_kx,0.2839506172839506,0,0.11315106188960351
E,1.0,0.1,ky_scan_kx,0.2839506172839506,1,0.5533648155095392
E,1.0,0.1,ky_scan_kx,0.2839506172839506,2,0.8960746164682486
E,1.0,0.1,ky_scan_kx,0.2839506172839506,3,0.9543926244437037
E,1.0,0.1,ky_scan_kx,0.2962962962962963,0,0.028125179151799816
E,1.0,0.1,ky_scan_kx,0.2962962962962963,1,0.11949147569610374
E,1.0,0.1,ky_scan_kx,0.2962962962962963,2,0.41134998486582086
E,1.0,0.1,ky_scan_kx,0.2962962962962963,3,0.4710482335769601
E,1.0,0.1,ky_scan_kx,0.30864197530864196,0,0.3768120589712321
E,1.0,0.1,ky_scan_kx,0.30864197530864196,1,0.5001531547255962
E,1.0,0.1,ky_scan_kx,0.30864197530864196,2,0.7219632973478561
E,1.0,0.1,ky_scan_kx,0.30864197530864196,3,0.9432747891204053
E,1.0,0.1,ky_scan_kx,0.32098765432098764,0,0.3388515880251313
E,1.0,0.1,ky_scan_kx,0.32098765432098764,1,0.3937495732178607
E,1.0,0.1,ky_scan_kx,0.32098765432098764,2,0.6514669410532368
E,1.0,0.1,ky_scan_kx,0.32098765432098764,3,0.7193270540426957
E,1.0,0.1,ky_scan_kx,0.3333333333333333,0,0.2659442775127767
E,1.0,0.1,ky_scan_kx,0.3333333333333333,1,0.4475093920780549
E,1.0,0.1,ky_scan_kx,0.3333333333333333,2,0.5313045827314963
E,1.0,0.1,ky_scan_kx,0.3333333333333333,3,0.7861811891185876
E,1.0,0.1,ky_scan_kx,0.345679012345679,0,0.04080757467372517
E,1.0,0.1,ky_scan_kx,0.345679012345679,1,0.26461905325799306
E,1.0,0.1,ky_scan_kx,0.345679012345679,2,0.31929769507439
E,1.0,0.1,ky_scan_kx,0.345679012345679,3,0.7439682714250648
E,1.0,0.1,ky_scan_kx,0.35802469135802467,0,0.042124390066907234
E,1.0,0.1,ky_scan_kx,0.35802469135802467,1,0.30083830459721883
E,1.0,0.1,ky_scan_kx,0.35802469135802467,2,0.5786083864381861
E,1.0,0.1,ky_scan_kx,0.35802469135802467,3,0.9358530572932349
E,1.0,0.1,ky_scan_kx,0.37037037037037035,0,0.1703631326368573
E,1.0,0.1,ky_scan_kx,0.37037037037037035,1,0.258522010370445
E,1.0,0.1,ky_scan_kx,0.37037037037037035,2,0.7080704371112532
E,1.0,0.1,ky_scan_kx,0.37037037037037035,3,0.8056481012842681
E,1.0,0.1,ky_scan_kx,0.38271604938271603,0,0.11280421643408228
E,1.0,0.1,ky_scan_kx,0.38271604938271603,1,0.23572752380275683
E,1.0,0.1,ky_scan_kx,0.38271604938271603,2,0.5897153367760931
E,1.0,0.1,ky_scan_kx,0.38271604938271603,3,0.9333379565001999
E,1.0,0.1,ky_scan_kx,0.3950617283950617,0,0.041918196759317655
E,1.0,0.1,ky_scan_kx,0.3950617283950617,1,0.2113142789629045
E,1.0,0.1,ky_scan_kx,0.3950617283950617,2,0.435668329959309
E,1.0,0.1,ky_scan_kx,0.3950617283950617,3,0.48245866111325736
E,1.0,0.1,ky_scan_kx,0.4074074074074074,0,0.0679629367055013
E,1.0,0.1,ky_scan_kx,0.4074074074074074,1,0.11184225025848442
E,1.0,0.1,ky_scan_kx,0.4074074074074074,2,0.5331035473185136
E,1.0,0.1,ky_scan_kx,0.4074074074074074,3,0.8891688831915489
E,1.0,0.1,ky_scan_kx,0.41975308641975306,0,0.2547322364969373
E,1.0,0.1,ky_scan_kx,0.41975308641975306,1,0.28623418887130836
E,1.0,0.1,ky_scan_kx,0.41975308641975306,2,0.5928175700816891
E,1.0,0.1,ky_scan_kx,0.41975308641975306,3,0.7279332378561525
E,1.0,0.1,ky_scan_kx,0.43209876543209874,0,0.1260504813820743
E,1.0,0.1,ky_scan_kx,0.43209876543209874,1,0.47576013852926163
E,1.0,0.1,ky_scan_kx,0.43209876543209874,2,0.5334009979506819
E,1.0,0.1,ky_scan_kx,0.43209876543209874,3,0.9965669405138997
E,1.0,0.1,ky_scan_kx,0.4444444444444444,0,0.21969985167289607
E,1.0,0.1,ky_scan_kx,0.4444444444444444,1,0.3869349136336553
E,1.0,0.1,ky_scan_kx,0.4444444444444444,2,0.5597587948174999
E,1.0,0.1,ky_scan_kx,0.4444444444444444,3,0.8829408484417386
E,1.0,0.1,ky_scan_kx,0.4567901234567901,0,0.11861066588620431
E,1.0,0.1,ky_scan_kx,0.4567901234567901,1,0.231105670779031
E,1.0,0.1,ky_scan_kx,0.4567901234567901,2,0.6053751966745975
E,1.0,0.1,ky_scan_kx,0.4567901234567901,3,0.6583416632519379
E,1.0,0.1,ky_scan_kx,0.4691358024691358,0,0.08108511072547998
E,1.0,0.1,ky_scan_kx,0.4691358024691358,1,0.32714000041538666
E,1.0,0.1,ky_scan_kx,0.4691358024691358,2,0.6242661199832646
E,1.0,0.1,ky_scan_kx,0.4691358024691358,3,0.8623360404686113
E,1.0,0.1,ky_scan_kx,0.48148148148148145,0,0.05111395332362075
E,1.0,0.1,ky_scan_kx,0.48148148148148145,1,0.20311726698915658
E,1.0,0.1,ky_scan_kx,0.48148148148148145,2,0.46548591066921075
E,1.0,0.1,ky_scan_kx,0.48148148148148145,3,0.608561476806308
E,1.0,0.1,ky_scan_kx,0.49382716049382713,0,0.03161623863483953
E,1.0,0.1,ky_scan_kx,0.49382716049382713,1,0.10046378732605886
E,1.0,0.1,ky_scan_kx,0.49382716049382713,2,0.3576336511242705
E,1.0,0.1,ky_scan_kx,0.49382716049382713,3,0.6832795130343094
E,1.0,0.1,ky_scan_kx,0.5061728395061729,0,0.027776092430110966
E,1.0,0.1,ky_scan_kx,0.5061728395061729,1,0.26323498131148915
E,1.0,0.1,ky_scan_kx,0.5061728395061729,2,0.6185628572805351
E,1.0,0.1,ky_scan_kx,0.5061728395061729,3,0.9290688576595725
E,1.0,0.1,ky_scan_kx,0.5185185185185185,0,0.10318410974786626
E,1.0,0.1,ky_scan_kx,0.5185185185185185,1,0.4735073192850778
E,1.0,0.1,ky_scan_kx,0.5185185185185185,2,0.819498399246299
E,1.0,0.1,ky_scan_kx,0.5185185185185185,3,0.9157383212220731
E,1.0,0.1,ky_scan_kx,0.5308641975308641,0,0.028999035426957
E,1.0,0.1,ky_scan_kx,0.5308641975308641,1,0.21185494685021766
E,1.0,0.1,ky_scan_kx,0.5308641975308641,2,0.5498319894717392
E,1.0,0.1,ky_scan_kx,0.5308641975308641,3,0.7814391279131132
E,1.0,0.1,ky_scan_kx,0.5432098765432098,0,0.3378454722351487
E,1.0,0.1,ky_scan_kx,0.5432098765432098,1,0.5406053936994019
E,1.0,0.1,ky_scan_kx,0.5432098765432098,2,0.7023615231246161
E,1.0,0.1,ky_scan_kx,0.5432098765432098,3,0.8666059327781022
E,1.0,0.1,ky_scan_kx,0.5555555555555556,0,0.1371050734668254
E,1.0,0.1,ky_scan_kx,0.5555555555555556,1,0.4398596709551433
E,1.0,0.1,ky_scan_kx,0.5555555555555556,2,0.6643640826448038
E,1.0,0.1,ky_scan_kx,0.5555555555555556,3,0.8032854702684435
E,1.0,0.1,ky_scan_kx,0.5679012345679012,0,0.10013141119753645
E,1.0,0.1,ky_scan_kx,0.5679012345679012,1,0.20303111086030426
E,1.0,0.1,ky_scan_kx,0.5679012345679012,2,0.5509261838671207
E,1.0,0.1,ky_scan_kx,0.5679012345679012,3,0.6527055181769448
E,1.0,0.1,ky_scan_kx,0.5802469135802468,0,0.5331132912425609
E,1.0,0.1,ky_scan_kx,0.5802469135802468,1,0.6504477825371083
E,1.0,0.1,ky_scan_kx,0.5802469135802468,2,0.8564497216355456
E,1.0,0.1,ky_scan_kx,0.5802469135802468,3,0.966656065968632
E,1.0,0.1,ky_scan_kx,0.5925925925925926,0,0.03739083019726933
E,1.0,0.1,ky_scan_kx,0.5925925925925926,1,0.2556476046719085
E,1.0,0.1,ky_scan_kx,0.5925925925925926,2,0.5206875436380805
E,1.0,0.1,ky_scan_kx,0.5925925925925926,3,0.8001089079475576
E,1.0,0.1,ky_scan_kx,0.6049382716049383,0,0.17978834353042134
E,1.0,0.1,ky_scan_kx,0.6049382716049383,1,0.33603098395114717
E,1.0,0.1,ky_scan_kx,0.6049382716049383,2,0.8183494752753164
E,1.0,0.1,ky_scan_kx,0.6049382716049383,3,0.9835079293266707
E,1.0,0.1,ky_scan_kx,0.6172839506172839,0,0.06820896550011041
E,1.0,0.1,ky_scan_kx,0.6172839506172839,1,0.1557840633128364
E,1.0,0.1,ky_scan_kx,0.6172839506172839,2,0.6559179629380878
E,1.0,0.1,ky_scan_kx,0.6172839506172839,3,0.7717629709238374
E,1.0,0.1,ky_scan_kx,0.6296296296296295,0,0.0700308867317309
E,1.0,0.1,ky_scan_kx,0.6296296296296295,1,0.4296971421899022
E,1.0,0.1,ky_scan_kx,0.6296296296296295,2,0.5588428740697258
E,1.0,0.1,ky_scan_kx,0.6296296296296295,3,0.9163537239596085
E,1.0,0.1,ky_scan_kx,0.6419753086419753,0,0.2418356923379071
E,1.0,0.1,ky_scan_kx,0.6419753086419753,1,0.4019985199506408
E,1.0,0.1,ky_scan_kx,0.6419753086419753,2,0.7699891799873975
E,1.0,0.1,ky_scan_kx,0.6419753086419753,3,0.8911470338145575
E,1.0,0.1,ky_scan_kx,0.654320987654321,0,0.16630424294764373
E,1.0,0.1,ky_scan_kx,0.654320987654321,1,0.5075764763832749
E,1.0,0.1,ky_scan_kx,0.654320987654321,2,0.6729734907989551
E,1.0,0.1,ky_scan_kx,0.654320987654321,3,0.7217257142108351
E,1.0,0.1,ky_scan_kx,0.6666666666666666,0,0.08350356770717039
E,1.0,0.1,ky_scan_kx,0.6666666666666666,1,0.4102045896377867
E,1.0,0.1,ky_scan_kx,0.6666666666666666,2,0.6633446627956165
E,1.0,0.1,ky_scan_kx,0.6666666666666666,3,0.9446921135420505
E,1.0,0.1,ky_scan_kx,0.6790123456790123,0,0.008529659212858082
E,1.0,0.1,ky_scan_kx,0.6790123456790123,1,0.4893454302743339
E,1.0,0.1,ky_scan_kx,0.6790123456790123,2,0.6241618553976407
E,1.0,0.1,ky_scan_kx,0.6790123456790123,3,0.8864858300735493
E,1.0,0.1,ky_scan_kx,0.691358024691358,0,0.29068070965874426
E,1.0,0.1,ky_scan_kx,0.691358024691358,1,0.6535418378202411
E,1.0,0.1,ky_scan_kx,0.691358024691358,2,0.7862467991226971
E,1.0,0.1,ky_scan_kx,0.691358024691358,3,0.983140147108327
E,1.0,0.1,ky_scan_kx,0.7037037037037037,0,0.338367441071188
E,1.0,0.1,ky_scan_kx,0.7037037037037037,1,0.6903456413035866
E,1.0,0.1,ky_scan_kx,0.7037037037037037,2,0.785429207083367
E,1.0,0.1,ky_scan_kx,0.7037037037037037,3,0.8898153955641599
E,1.0,0.1,ky_scan_kx,0.7160493827160493,0,0.19952755770677644
E,1.0,0.1,ky_scan_kx,0.7160493827160493,1,0.6180457313781784
E,1.0,0.1,ky_scan_kx,0.7160493827160493,2,0.6594027398470699
E,1.0,0.1,ky_scan_kx,0.7160493827160493,3,0.8987122740646529
E,1.0,0.1,ky_scan_kx,0.728395061728395,0,0.12077339816219046
E,1.0,0.1,ky_scan_kx,0.728395061728395,1,0.22615327311937977
E,1.0,0.1,ky_scan_kx,0.728395061728395,2,0.41387956244640955
E,1.0,0.1,ky_scan_kx,0.728395061728395,3,0.8728886712307499
E,1.0,0.1,ky_scan_kx,0.7407407407407407,0,0.18707772560181601
E,1.0,0.1,ky_scan_kx,0.7407407407407407,1,0.3304963146825995
E,1.0,0.1,ky_scan_kx,0.7407407407407407,2,0.3998274324494545
E,1.0,0.1,ky_scan_kx,0.7407407407407407,3,0.9878602760366947
E,1.0,0.1,ky_scan_kx,0.7530864197530864,0,0.1564765211030868
E,1.0,0.1,ky_scan_kx,0.7530864197530864,1,0.22802607926640991
E,1.0,0.1,ky_scan_kx,0.7530864197530864,2,0.5565427033892627
E,1.0,0.1,ky_scan_kx,0.7530864197530864,3,0.8633665801115367
E,1.0,0.1,ky_scan_kx,0.7654320987654321,0,0.19447723824462562
E,1.0,0.1,ky_scan_kx,0.7654320987654321,1,0.3243173067972577
E,1.0,0.1,ky_scan_kx,0.7654320987654321,2,0.49677639807326857
E,1.0,0.1,ky_scan_kx,0.7654320987654321,3,0.884004446651506
E,1.0,0.1,ky_scan_kx,0.7777777777777777,0,0.22439611568703402
E,1.0,0.1,ky_scan_kx,0.7777777777777777,1,0.26972741712386744
E,1.0,0.1,ky_scan_kx,0.7777777777777777,2,0.6796082190296617
E,1.0,0.1,ky_scan_kx,0.7777777777777777,3,0.841558169715292
E,1.0,0.1,ky_scan_kx,0.7901234567901234,0,0.0929458005037364
E,1.0,0.1,ky_scan_kx,0.7901234567901234,1,0.17287131253338767
E,1.0,0.1,ky_scan_kx,0.7901234567901234,2,0.2726904628047056
E,1.0,0.1,ky_scan_kx,0.7901234567901234,3,0.5769756986054
E,1.0,0.1,ky_scan_kx,0.8024691358024691,0,0.15823738331020892
E,1.0,0.1,ky_scan_kx,0.8024691358024691,1,0.26545554427057616
E,1.0,0.1,ky_scan_kx,0.8024691358024691,2,0.6289786428938255
E,1.0,0.1,ky_scan_kx,0.8024691358024691,3,0.6817317476542293
E,1.0,0.1,ky_scan_kx,0.8148148148148148,0,0.356062302203606
E,1.0,0.1,ky_scan_kx,0.8148148148148148,1,0.4125667534372425
E,1.0,0.1,ky_scan_kx,0.8148148148148148,2,0.843544154016069
E,1.0,0.1,ky_scan_kx,0.8148148148148148,3,0.8921399585963294
E,1.0,0.1,ky_scan_kx,0.8271604938271604,0,0.10973014760295065
E,1.0,0.1,ky_scan_kx,0.8271604938271604,1,0.20538124492006146
E,1.0,0.1,ky_scan_kx,0.8271604938271604,2,0.4469674389904735
E,1.0,0.1,ky_scan_kx,0.8271604938271604,3,0.844918551427539
E,1.0,0.1,ky_scan_kx,0.8395061728395061,0,0.21388606251136968
E,1.0,0.1,ky_scan_kx,0.8395061728395061,1,0.22948995210044437
E,1.0,0.1,ky_scan_kx,0.8395061728395061,2,0.5779865635916905
E,1.0,0.1,ky_scan_kx,0.8395061728395061,3,0.770665473378249
E,1.0,0.1,ky_scan_kx,0.8518518518518519,0,0.03631024687093136
E,1.0,0.1,ky_scan_kx,0.8518518518518519,1,0.2950394301713604
E,1.0,0.1,ky_scan_kx,0.8518518518518519,2,0.5662167403822145
E,1.0,0.1,ky_scan_kx,0.8518518518518519,3,0.9694835297225235
E,1.0,0.1,ky_scan_kx,0.8641975308641975,0,0.14548818918087764
E,1.0,0.1,ky_scan_kx,0.8641975308641975,1,0.2287497226759967
E,1.0,0.1,ky_scan_kx,0.8641975308641975,2,0.721904076025625
E,1.0,0.1,ky_scan_kx,0.8641975308641975,3,0.91811174917041
E,1.0,0.1,ky_scan_kx,0.8765432098765431,0,0.20760476863692548
E,1.0,0.1,ky_scan_kx,0.8765432098765431,1,0.2565667021841755
E,1.0,0.1,ky_scan_kx,0.8765432098765431,2,0.8057129160599549
E,1.0,0.1,ky_scan_kx,0.8765432098765431,3,0.8672315508826678
E,1.0,0.1,ky_scan_kx,0.8888888888888888,0,0.03808451399168203
E,1.0,0.1,ky_scan_kx,0.8888888888888888,1,0.5880892972754137
E,1.0,0.1,ky_scan_kx,0.8888888888888888,2,0.704674813024563
E,1.0,0.1,ky_scan_kx,0.8888888888888888,3,0.9642683107794681
E,1.0,0.1,ky_scan_kx,0.9012345679012346,0,0.5636168238094517
E,1.0,0.1,ky_scan_kx,0.9012345679012346,1,0.6421500634350816
E,1.0,0.1,ky_scan_kx,0.9012345679012346,2,0.7997693594229812
E,1.0,0.1,ky_scan_kx,0.9012345679012346,3,0.8215446474498116
E,1.0,0.1,ky_scan_kx,0.9135802469135802,0,0.31463406415992823
E,1.0,0.1,ky_scan_kx,0.9135802469135802,1,0.408683253763303
E,1.0,0.1,ky_scan_kx,0.9135802469135802,2,0.585272879474399
E,1.0,0.1,ky_scan_kx,0.9135802469135802,3,0.6851311800805948
E,1.0,0.1,ky_scan_kx,0.9259259259259258,0,0.0685330424961675
E,1.0,0.1,ky_scan_kx,0.9259259259259258,1,0.20687858314920482
E,1.0,0.1,ky_scan_kx,0.9259259259259258,2,0.8446129347987522
E,1.0,0.1,ky_scan_kx,0.9259259259259258,3,0.9306772304185655
E,1.0,0.1,ky_scan_kx,0.9382716049382716,0,0.30942288972381227
E,1.0,0.1,ky_scan_kx,0.9382716049382716,1,0.3708671547239694
E,1.0,0.1,ky_scan_kx,0.9382716049382716,2,0.6365669982922277
E,1.0,0.1,ky_scan_kx,0.9382716049382716,3,0.9855479535876157
E,1.0,0.1,ky_scan_kx,0.9506172839506173,0,0.15281307087504525
E,1.0,0.1,ky_scan_kx,0.9506172839506173,1,0.20483232109032332
E,1.0,0.1,ky_scan_kx,0.9506172839506173,2,0.3653150602955137
E,1.0,0.1,ky_scan_kx,0.9506172839506173,3,0.9343101520241814
E,1.0,0.1,ky_scan_kx,0.9629629629629629,0,0.2570436718956035
E,1.0,0.1,ky_scan_kx,0.9629629629629629,1,0.5137603097952065
E,1.0,0.1,ky_scan_kx,0.9629629629629629,2,0.8041077579428408
E,1.0,0.1,ky_scan_kx,0.9629629629629629,3,0.8786034378741566
E,1.0,0.1,ky_scan_kx,0.9753086419753085,0,0.1306046144509271
E,1.0,0.1,ky_scan_kx,0.9753086419753085,1,0.17173389628288374
E,1.0,0.1,ky_scan_kx,0.9753086419753085,2,0.5103662183707572
E,1.0,0.1,ky_scan_kx,0.9753086419753085,3,0.76319213334239
E,1.0,0.1,ky_scan_kx,0.9876543209876543,0,0.23283702948859095
E,1.0,0.1,ky_scan_kx,0.9876543209876543,1,0.3122037484759127
E,1.0,0.1,ky_scan_kx,0.9876543209876543,2,0.7374858862843539
E,1.0,0.1,ky_scan_kx,0.9876543209876543,3,0.7593435426409195
E,1.0,0.1,kx_scan_ky,0.0,0,0.04413516016338291
E,1.0,0.1,kx_scan_ky,0.0,1,0.31719699461019973
E,1.0,0.1,kx_scan_ky,0.0,2,0.4511706639213904
E,1.0,0.1,kx_scan_ky,0.0,3,0.5388619120735563
E,1.0,0.1,kx_scan_ky,0.012345679012345678,0,0.1812424241260399
E,1.0,0.1,kx_scan_ky,0.012345679012345678,1,0.2518774937108299
E,1.0,0.1,kx_scan_ky,0.012345679012345678,2,0.7097200907521197
E,1.0,0.1,kx_scan_ky,0.012345679012345678,3,0.9735873418778197
E,1.0,0.1,kx_scan_ky,0.024691358024691357,0,0.31043509537784175
E,1.0,0.1,kx_scan_ky,0.024691358024691357,1,0.37834274161467035
E,1.0,0.1,kx_scan_ky,0.024691358024691357,2,0.6846452765056432
E,1.0,0.1,kx_scan_ky,0.024691358024691357,3,0.7404344305797947
E,1.0,0.1,kx_scan_ky,0.037037037037037035,0,0.21343796917880245
E,1.0,0.1,kx_scan_ky,0.037037037037037035,1,0.3703034694965818
E,1.0,0.1,kx_scan_ky,0.037037037037037035,2,0.8069552656837161
E,1.0,0.1,kx_scan_ky,0.037037037037037035,3,0.9076466642141786
E,1.0,0.1,kx_scan_ky,0.04938271604938271,0,0.014498454157556054
E,1.0,0.1,kx_scan_ky,0.04938271604938271,1,0.12026301711789586
E,1.0,0.1,kx_scan_ky,0.04938271604938271,2,0.4940322839577889
E,1.0,0.1,kx_scan_ky,0.04938271604938271,3,0.8512233250354283
E,1.0,0.1,kx_scan_ky,0.06172839506172839,0,0.24618955815377816
E,1.0,0.1,kx_scan_ky,0.06172839506172839,1,0.2852071831210573
E,1.0,0.1,kx_scan_ky,0.06172839506172839,2,0.6201070776596747
E,1.0,0.1,kx_scan_ky,0.06172839506172839,3,0.8474306665706182
E,1.0,0.1,kx_scan_ky,0.07407407407407407,0,0.2519194703570314
E,1.0,0.1,kx_scan_ky,0.07407407407407407,1,0.6257628532808879
E,1.0,0.1,kx_scan_ky,0.07407407407407407,2,0.6621871034780326
E,1.0,0.1,kx_scan_ky,0.07407407407407407,3,0.8782837928693306
E,1.0,0.1,kx_scan_ky,0.08641975308641975,0,0.14875425442691528
E,1.0,0.1,kx_scan_ky,0.08641975308641975,1,0.26307180790533596
E,1.0,0.1,kx_scan_ky,0.08641975308641975,2,0.7416161533654628
E,1.0,0.1,kx_scan_ky,0.08641975308641975,3,0.859651820512017
E,1.0,0.1,kx_scan_ky,0.09876543209876543,0,0.2002279942777423
E,1.0,0.1,kx_scan_ky,0.09876543209876543,1,0.26556043863547313
E,1.0,0.1,kx_scan_ky,0.09876543209876543,2,0.6873032471062018
E,1.0,0.1,kx_scan_ky,0.09876543209876543,3,0.8925933457287877
E,1.0,0.1,kx_scan_ky,0.1111111111111111,0,0.09542737666056542
E,1.0,0.1,kx_scan_ky,0.1111111111111111,1,0.21924715603736797
E,1.0,0.1,kx_scan_ky,0.1111111111111111,2,0.34053650087506676
E,1.0,0.1,kx_scan_ky,0.1111111111111111,3,0.7414132916581528
E,1.0,0.1,kx_scan_ky,0.12345679012345678,0,0.027857431924298574
E,1.0,0.1,kx_scan_ky,0.12345679012345678,1,0.6526339014094261
E,1.0,0.1,kx_scan_ky,0.12345679012345678,2,0.7330258820347156
E,1.0,0.1,kx_scan_ky,0.12345679012345678,3,0.8947591818366728
E,1.0,0.1,kx_scan_ky,0.13580246913580246,0,0.20849197897329236
E,1.0,0.1,kx_scan_ky,0.13580246913580246,1,0.2889492388816827
E,1.0,0.1,kx_scan_ky,0.13580246913580246,2,0.8210706940400568
E,1.0,0.1,kx_scan_ky,0.13580246913580246,3,0.8452662923755756
E,1.0,0.1,kx_scan_ky,0.14814814814814814,0,0.2082290452416473
E,1.0,0.1,kx_scan_ky,0.14814814814814814,1,0.2973049978482315
E,1.0,0.1,kx_scan_ky,0.14814814814814814,2,0.8287097837045364
E,1.0,0.1,kx_scan_ky,0.14814814814814814,3,0.895313769616329
E,1.0,0.1,kx_scan_ky,0.16049382716049382,0,0.03495884374728665
E,1.0,0.1,kx_scan_ky,0.16049382716049382,1,0.11653925216910249
E,1.0,0.1,kx_scan_ky,0.16049382716049382,2,0.41963078165917145
E,1.0,0.1,kx_scan_ky,0.16049382716049382,3,0.4465287396149415
E,1.0,0.1,kx_scan_ky,0.1728395061728395,0,0.18231735792508594
E,1.0,0.1,kx_scan_ky,0.1728395061728395,1,0.2346626020633974
E,1.0,0.1,kx_scan_ky,0.1728395061728395,2,0.6118080453763726
E,1.0,0.1,kx_scan_ky,0.1728395061728395,3,0.6872644218426798
E,1.0,0.1,kx_scan_ky,0.18518518518518517,0,0.06862493415399401
E,1.0,0.1,kx_scan_ky,0.18518518518518517,1,0.33917918885153026
E,1.0,0.1,kx_scan_ky,0.18518518518518517,2,0.40811556402687443
E,1.0,0.1,kx_scan_ky,0.18518518518518517,3,0.7556235527104258
E,1.0,0.1,kx_scan_ky,0.19753086419753085,0,0.006359595234364078
E,1.0,0.1,kx_scan_ky,0.19753086419753085,1,0.11522929559398051
E,1.0,0.1,kx_scan_ky,0.19753086419753085,2,0.42392552427001984
E,1.0,0.1,kx_scan_ky,0.19753086419753085,3,0.45803059335200547
E,1.0,0.1,kx_scan_ky,0.20987654320987653,0,0.06464362982336408
E,1.0,0.1,kx_scan_ky,0.20987654320987653,1,0.16812014076628085
E,1.0,0.1,kx_scan_ky,0.20987654320987653,2,0.8440286506306882
E,1.0,0.1,kx_scan_ky,0.20987654320987653,3,0.895960119243288
E,1.0,0.1,kx_scan_ky,0.2222222222222222,0,0.01849482978622603
E,1.0,0.1,kx_scan_ky,0.2222222222222222,1,0.0808121524567408
E,1.0,0.1,kx_scan_ky,0.2222222222222222,2,0.3810459859421721
E,1.0,0.1,kx_scan_ky,0.2222222222222222,3,0.473822567798272
E,1.0,0.1,kx_scan_ky,0.2345679012345679,0,0.13367924674068893
E,1.0,0.1,kx_scan_ky,0.2345679012345679,1,0.4056309726272341
E,1.0,0.1,kx_scan_ky,0.2345679012345679,2,0.5498598210587833
E,1.0,0.1,kx_scan_ky,0.2345679012345679,3,0.6003816567505857
E,1.0,0.1,kx_scan_ky,0.24691358024691357,0,0.09018914264832804
E,1.0,0.1,kx_scan_ky,0.24691358024691357,1,0.4210583637314708
E,1.0,0.1,kx_scan_ky,0.24691358024691357,2,0.4931276624409283
E,1.0,0.1,kx_scan_ky,0.24691358024691357,3,0.8228675038297246
E,1.0,0.1,kx_scan_ky,0.25925925925925924,0,0.2904324201976601
E,1.0,0.1,kx_scan_ky,0.25925925925925924,1,0.324276189123719
E,1.0,0.1,kx_scan_ky,0.25925925925925924,2,0.6409555647601778
E,1.0,0.1,kx_scan_ky,0.25925925925925924,3,0.7143973316398406
E,1.0,0.1,kx_scan_ky,0.2716049382716049,0,0.05280103814949563
E,1.0,0.1,kx_scan_ky,0.2716049382716049,1,0.17440951667800025
E,1.0,0.1,kx_scan_ky,0.2716049382716049,2,0.43644986977151234
E,1.0,0.1,kx_scan_ky,0.2716049382716049,3,0.7375048806194462
E,1.0,0.1,kx_scan_ky,0.2839506172839506,0,0.07900922748921857
E,1.0,0.1,kx_scan_ky,0.2839506172839506,1,0.1682522365461287
E,1.0,0.1,kx_scan_ky,0.2839506172839506,2,0.3106914061804228
E,1.0,0.1,kx_scan_ky,0.2839506172839506,3,0.4073410687038494
E,1.0,0.1,kx_scan_ky,0.2962962962962963,0,0.24449882908247222
E,1.0,0.1,kx_scan_ky,0.2962962962962963,1,0.5212423274453515
E,1.0,0.1,kx_scan_ky,0.2962962962962963,2,0.6650839577270451
E,1.0,0.1,kx_scan_ky,0.2962962962962963,3,0.9889949640532598
E,1.0,0.1,kx_scan_ky,0.30864197530864196,0,0.1309653313449221
E,1.0,0.1,kx_scan_ky,0.30864197530864196,1,0.47590448007205643
E,1.0,0.1,kx_scan_ky,0.30864197530864196,2,0.6538487062485949
E,1.0,0.1,kx_scan_ky,0.30864197530864196,3,0.9121552976745348
E,1.0,0.1,kx_scan_ky,0.32098765432098764,0,0.21655032775215804
E,1.0,0.1,kx_scan_ky,0.32098765432098764,1,0.46481971361939844
E,1.0,0.1,kx_scan_ky,0.32098765432098764,2,0.7128248987127308
E,1.0,0.1,kx_scan_ky,0.32098765432098764,3,0.9099913900156659
E,1.0,0.1,kx_scan_ky,0.3333333333333333,0,0.2278458864938542
E,1.0,0.1,kx_scan_ky,0.3333333333333333,1,0.3361537802924471
E,1.0,0.1,kx_scan_ky,0.3333333333333333,2,0.5046916004965727
E,1.0,0.1,kx_scan_ky,0.3333333333333333,3,0.6329721266103436
E,1.0,0.1,kx_scan_ky,0.345679012345679,0,0.14794761666027167
E,1.0,0.1,kx_scan_ky,0.345679012345679,1,0.5176640892157933
E,1.0,0.1,kx_scan_ky,0.345679012345679,2,0.8360540941142008
E,1.0,0.1,kx_scan_ky,0.345679012345679,3,0.9498367163353674
E,1.0,0.1,kx_scan_ky,0.35802469135802467,0,0.06400544661716208
E,1.0,0.1,kx_scan_ky,0.35802469135802467,1,0.4792929361317443
E,1.0,0.1,kx_scan_ky,0.35802469135802467,2,0.6412872127178433
E,1.0,0.1,kx_scan_ky,0.35802469135802467,3,0.9102548120668597
E,1.0,0.1,kx_scan_ky,0.37037037037037035,0,0.2508249474951747
E,1.0,0.1,kx_scan_ky,0.37037037037037035,1,0.4045863937418777
E,1.0,0.1,kx_scan_ky,0.37037037037037035,2,0.8533649392478423
E,1.0,0.1,kx_scan_ky,0.37037037037037035,3,0.9459497830985668
E,1.0,0.1,kx_scan_ky,0.38271604938271603,0,0.08848214542091005
E,1.0,0.1,kx_scan_ky,0.38271604938271603,1,0.5221397656922748
E,1.0,0.1,kx_scan_ky,0.38271604938271603,2,0.8347582267793857
E,1.0,0.1,kx_scan_ky,0.38271604938271603,3,0.8874718099418919
E,1.0,0.1,kx_scan_ky,0.3950617283950617,0,0.15255298455177718
E,1.0,0.1,kx_scan_ky,0.3950617283950617,1,0.18542415444421423
E,1.0,0.1,kx_scan_ky,0.3950617283950617,2,0.7229677141573543
E,1.0,0.1,kx_scan_ky,0.3950617283950617,3,0.842172104519945
E,1.0,0.1,kx_scan_ky,0.4074074074074074,0,0.3008916055957265
E,1.0,0.1,kx_scan_ky,0.4074074074074074,1,0.332147479647064
E,1.0,0.1,kx_scan_ky,0.4074074074074074,2,0.6738708545379177
E,1.0,0.1,kx_scan_ky,0.4074074074074074,3,0.8087759573246719
E,1.0,0.1,kx_scan_ky,0.41975308641975306,0,0.016483742239564732
E,1.0,0.1,kx_scan_ky,0.41975308641975306,1,0.1679640308356913
E,1.0,0.1,kx_scan_ky,0.41975308641975306,2,0.21863236327529836
E,1.0,0.1,kx_scan_ky,0.41975308641975306,3,0.717670435260203
E,1.0,0.1,kx_scan_ky,0.43209876543209874,0,0.11109679433576719
E,1.0,0.1,kx_scan_ky,0.43209876543209874,1,0.3560105440491748
E,1.0,0.1,kx_scan_ky,0.43209876543209874,2,0.49043870326652456
E,1.0,0.1,kx_scan_ky,0.43209876543209874,3,0.605054898462352
E,1.0,0.1,kx_scan_ky,0.4444444444444444,0,0.07366288890229108
E,1.0,0.1,kx_scan_ky,0.4444444444444444,1,0.37808784323369843
E,1.0,0.1,kx_scan_ky,0.4444444444444444,2,0.5497728099888968
E,1.0,0.1,kx_scan_ky,0.4444444444444444,3,0.7580661658092415
E,1.0,0.1,kx_scan_ky,0.4567901234567901,0,0.027532171765036265
E,1.0,0.1,kx_scan_ky,0.4567901234567901,1,0.11145594923034643
E,1.0,0.1,kx_scan_ky,0.4567901234567901,2,0.48002556937789953
E,1.0,0.1,kx_scan_ky,0.4567901234567901,3,0.8290110255669549
E,1.0,0.1,kx_scan_ky,0.4691358024691358,0,0.3556943486836728
E,1.0,0.1,kx_scan_ky,0.4691358024691358,1,0.4802493455021348
E,1.0,0.1,kx_scan_ky,0.4691358024691358,2,0.5123704606487189
E,1.0,0.1,kx_scan_ky,0.4691358024691358,3,0.7789728475658175
E,1.0,0.1,kx_scan_ky,0.48148148148148145,0,0.012147471726693936
E,1.0,0.1,kx_scan_ky,0.48148148148148145,1,0.14548902736746638
E,1.0,0.1,kx_scan_ky,0.48148148148148145,2,0.40625223208058137
E,1.0,0.1,kx_scan_ky,0.48148148148148145,3,0.8215625889024876
E,1.0,0.1,kx_scan_ky,0.49382716049382713,0,0.35758857087527457
E,1.0,0.1,kx_scan_ky,0.49382716049382713,1,0.5205802206527081
E,1.0,0.1,kx_scan_ky,0.49382716049382713,2,0.7355089850920087
E,1.0,0.1,kx_scan_ky,0.49382716049382713,3,0.9147849665762
E,1.0,0.1,kx_scan_ky,0.5061728395061729,0,0.1904678698299583
E,1.0,0.1,kx_scan_ky,0.5061728395061729,1,0.24986986563616428
E,1.0,0.1,kx_scan_ky,0.5061728395061729,2,0.7139583143634552
E,1.0,0.1,kx_scan_ky,0.5061728395061729,3,0.8192014972464787
E,1.0,0.1,kx_scan_ky,0.5185185185185185,0,0.0775415081611677
E,1.0,0.1,kx_scan_ky,0.5185185185185185,1,0.35524107177221953
E,1.0,0.1,kx_scan_ky,0.5185185185185185,2,0.4033860094596718
E,1.0,0.1,kx_scan_ky,0.5185185185185185,3,0.8958909504227481
E,1.0,0.1,kx_scan_ky,0.5308641975308641,0,0.7272057971142867
E,1.0,0.1,kx_scan_ky,0.5308641975308641,1,0.7603682198055424
E,1.0,0.1,kx_scan_ky,0.5308641975308641,2,0.8649629265315342
E,1.0,0.1,kx_scan_ky,0.5308641975308641,3,0.9439422580467843
E,1.0,0.1,kx_scan_ky,0.5432098765432098,0,0.01124817737633635
E,1.0,0.1,kx_scan_ky,0.5432098765432098,1,0.20025607301090306
E,1.0,0.1,kx_scan_ky,0.5432098765432098,2,0.3735426646654874
E,1.0,0.1,kx_scan_ky,0.5432098765432098,3,0.47925516098063436
E,1.0,0.1,kx_scan_ky,0.5555555555555556,0,0.21756616371635612
E,1.0,0.1,kx_scan_ky,0.5555555555555556,1,0.5197567301153352
E,1.0,0.1,kx_scan_ky,0.5555555555555556,2,0.8314047403477365
E,1.0,0.1,kx_scan_ky,0.5555555555555556,3,0.9670118558321513
E,1.0,0.1,kx_scan_ky,0.5679012345679012,0,0.06273922698873419
E,1.0,0.1,kx_scan_ky,0.5679012345679012,1,0.12949651277225685
E,1.0,0.1,kx_scan_ky,0.5679012345679012,2,0.5466099107345288
E,1.0,0.1,kx_scan_ky,0.5679012345679012,3,0.7143832596668427
E,1.0,0.1,kx_scan_ky,0.5802469135802468,0,0.07472315533155686
E,1.0,0.1,kx_scan_ky,0.5802469135802468,1,0.23707945022722435
E,1.0,0.1,kx_scan_ky,0.5802469135802468,2,0.5422379560417914
E,1.0,0.1,kx_scan_ky,0.5802469135802468,3,0.7398831559399892
E,1.0,0.1,kx_scan_ky,0.5925925925925926,0,0.09115444048519183
E,1.0,0.1,kx_scan_ky,0.5925925925925926,1,0.18304963357530993
E,1.0,0.1,kx_scan_ky,0.5925925925925926,2,0.2943962133818962
E,1.0,0.1,kx_scan_ky,0.5925925925925926,3,0.7078783306190072
E,1.0,0.1,kx_scan_ky,0.6049382716049383,0,0.0978785680907361
E,1.0,0.1,kx_scan_ky,0.6049382716049383,1,0.441967726688107
E,1.0,0.1,kx_scan_ky,0.6049382716049383,2,0.6095743875957175
E,1.0,0.1,kx_scan_ky,0.6049382716049383,3,0.6955642591234239
E,1.0,0.1,kx_scan_ky,0.6172839506172839,0,0.2429361507412451
E,1.0,0.1,kx_scan_ky,0.6172839506172839,1,0.5790744216588388
E,1.0,0.1,kx_scan_ky,0.6172839506172839,2,0.7556981795305714
E,1.0,0.1,kx_scan_ky,0.6172839506172839,3,0.9929701500168596
E,1.0,0.1,kx_scan_ky,0.6296296296296295,0,0.19580285123839655
E,1.0,0.1,kx_scan_ky,0.6296296296296295,1,0.41185417703189436
E,1.0,0.1,kx_scan_ky,0.6296296296296295,2,0.6049158898761939
E,1.0,0.1,kx_scan_ky,0.6296296296296295,3,0.7336967062499615
E,1.0,0.1,kx_scan_ky,0.6419753086419753,0,0.07322870830258167
E,1.0,0.1,kx_scan_ky,0.6419753086419753,1,0.43847638460458127
E,1.0,0.1,kx_scan_ky,0.6419753086419753,2,0.5998315194505228
E,1.0,0.1,kx_scan_ky,0.6419753086419753,3,0.8715336830807765
E,1.0,0.1,kx_scan_ky,0.654320987654321,0,0.3037916593100775
E,1.0,0.1,kx_scan_ky,0.654320987654321,1,0.5754668347166696
E,1.0,0.1,kx_scan_ky,0.654320987654321,2,0.916401268031503
E,1.0,0.1,kx_scan_ky,0.654320987654321,3,0.9839601240256048
E,1.0,0.1,kx_scan_ky,0.6666666666666666,0,0.24969439183861203
E,1.0,0.1,kx_scan_ky,0.6666666666666666,1,0.5826112924051161
E,1.0,0.1,kx_scan_ky,0.6666666666666666,2,0.8133192319748622
E,1.0,0.1,kx_scan_ky,0.6666666666666666,3,0.9849713694850893
E,1.0,0.1,kx_scan_ky,0.6790123456790123,0,0.0006725559537627926
E,1.0,0.1,kx_scan_ky,0.6790123456790123,1,0.4578569076499519
E,1.0,0.1,kx_scan_ky,0.6790123456790123,2,0.6707358224902202
E,1.0,0.1,kx_scan_ky,0.6790123456790123,3,0.9537350464764173
E,1.0,0.1,kx_scan_ky,0.691358024691358,0,0.059091485198033415
E,1.0,0.1,kx_scan_ky,0.691358024691358,1,0.4183060357110477
E,1.0,0.1,kx_scan_ky,0.691358024691358,2,0.6076215057036911
E,1.0,0.1,kx_scan_ky,0.691358024691358,3,0.9533568425350338
E,1.0,0.1,kx_scan_ky,0.7037037037037037,0,0.03594340984975036
E,1.0,0.1,kx_scan_ky,0.7037037037037037,1,0.44714113382497883
E,1.0,0.1,kx_scan_ky,0.7037037037037037,2,0.5981454629046818
E,1.0,0.1,kx_scan_ky,0.7037037037037037,3,0.8297777677023708
E,1.0,0.1,kx_scan_ky,0.7160493827160493,0,0.03267572710663147
E,1.0,0.1,kx_scan_ky,0.7160493827160493,1,0.34144125664173974
E,1.0,0.1,kx_scan_ky,0.7160493827160493,2,0.8011961314047903
E,1.0,0.1,kx_scan_ky,0.7160493827160493,3,0.9554659330474027
E,1.0,0.1,kx_scan_ky,0.728395061728395,0,0.23079989349737223
E,1.0,0.1,kx_scan_ky,0.728395061728395,1,0.4961999325645634
E,1.0,0.1,kx_scan_ky,0.728395061728395,2,0.8329858142289253
E,1.0,0.1,kx_scan_ky,0.728395061728395,3,0.97428306184885
E,1.0,0.1,kx_scan_ky,0.7407407407407407,0,0.036905583316320906
E,1.0,0.1,kx_scan_ky,0.7407407407407407,1,0.1332695596212724
E,1.0,0.1,kx_scan_ky,0.7407407407407407,2,0.9058870201668128
E,1.0,0.1,kx_scan_ky,0.7407407407407407,3,0.9566806666733431
E,1.0,0.1,kx_scan_ky,0.7530864197530864,0,0.16030182893792205
E,1.0,0.1,kx_scan_ky,0.7530864197530864,1,0.25395721457792636
E,1.0,0.1,kx_scan_ky,0.7530864197530864,2,0.578753130031088
E,1.0,0.1,kx_scan_ky,0.7530864197530864,3,0.8897392682302554
E,1.0,0.1,kx_scan_ky,0.7654320987654321,0,0.13137945283326255
E,1.0,0.1,kx_scan_ky,0.7654320987654321,1,0.46397827493141963
E,1.0,0.1,kx_scan_ky,0.7654320987654321,2,0.5674989558429533
E,1.0,0.1,kx_scan_ky,0.7654320987654321,3,0.6934865475163549
E,1.0,0.1,kx_scan_ky,0.7777777777777777,0,0.03491566078625929
E,1.0,0.1,kx_scan_ky,0.7777777777777777,1,0.3195226236865825
E,1.0,0.1,kx_scan_ky,0.7777777777777777,2,0.8105423737268521
E,1.0,0.1,kx_scan_ky,0.7777777777777777,3,0.9956915957072462
E,1.0,0.1,kx_scan_ky,0.7901234567901234,0,0.0302492013060437
E,1.0,0.1,kx_scan_ky,0.7901234567901234,1,0.26198423278172883
E,1.0,0.1,kx_scan_ky,0.7901234567901234,2,0.47478567869376065
E,1.0,0.1,kx_scan_ky,0.7901234567901234,3,0.5627788402365912
E,1.0,0.1,kx_scan_ky,0.8024691358024691,0,0.005546042401118436
E,1.0,0.1,kx_scan_ky,0.8024691358024691,1,0.07798747753080021
E,1.0,0.1,kx_scan_ky,0.8024691358024691,2,0.5292843354062078
E,1.0,0.1,kx_scan_ky,0.8024691358024691,3,0.5853352448686242
E,1.0,0.1,kx_scan_ky,0.8148148148148148,0,0.23962315209441448
E,1.0,0.1,kx_scan_ky,0.8148148148148148,1,0.30153277797104555
E,1.0,0.1,kx_scan_ky,0.8148148148148148,2,0.7881817537402127
E,1.0,0.1,kx_scan_ky,0.8148148148148148,3,0.8687747056927567
E,1.0,0.1,kx_scan_ky,0.8271604938271604,0,0.37086828649062425
E,1.0,0.1,kx_scan_ky,0.8271604938271604,1,0.6751469004255916
E,1.0,0.1,kx_scan_ky,0.8271604938271604,2,0.7966807029328791
E,1.0,0.1,kx_scan_ky,0.8271604938271604,3,0.9207780400968466
E,1.0,0.1,kx_scan_ky,0.8395061728395061,0,0.04482882519821594
E,1.0,0.1,kx_scan_ky,0.8395061728395061,1,0.4154424068616966
E,1.0,0.1,kx_scan_ky,0.8395061728395061,2,0.5410964721550269
E,1.0,0.1,kx_scan_ky,0.8395061728395061,3,0.9495392513749638
E,1.0,0.1,kx_scan_ky,0.8518518518518519,0,0.1840632378074048
E,1.0,0.1,kx_scan_ky,0.8518518518518519,1,0.4294558469861756
E,1.0,0.1,kx_scan_ky,0.8518518518518519,2,0.5689390482029426
E,1.0,0.1,kx_scan_ky,0.8518518518518519,3,0.6840580093318901
E,1.0,0.1,kx_scan_ky,0.8641975308641975,0,0.012536811849292031
E,1.0,0.1,kx_scan_ky,0.8641975308641975,1,0.15332885444548952
E,1.0,0.1,kx_scan_ky,0.8641975308641975,2,0.6635937045502505
E,1.0,0.1,kx_scan_ky,0.8641975308641975,3,0.8006966774950899
E,1.0,0.1,kx_scan_ky,0.8765432098765431,0,0.08694772239876901
E,1.0,0.1,kx_scan_ky,0.8765432098765431,1,0.5153176597123852
E,1.0,0.1,kx_scan_ky,0.8765432098765431,2,0.557967256515014
E,1.0,0.1,kx_scan_ky,0.8765432098765431,3,0.7543080342110059
E,1.0,0.1,kx_scan_ky,0.8888888888888888,0,0.0004135824612592776
E,1.0,0.1,kx_scan_ky,0.8888888888888888,1,0.2564079921476172
E,1.0,0.1,kx_scan_ky,0.8888888888888888,2,0.3833454130980993
E,1.0,0.1,kx_scan_ky,0.8888888888888888,3,0.8237525540988009
E,1.0,0.1,kx_scan_ky,0.9012345679012346,0,0.10388856841245345
E,1.0,0.1,kx_scan_ky,0.9012345679012346,1,0.4292528273150417
E,1.0,0.1,kx_scan_ky,0.9012345679012346,2,0.5219654697662641
E,1.0,0.1,kx_scan_ky,0.9012345679012346,3,0.8966203262843385
E,1.0,0.1,kx_scan_ky,0.9135802469135802,0,0.6274735736681583
E,1.0,0.1,kx_scan_ky,0.9135802469135802,1,0.6919046565081939
E,1.0,0.1,kx_scan_ky,0.9135802469135802,2,0.9240019465428471
E,1.0,0.1,kx_scan_ky,0.9135802469135802,3,0.9436556248633782
E,1.0,0.1,kx_scan_ky,0.9259259259259258,0,0.013896770162277104
E,1.0,0.1,kx_scan_ky,0.9259259259259258,1,0.2752329148165693
E,1.0,0.1,kx_scan_ky,0.9259259259259258,2,0.5913352641565892
E,1.0,0.1,kx_scan_ky,0.9259259259259258,3,0.726967856707037
E,1.0,0.1,kx_scan_ky,0.9382716049382716,0,0.0036510530319592686
E,1.0,0.1,kx_scan_ky,0.9382716049382716,1,0.05593898911410993
E,1.0,0.1,kx_scan_ky,0.9382716049382716,2,0.2821994281464583
E,1.0,0.1,kx_scan_ky,0.9382716049382716,3,0.38887040729627786
E,1.0,0.1,kx_scan_ky,0.9506172839506173,0,0.5271370235990026
E,1.0,0.1,kx_scan_ky,0.9506172839506173,1,0.5521952079183027
E,1.0,0.1,kx_scan_ky,0.9506172839506173,2,0.9023824635325793
E,1.0,0.1,kx_scan_ky,0.9506172839506173,3,0.9598528078875509
E,1.0,0.1,kx_scan_ky,0.9629629629629629,0,0.27280245522884267
E,1.0,0.1,kx_scan_ky,0.9629629629629629,1,0.33066221544303914
E,1.0,0.1,kx_scan_ky,0.9629629629629629,2,0.67280704888163
E,1.0,0.1,kx_scan_ky,0.9629629629629629,3,0.7229075701780444
E,1.0,0.1,kx_scan_ky,0.9753086419753085,0,0.6048976624345532
E,1.0,0.1,kx_scan_ky,0.9753086419753085,1,0.7031691933304265
E,1.0,0.1,kx_scan_ky,0.9753086419753085,2,0.7658084078550117
E,1.0,0.1,kx_scan_ky,0.9753086419753085,3,0.8680723084299631
E,1.0,0.1,kx_scan_ky,0.9876543209876543,0,0.19910827579618057
E,1.0,0.1,kx_scan_ky,0.9876543209876543,1,0.34890575720944783
E,1.0,0.1,kx_scan_ky,0.9876543209876543,2,0.8379111269129091
E,1.0,0.1,kx_scan_ky,0.9876543209876543,3,0.9624597473420299
E,1.0,0.1,ky_scan_kx,0.0,0,0.1673242324638789
E,1.0,0.1,ky_scan_kx,0.0,1,0.36557196969006567
E,1.0,0.1,ky_scan_kx,0.0,2,0.6010527025646892
E,1.0,0.1,ky_scan_kx,0.0,3,0.8918306558432363
E,1.0,0.1,ky_scan_kx,0.012345679012345678,0,0.23654530765206205
E,1.0,0.1,ky_scan_kx,0.012345679012345678,1,0.38155286272770134
E,1.0,0.1,ky_scan_kx,0.012345679012345678,2,0.6169955623240171
E,1.0,0.1,ky_scan_kx,0.012345679012345678,3,0.6939792364519849
E,1.0,0.1,ky_scan_kx,0.024691358024691357,0,0.014937724365084616
E,1.0,0.1,ky_scan_kx,0.024691358024691357,1,0.1929688995106632
E,1.0,0.1,ky_scan_kx,0.024691358024691357,2,0.513114171343342
E,1.0,0.1,ky_scan_kx,0.024691358024691357,3,0.7522407799584792
E,1.0,0.1,ky_scan_kx,0.037037037037037035,0,0.1249502354973735
E,1.0,0.1,ky_scan_kx,0.037037037037037035,1,0.38288719983783154
E,1.0,0.1,ky_scan_kx,0.037037037037037035,2,0.52886544472868
E,1.0,0.1,ky_scan_kx,0.037037037037037035,3,0.8880002738382038
E,1.0,0.1,ky_scan_kx,0.04938271604938271,0,0.01840037786317847
E,1.0,0.1,ky_scan_kx,0.04938271604938271,1,0.29238479961320574
E,1.0,0.1,ky_scan_kx,0.04938271604938271,2,0.3169712286157132
E,1.0,0.1,ky_scan_kx,0.04938271604938271,3,0.9388298170991737
E,1.0,0.1,ky_scan_kx,0.06172839506172839,0,0.1312373017198499
E,1.0,0.1,ky_scan_kx,0.06172839506172839,1,0.17122619677112652
E,1.0,0.1,ky_scan_kx,0.06172839506172839,2,0.7286543396511198
E,1.0,0.1,ky_scan_kx,0.06172839506172839,3,0.7940945115677531
E,1.0,0.1,ky_scan_kx,0.07407407407407407,0,0.2358757172407666
E,1.0,0.1,ky_scan_kx,0.07407407407407407,1,0.49713658499329383
E,1.0,0.1,ky_scan_kx,0.07407407407407407,2,0.8758273254901878
E,1.0,0.1,ky_scan_kx,0.07407407407407407,3,0.9231432770359135
E,1.0,0.1,ky_scan_kx,0.08641975308641975,0,0.09397255452781458
E,1.0,0.1,ky_scan_kx,0.08641975308641975,1,0.3863584439474815
E,1.0,0.1,ky_scan_kx,0.08641975308641975,2,0.551910168528198
E,1.0,0.1,ky_scan_kx,0.08641975308641975,3,0.9748617344791887
E,1.0,0.1,ky_scan_kx,0.09876543209876543,0,0.253794327279787
E,1.0,0.1,ky_scan_kx,0.09876543209876543,1,0.3216212749622919
E,1.0,0.1,ky_scan_kx,0.09876543209876543,2,0.709916794875318
E,1.0,0.1,ky_scan_kx,0.09876543209876543,3,0.7288120736716237
E,1.0,0.1,ky_scan_kx,0.1111111111111111,0,0.15443006917689187
E,1.0,0.1,ky_scan_kx,0.1111111111111111,1,0.43274531145040673
E,1.0,0.1,ky_scan_kx,0.1111111111111111,2,0.8664225976580557
E,1.0,0.1,ky_scan_kx,0.1111111111111111,3,0.9681708722843474
E,1.0,0.1,ky_scan_kx,0.12345679012345678,0,0.017125570565824297
E,1.0,0.1,ky_scan_kx,0.12345679012345678,1,0.14835703727968033
E,1.0,0.1,ky_scan_kx,0.12345679012345678,2,0.4691755079986867
E,1.0,0.1,ky_scan_kx,0.12345679012345678,3,0.8838588817582498
E,1.0,0.1,ky_scan_kx,0.13580246913580246,0,0.19472384173051313
E,1.0,0.1,ky_scan_kx,0.13580246913580246,1,0.3094470024398917
E,1.0,0.1,ky_scan_kx,0.13580246913580246,2,0.7609799636065111
E,1.0,0.1,ky_scan_kx,0.13580246913580246,3,0.855470861524706
E,1.0,0.1,ky_scan_kx,0.14814814814814814,0,0.0009572387908196134
E,1.0,0.1,ky_scan_kx,0.14814814814814814,1,0.37024503560398286
E,1.0,0.1,ky_scan_kx,0.14814814814814814,2,0.48195502991060646
E,1.0,0.1,ky_scan_kx,0.14814814814814814,3,0.6544529721808643
E,1.0,0.1,ky_scan_kx,0.16049382716049382,0,0.18090338045682297
E,1.0,0.1,ky_scan_kx,0.16049382716049382,1,0.31981883624465274
E,1.0,0.1,ky_scan_kx,0.16049382716049382,2,0.8867772521526807
E,1.0,0.1,ky_scan_kx,0.16049382716049382,3,0.9086230167924016
E,1.0,0.1,ky_scan_kx,0.1728395061728395,0,0.2723503215269808
E,1.0,0.1,ky_scan_kx,0.1728395061728395,1,0.6177251767201842
E,1.0,0.1,ky_scan_kx,0.1728395061728395,2,0.7865029818826657
E,1.0,0.1,ky_scan_kx,0.1728395061728395,3,0.8673993006921451
E,1.0,0.1,ky_scan_kx,0.18518518518518517,0,0.08727747235289558
E,1.0,0.1,ky_scan_kx,0.18518518518518517,1,0.24400865474976086
E,1.0,0.1,ky_scan_kx,0.18518518518518517,2,0.4379942147575866
E,1.0,0.1,ky_scan_kx,0.18518518518518517,3,0.5648418792257849
E,1.0,0.1,ky_scan_kx,0.19753086419753085,0,0.05686287832218728
E,1.0,0.1,ky_scan_kx,0.19753086419753085,1,0.43334771385374327
E,1.0,0.1,ky_scan_kx,0.19753086419753085,2,0.4981845865952374
E,1.0,0.1,ky_scan_kx,0.19753086419753085,3,0.9687751563573804
E,1.0,0.1,ky_scan_kx,0.20987654320987653,0,0.16243336021518281
E,1.0,0.1,ky_scan_kx,0.20987654320987653,1,0.6493961842666987
E,1.0,0.1,ky_scan_kx,0.20987654320987653,2,0.7015028466638205
E,1.0,0.1,ky_scan_kx,0.20987654320987653,3,0.881914917587486
E,1.0,0.1,ky_scan_kx,0.2222222222222222,0,0.09609612186151285
E,1.0,0.1,ky_scan_kx,0.2222222222222222,1,0.6398456706457765
E,1.0,0.1,ky_scan_kx,0.2222222222222222,2,0.7054246997572509
E,1.0,0.1,ky_scan_kx,0.2222222222222222,3,0.8918095606972721
E,1.0,0.1,ky_scan_kx,0.2345679012345679,0,0.06856762773127316
E,1.0,0.1,ky_scan_kx,0.2345679012345679,1,0.1453088467456788
E,1.0,0.1,ky_scan_kx,0.2345679012345679,2,0.8129731717488571
E,1.0,0.1,ky_scan_kx,0.2345679012345679,3,0.8886374471740488
E,1.0,0.1,ky_scan_kx,0.24691358024691357,0,0.06361611801268842
E,1.0,0.1,ky_scan_kx,0.24691358024691357,1,0.13325511019593128
E,1.0,0.1,ky_scan_kx,0.24691358024691357,2,0.35160259319567955
E,1.0,0.1,ky_scan_kx,0.24691358024691357,3,0.4070570275900614
E,1.0,0.1,ky_scan_kx,0.25925925925925924,0,0.03587866908843543
E,1.0,0.1,ky_scan_kx,0.25925925925925924,1,0.2842610765125219
E,1.0,0.1,ky_scan_kx,0.25925925925925924,2,0.464329982477379
E,1.0,0.1,ky_scan_kx,0.25925925925925924,3,0.6731903817601655
E,1.0,0.1,ky_scan_kx,0.2716049382716049,0,0.007704885032272159
E,1.0,0.1,ky_scan_kx,0.2716049382716049,1,0.2659793339428398
E,1.0,0.1,ky_scan_kx,0.2716049382716049,2,0.4739739707948707
E,1.0,0.1,ky_scan_kx,0.2716049382716049,3,0.7846746418435387
E,1.0,0.1,ky_scan_kx,0.2839506172839506,0,0.11315106188960351
E,1.0,0.1,ky_scan_kx,0.2839506172839506,1,0.5533648155095392
E,1.0,0.1,ky_scan_kx,0.2839506172839506,2,0.8960746164682486
E,1.0,0.1,ky_scan_kx,0.2839506172839506,3,0.9543926244437037
E,1.0,0.1,ky_scan_kx,0.2962962962962963,0,0.028125179151799816
E,1.0,0.1,ky_scan_kx,0.2962962962962963,1,0.11949147569610374
E,1.0,0.1,ky_scan_kx,0.2962962962962963,2,0.41134998486582086
E,1.0,0.1,ky_scan_kx,0.2962962962962963,3,0.4710482335769601
E,1.0,0.1,ky_scan_kx,0.30864197530864196,0,0.3768120589712321
E,1.0,0.1,ky_scan_kx,0.30864197530864196,1,0.5001531547255962
E,1.0,0.1,ky_scan_kx,0.30864197530864196,2,0.7219632973478561
E,1.0,0.1,ky_scan_kx,0.30864197530864196,3,0.9432747891204053
E,1.0,0.1,ky_scan_kx,0.32098765432098764,0,0.3388515880251313
E,1.0,0.1,ky_scan_kx,0.32098765432098764,1,0.3937495732178607
E,1.0,0.1,ky_scan_kx,0.32098765432098764,2,0.6514669410532368
E,1.0,0.1,ky_scan_kx,0.32098765432098764,3,0.7193270540426957
E,1.0,0.1,ky_scan_kx,0.3333333333333333,0,0.2659442775127767
E,1.0,0.1,ky_scan_kx,0.3333333333333333,1,0.4475093920780549
E,1.0,0.1,ky_scan_kx,0.3333333333333333,2,0.5313045827314963
E,1.0,0.1,ky_scan_kx,0.3333333333333333,3,0.7861811891185876
E,1.0,0.1,ky_scan_kx,0.345679012345679,0,0.04080757467372517
E,1.0,0.1,ky_scan_kx,0.345679012345679,1,0.26461905325799306
E,1.0,0.1,ky_scan_kx,0.345679012345679,2,0.31929769507439
E,1.0,0.1,ky_scan_kx,0.345679012345679,3,0.7439682714250648
E,1.0,0.1,ky_scan_kx,0.35802469135802467,0,0.042124390066907234
E,1.0,0.1,ky_scan_kx,0.35802469135802467,1,0.30083830459721883
E,1.0,0.1,ky_scan_kx,0.35802469135802467,2,0.5786083864381861
E,1.0,0.1,ky_scan_kx,0.35802469135802467,3,0.9358530572932349
E,1.0,0.1,ky_scan_kx,0.37037037037037035,0,0.1703631326368573
E,1.0,0.1,ky_scan_kx,0.37037037037037035,1,0.258522010370445
E,1.0,0.1,ky_scan_kx,0.37037037037037035,2,0.7080704371112532
E,1.0,0.1,ky_scan_kx,0.37037037037037035,3,0.8056481012842681
E,1.0,0.1,ky_scan_kx,0.38271604938271603,0,0.11280421643408228
E,1.0,0.1,ky_scan_kx,0.38271604938271603,1,0.23572752380275683
E,1.0,0.1,ky_scan_kx,0.38271604938271603,2,0.5897153367760931
E,1.0,0.1,ky_scan_kx,0.38271604938271603,3,0.9333379565001999
E,1.0,0.1,ky_scan_kx,0.3950617283950617,0,0.041918196759317655
E,1.0,0.1,ky_scan_kx,0.3950617283950617,1,0.2113142789629045
E,1.0,0.1,ky_scan_kx,0.3950617283950617,2,0.435668329959309
E,1.0,0.1,ky_scan_kx,0.3950617283950617,3,0.48245866111325736
E,1.0,0.1,ky_scan_kx,0.4074074074074074,0,0.0679629367055013
E,1.0,0.1,ky_scan_kx,0.4074074074074074,1,0.11184225025848442
E,1.0,0.1,ky_scan_kx,0.4074074074074074,2,0.5331035473185136
E,1.0,0.1,ky_scan_kx,0.4074074074074074,3,0.8891688831915489
E,1.0,0.1,ky_scan_kx,0.41975308641975306,0,0.2547322364969373
E,1.0,0.1,ky_scan_kx,0.41975308641975306,1,0.28623418887130836
E,1.0,0.1,ky_scan_kx,0.41975308641975306,2,0.5928175700816891
E,1.0,0.1,ky_scan_kx,0.41975308641975306,3,0.7279332378561525
E,1.0,0.1,ky_scan_kx,0.43209876543209874,0,0.1260504813820743
E,1.0,0.1,ky_scan_kx,0.43209876543209874,1,0.47576013852926163
E,1.0,0.1,ky_scan_kx,0.43209876543209874,2,0.5334009979506819
E,1.0,0.1,ky_scan_kx,0.43209876543209874,3,0.9965669405138997
E,1.0,0.1,ky_scan_kx,0.4444444444444444,0,0.21969985167289607
E,1.0,0.1,ky_scan_kx,0.4444444444444444,1,0.3869349136336553
E,1.0,0.1,ky_scan_kx,0.4444444444444444,2,0.5597587948174999
E,1.0,0.1,ky_scan_kx,0.4444444444444444,3,0.8829408484417386
E,1.0,0.1,ky_scan_kx,0.4567901234567901,0,0.11861066588620431
E,1.0,0.1,ky_scan_kx,0.4567901234567901,1,0.231105670779031
E,1.0,0.1,ky_scan_kx,0.4567901234567901,2,0.6053751966745975
E,1.0,0.1,ky_scan_kx,0.4567901234567901,3,0.6583416632519379
E,1.0,0.1,ky_scan_kx,0.4691358024691358,0,0.08108511072547998
E,1.0,0.1,ky_scan_kx,0.4691358024691358,1,0.32714000041538666
E,1.0,0.1,ky_scan_kx,0.4691358024691358,2,0.6242661199832646
E,1.0,0.1,ky_scan_kx,0.4691358024691358,3,0.8623360404686113
E,1.0,0.1,ky_scan_kx,0.48148148148148145,0,0.05111395332362075
E,1.0,0.1,ky_scan_kx,0.48148148148148145,1,0.20311726698915658
E,1.0,0.1,ky_scan_kx,0.48148148148148145,2,0.46548591066921075
E,1.0,0.1,ky_scan_kx,0.48148148148148145,3,0.608561476806308
E,1.0,0.1,ky_scan_kx,0.49382716049382713,0,0.03161623863483953
E,1.0,0.1,ky_scan_kx,0.49382716049382713,1,0.10046378732605886
E,1.0,0.1,ky_scan_kx,0.49382716049382713,2,0.3576336511242705
E,1.0,0.1,ky_scan_kx,0.49382716049382713,3,0.6832795130343094
E,1.0,0.1,ky_scan_kx,0.5061728395061729,0,0.027776092430110966
E,1.0,0.1,ky_scan_kx,0.5061728395061729,1,0.26323498131148915
E,1.0,0.1,ky_scan_kx,0.5061728395061729,2,0.6185628572805351
E,1.0,0.1,ky_scan_kx,0.5061728395061729,3,0.9290688576595725
E,1.0,0.1,ky_scan_kx,0.5185185185185185,0,0.10318410974786626
E,1.0,0.1,ky_scan_kx,0.5185185185185185,1,0.4735073192850778
E,1.0,0.1,ky_scan_kx,0.5185185185185185,2,0.819498399246299
E,1.0,0.1,ky_scan_kx,0.5185185185185185,3,0.9157383212220731
E,1.0,0.1,ky_scan_kx,0.5308641975308641,0,0.028999035426957
E,1.0,0.1,ky_scan_kx,0.5308641975308641,1,0.21185494685021766
E,1.0,0.1,ky_scan_kx,0.5308641975308641,2,0.5498319894717392
E,1.0,0.1,ky_scan_kx,0.5308641975308641,3,0.7814391279131132
E,1.0,0.1,ky_scan_kx,0.5432098765432098,0,0.3378454722351487
E,1.0,0.1,ky_scan_kx,0.5432098765432098,1,0.5406053936994019
E,1.0,0.1,ky_scan_kx,0.5432098765432098,2,0.7023615231246161
E,1.0,0.1,ky_scan_kx,0.5432098765432098,3,0.8666059327781022
E,1.0,0.1,ky_scan_kx,0.5555555555555556,0,0.1371050734668254
E,1.0,0.1,ky_scan_kx,0.5555555555555556,1,0.4398596709551433
E,1.0,0.1,ky_scan_kx,0.5555555555555556,2,0.6643640826448038
E,1.0,0.1,ky_scan_kx,0.5555555555555556,3,0.8032854702684435
E,1.0,0.1,ky_scan_kx,0.5679012345679012,0,0.10013141119753645
E,1.0,0.1,ky_scan_kx,0.5679012345679012,1,0.20303111086030426
E,1.0,0.1,ky_scan_kx,0.5679012345679012,2,0.5509261838671207
E,1.0,0.1,ky_scan_kx,0.5679012345679012,3,0.6527055181769448
E,1.0,0.1,ky_scan_kx,0.5802469135802468,0,0.5331132912425609
E,1.0,0.1,ky_scan_kx,0.5802469135802468,1,0.6504477825371083
E,1.0,0.1,ky_scan_kx,0.5802469135802468,2,0.8564497216355456
E,1.0,0.1,ky_scan_kx,0.5802469135802468,3,0.966656065968632
E,1.0,0.1,ky_scan_kx,0.5925925925925926,0,0.03739083019726933
E,1.0,0.1,ky_scan_kx,0.5925925925925926,1,0.2556476046719085
E,1.0,0.1,ky_scan_kx,0.5925925925925926,2,0.5206875436380805
E,1.0,0.1,ky_scan_kx,0.5925925925925926,3,0.8001089079475576
E,1.0,0.1,ky_scan_kx,0.6049382716049383,0,0.17978834353042134
E,1.0,0.1,ky_scan_kx,0.6049382716049383,1,0.33603098395114717
E,1.0,0.1,ky_scan_kx,0.6049382716049383,2,0.8183494752753164
E,1.0,0.1,ky_scan_kx,0.6049382716049383,3,0.9835079293266707
E,1.0,0.1,ky_scan_kx,0.6172839506172839,0,0.06820896550011041
E,1.0,0.1,ky_scan_kx,0.6172839506172839,1,0.1557840633128364
E,1.0,0.1,ky_scan_kx,0.6172839506172839,2,0.6559179629380878
E,1.0,0.1,ky_scan_kx,0.6172839506172839,3,0.7717629709238374
E,1.0,0.1,ky_scan_kx,0.6296296296296295,0,0.0700308867317309
E,1.0,0.1,ky_scan_kx,0.6296296296296295,1,0.4296971421899022
E,1.0,0.1,ky_scan_kx,0.6296296296296295,2,0.5588428740697258
E,1.0,0.1,ky_scan_kx,0.6296296296296295,3,0.9163537239596085
E,1.0,0.1,ky_scan_kx,0.6419753086419753,0,0.2418356923379071
E,1.0,0.1,ky_scan_kx,0.6419753086419753,1,0.4019985199506408
E,1.0,0.1,ky_scan_kx,0.6419753086419753,2,0.7699891799873975
E,1.0,0.1,ky_scan_kx,0.6419753086419753,3,0.8911470338145575
E,1.0,0.1,ky_scan_kx,0.654320987654321,0,0.16630424294764373
E,1.0,0.1,ky_scan_kx,0.654320987654321,1,0.5075764763832749
E,1.0,0.1,ky_scan_kx,0.654320987654321,2,0.6729734907989551
E,1.0,0.1,ky_scan_kx,0.654320987654321,3,0.7217257142108351
E,1.0,0.1,ky_scan_kx,0.6666666666666666,0,0.08350356770717039
E,1.0,0.1,ky_scan_kx,0.6666666666666666,1,0.4102045896377867
E,1.0,0.1,ky_scan_kx,0.6666666666666666,2,0.6633446627956165
E,1.0,0.1,ky_scan_kx,0.6666666666666666,3,0.9446921135420505
E,1.0,0.1,ky_scan_kx,0.6790123456790123,0,0.008529659212858082
E,1.0,0.1,ky_scan_kx,0.6790123456790123,1,0.4893454302743339
E,1.0,0.1,ky_scan_kx,0.6790123456790123,2,0.6241618553976407
E,1.0,0.1,ky_scan_kx,0.6790123456790123,3,0.8864858300735493
E,1.0,0.1,ky_scan_kx,0.691358024691358,0,0.29068070965874426
E,1.0,0.1,ky_scan_kx,0.691358024691358,1,0.6535418378202411
E,1.0,0.1,ky_scan_kx,0.691358024691358,2,0.7862467991226971
E,1.0,0.1,ky_scan_kx,0.691358024691358,3,0.983140147108327
E,1.0,0.1,ky_scan_kx,0.7037037037037037,0,0.338367441071188
E,1.0,0.1,ky_scan_kx,0.7037037037037037,1,0.6903456413035866
E,1.0,0.1,ky_scan_kx,0.7037037037037037,2,0.785429207083367
E,1.0,0.1,ky_scan_kx,0.7037037037037037,3,0.8898153955641599
E,1.0,0.1,ky_scan_kx,0.7160493827160493,0,0.19952755770677644
E,1.0,0.1,ky_scan_kx,0.7160493827160493,1,0.6180457313781784
E,1.0,0.1,ky_scan_kx,0.7160493827160493,2,0.6594027398470699
E,1.0,0.1,ky_scan_kx,0.7160493827160493,3,0.8987122740646529
E,1.0,0.1,ky_scan_kx,0.728395061728395,0,0.12077339816219046
E,1.0,0.1,ky_scan_kx,0.728395061728395,1,0.22615327311937977
E,1.0,0.1,ky_scan_kx,0.728395061728395,2,0.41387956244640955
E,1.0,0.1,ky_scan_kx,0.728395061728395,3,0.8728886712307499
E,1.0,0.1,ky_scan_kx,0.7407407407407407,0,0.18707772560181601
E,1.0,0.1,ky_scan_kx,0.7407407407407407,1,0.3304963146825995
E,1.0,0.1,ky_scan_kx,0.7407407407407407,2,0.3998274324494545
E,1.0,0.1,ky_scan_kx,0.7407407407407407,3,0.9878602760366947
E,1.0,0.1,ky_scan_kx,0.7530864197530864,0,0.1564765211030868
E,1.0,0.1,ky_scan_kx,0.7530864197530864,1,0.22802607926640991
E,1.0,0.1,ky_scan_kx,0.7530864197530864,2,0.5565427033892627
E,1.0,0.1,ky_scan_kx,0.7530864197530864,3,0.8633665801115367
E,1.0,0.1,ky_scan_kx,0.7654320987654321,0,0.19447723824462562
E,1.0,0.1,ky_scan_kx,0.7654320987654321,1,0.3243173067972577
E,1.0,0.1,ky_scan_kx,0.7654320987654321,2,0.49677639807326857
E,1.0,0.1,ky_scan_kx,0.7654320987654321,3,0.884004446651506
E,1.0,0.1,ky_scan_kx,0.7777777777777777,0,0.22439611568703402
E,1.0,0.1,ky_scan_kx,0.7777777777777777,1,0.26972741712386744
E,1.0,0.1,ky_scan_kx,0.7777777777777777,2,0.6796082190296617
E,1.0,0.1,ky_scan_kx,0.7777777777777777,3,0.841558169715292
E,1.0,0.1,ky_scan_kx,0.7901234567901234,0,0.0929458005037364
E,1.0,0.1,ky_scan_kx,0.7901234567901234,1,0.17287131253338767
E,1.0,0.1,ky_scan_kx,0.7901234567901234,2,0.2726904628047056
E,1.0,0.1,ky_scan_kx,0.7901234567901234,3,0.5769756986054
E,1.0,0.1,ky_scan_kx,0.8024691358024691,0,0.15823738331020892
E,1.0,0.1,ky_scan_kx,0.8024691358024691,1,0.26545554427057616
E,1.0,0.1,ky_scan_kx,0.8024691358024691,2,0.6289786428938255
E,1.0,0.1,ky_scan_kx,0.8024691358024691,3,0.6817317476542293
E,1.0,0.1,ky_scan_kx,0.8148148148148148,0,0.356062302203606
E,1.0,0.1,ky_scan_kx,0.8148148148148148,1,0.4125667534372425
E,1.0,0.1,ky_scan_kx,0.8148148148148148,2,0.843544154016069
E,1.0,0.1,ky_scan_kx,0.8148148148148148,3,0.8921399585963294
E,1.0,0.1,ky_scan_kx,0.8271604938271604,0,0.10973014760295065
E,1.0,0.1,ky_scan_kx,0.8271604938271604,1,0.20538124492006146
E,1.0,0.1,ky_scan_kx,0.8271604938271604,2,0.4469674389904735
E,1.0,0.1,ky_scan_kx,0.8271604938271604,3,0.844918551427539
E,1.0,0.1,ky_scan_kx,0.8395061728395061,0,0.21388606251136968
E,1.0,0.1,ky_scan_kx,0.8395061728395061,1,0.22948995210044437
E,1.0,0.1,ky_scan_kx,0.8395061728395061,2,0.5779865635916905
E,1.0,0.1,ky_scan_kx,0.8395061728395061,3,0.770665473378249
E,1.0,0.1,ky_scan_kx,0.8518518518518519,0,0.03631024687093136
E,1.0,0.1,ky_scan_kx,0.8518518518518519,1,0.2950394301713604
E,1.0,0.1,ky_scan_kx,0.8518518518518519,2,0.5662167403822145
E,1.0,0.1,ky_scan_kx,0.8518518518518519,3,0.9694835297225235
E,1.0,0.1,ky_scan_kx,0.8641975308641975,0,0.14548818918087764
E,1.0,0.1,ky_scan_kx,0.8641975308641975,1,0.2287497226759967
E,1.0,0.1,ky_scan_kx,0.8641975308641975,2,0.721904076025625
E,1.0,0.1,ky_scan_kx,0.8641975308641975,3,0.91811174917041
E,1.0,0.1,ky_scan_kx,0.8765432098765431,0,0.20760476863692548
E,1.0,0.1,ky_scan_kx,0.8765432098765431,1,0.2565667021841755
E,1.0,0.1,ky_scan_kx,0.8765432098765431,2,0.8057129160599549
E,1.0,0.1,ky_scan_kx,0.8765432098765431,3,0.8672315508826678
E,1.0,0.1,ky_scan_kx,0.8888888888888888,0,0.03808451399168203
E,1.0,0.1,ky_scan_kx,0.8888888888888888,1,0.5880892972754137
E,1.0,0.1,ky_scan_kx,0.8888888888888888,2,0.704674813024563
E,1.0,0.1,ky_scan_kx,0.8888888888888888,3,0.9642683107794681
E,1.0,0.1,ky_scan_kx,0.9012345679012346,0,0.5636168238094517
E,1.0,0.1,ky_scan_kx,0.9012345679012346,1,0.6421500634350816
E,1.0,0.1,ky_scan_kx,0.9012345679012346,2,0.7997693594229812
E,1.0,0.1,ky_scan_kx,0.9012345679012346,3,0.8215446474498116
E,1.0,0.1,ky_scan_kx,0.9135802469135802,0,0.31463406415992823
E,1.0,0.1,ky_scan_kx,0.9135802469135802,1,0.408683253763303
E,1.0,0.1,ky_scan_kx,0.9135802469135802,2,0.585272879474399
E,1.0,0.1,ky_scan_kx,0.9135802469135802,3,0.6851311800805948
E,1.0,0.1,ky_scan_kx,0.9259259259259258,0,0.0685330424961675
E,1.0,0.1,ky_scan_kx,0.9259259259259258,1,0.20687858314920482
E,1.0,0.1,ky_scan_kx,0.9259259259259258,2,0.8446129347987522
E,1.0,0.1,ky_scan_kx,0.9259259259259258,3,0.9306772304185655
E,1.0,0.1,ky_scan_kx,0.9382716049382716,0,0.30942288972381227
E,1.0,0.1,ky_scan_kx,0.9382716049382716,1,0.3708671547239694
E,1.0,0.1,ky_scan_kx,0.9382716049382716,2,0.6365669982922277
E,1.0,0.1,ky_scan_kx,0.9382716049382716,3,0.9855479535876157
E,1.0,0.1,ky_scan_kx,0.9506172839506173,0,0.15281307087504525
E,1.0,0.1,ky_scan_kx,0.9506172839506173,1,0.20483232109032332
E,1.0,0.1,ky_scan_kx,0.9506172839506173,2,0.3653150602955137
E,1.0,0.1,ky_scan_kx,0.9506172839506173,3,0.9343101520241814
E,1.0,0.1,ky_scan_kx,0.9629629629629629,0,0.2570436718956035
E,1.0,0.1,ky_scan_kx,0.9629629629629629,1,0.5137603097952065
E,1.0,0.1,ky_scan_kx,0.9629629629629629,2,0.8041077579428408
E,1.0,0.1,ky_scan_kx,0.9629629629629629,3,0.8786034378741566
E,1.0,0.1,ky_scan_kx,0.9753086419753085,0,0.1306046144509271
E,1.0,0.1,ky_scan_kx,0.9753086419753085,1,0.17173389628288374
E,1.0,0.1,ky_scan_kx,0.9753086419753085,2,0.5103662183707572
E,1.0,0.1,ky_scan_kx,0.9753086419753085,3,0.76319213334239
E,1.0,0.1,ky_scan_kx,0.9876543209876543,0,0.23283702948859095
E,1.0,0.1,ky_scan_kx,0.9876543209876543,1,0.3122037484759127
E,1.0,0.1,ky_scan_kx,0.9876543209876543,2,0.7374858862843539
E,1.0,0.1,ky_scan_kx,0.9876543209876543,3,0.7593435426409195
