v,alpha,state_index,rank_by_absE,energy,abs_energy,W_corner,W_edge,W_bulk,IPR
0.5,0.0,49,0,-2.2282880666442177e-06,2.2282880666442177e-06,0.917344937820938,0.08056580938956846,0.0020892527894927713,0.42227111142481155
0.5,0.0,50,1,2.2282880666771033e-06,2.2282880666771033e-06,0.9173449378209311,0.0805658093895744,0.0020892527894935745,0.42227111142480545
0.5,0.0,48,2,-0.00012941535548418787,0.00012941535548418787,0.5217540520850465,0.47408740602028876,0.00415854189466542,0.17650248010562558
0.5,0.0,51,3,0.00012941535548423473,0.00012941535548423473,0.5217540520850474,0.4740874060202873,0.00415854189466631,0.1765024801056253
0.5,0.0,47,4,-0.0038798485817555708,0.0038798485817555708,0.07708239332841779,0.7193612495993484,0.2035563570722338,0.09915342351908324
0.5,0.0,52,5,0.003879848581755942,0.003879848581755942,0.07708239332842888,0.7193612495993379,0.20355635707223363,0.09915342351907884
0.5,0.0,46,6,-0.01281629305134865,0.01281629305134865,0.07067154389559334,0.6961672149719182,0.23316124113248718,0.05992994804128584
0.5,0.0,53,7,0.012816293051349001,0.012816293051349001,0.07067154389559398,0.6961672149719194,0.2331612411324865,0.05992994804128663
0.5,0.25,53,0,0.006151393352971544,0.006151393352971544,0.0641996441978141,0.70490811356822,0.23089224223396412,0.0625683590233164
0.5,0.25,54,1,0.009715206035610217,0.009715206035610217,0.39778421479506143,0.5350509308372049,0.06716485436773421,0.09466056429831773
0.5,0.25,52,2,-0.011811311934438129,0.011811311934438129,0.2105469431244937,0.6510527292357068,0.13840032763979934,0.06961002517919615
0.5,0.25,51,3,-0.011891028084053415,0.011891028084053415,0.027216381052238284,0.7754087884409014,0.19737483050686036,0.09543411070006286
0.5,0.25,50,4,-0.013408401806590534,0.013408401806590534,0.05228562385342729,0.7636836563206945,0.18403071982587776,0.06540911237128999
0.5,0.25,55,5,0.01341563863633077,0.01341563863633077,0.26975579889203494,0.5423084821375557,0.18793571897040964,0.07972281963398573
0.5,0.25,49,6,-0.015398793090855727,0.015398793090855727,0.044497261785226824,0.7701306893078912,0.18537204890688186,0.05497233745114088
0.5,0.25,48,7,-0.0319574953798968,0.0319574953798968,0.142011104696512,0.6847031027197481,0.17328579258373938,0.07031782769772565
0.5,0.5,53,0,0.003894608272150314,0.003894608272150314,0.2756847595663948,0.5433887001456469,0.18092654028795896,0.07211598742204597
0.5,0.5,54,1,0.010288371249913551,0.010288371249913551,0.08177036817104708,0.6829646565258147,0.23526497530313856,0.05704501202247986
0.5,0.5,55,2,0.013268251440718339,0.013268251440718339,0.37631651605752003,0.5328552875613678,0.09082819638111177,0.07289038160673508
0.5,0.5,52,3,-0.026806601267239792,0.026806601267239792,0.0534740316764113,0.7636125513092709,0.18291341701431804,0.08146406306948942
0.5,0.5,51,4,-0.030871547736044273,0.030871547736044273,0.14068561624319129,0.6818074419753576,0.1775069417814516,0.05920383759926538
0.5,0.5,50,5,-0.03733909002891521,0.03733909002891521,0.1931672685250851,0.6411764631926888,0.16565626828222613,0.06512826988365493
0.5,0.5,49,6,-0.04108751894697865,0.04108751894697865,0.06298823633510589,0.75982541000143,0.1771863536634643,0.07013964246995312
0.5,0.5,48,7,-0.04273013283640867,0.04273013283640867,0.032422352041875144,0.7867120153482082,0.18086563260991645,0.05789885473385634
0.5,0.75,53,0,-0.0060984268773814744,0.0060984268773814744,0.2554661608792719,0.5731491064479135,0.17138473267281554,0.0639384742282401
0.5,0.75,54,1,0.014998387431464383,0.014998387431464383,0.08450906179051154,0.6784452099729557,0.23704572823653308,0.054304898765174
0.5,0.75,55,2,0.015798147659171854,0.015798147659171854,0.38409977974898013,0.5141770214353499,0.10172319881566959,0.06458510668733788
0.5,0.75,52,3,-0.030032315519472847,0.030032315519472847,0.18861042191211308,0.636583253775714,0.1748063243121734,0.0564800671207375
0.5,0.75,51,4,-0.045756485510640675,0.045756485510640675,0.1001838698549491,0.7325923523470033,0.16722377779804887,0.07137839374539223
0.5,0.75,50,5,-0.05030453940444668,0.05030453940444668,0.16591101428592026,0.6843058860525875,0.14978309966149222,0.06885128931535842
0.5,0.75,49,6,-0.068015325253237,0.068015325253237,0.12143072660324318,0.7184465283781934,0.16012274501856458,0.08763204939875764
0.5,0.75,48,7,-0.07014376463455196,0.07014376463455196,0.02864238845902616,0.8012748975725562,0.17008271396841762,0.06079177780837548
0.5,1.0,54,0,0.016475724407005773,0.016475724407005773,0.38068046421161505,0.5089449375574281,0.11037459823095772,0.06489345389504118
0.5,1.0,55,1,0.016475724407006783,0.016475724407006783,0.10432810005623358,0.6662707913823724,0.2294011085613955,0.055901701758620186
0.5,1.0,53,2,-0.018250525318511103,0.018250525318511103,0.23458173644536823,0.6015268239950133,0.16389143955961877,0.06268016509858465
0.5,1.0,52,3,-0.018250525318511394,0.018250525318511394,0.23458173644536878,0.6015268239950133,0.1638914395596189,0.06268016509858539
0.5,1.0,51,4,-0.0668609688300603,0.0668609688300603,0.13973173421209711,0.7109554858914718,0.1493127798964309,0.09211188306975923
0.5,1.0,50,5,-0.06686096883006099,0.06686096883006099,0.13973173421209484,0.7109554858914743,0.14931277989643182,0.0921118830697594
0.5,1.0,49,6,-0.08645976074693922,0.08645976074693922,0.08329053333052557,0.7617272627798558,0.1549822038896188,0.09843244862853327
0.5,1.0,48,7,-0.08645976074693985,0.08645976074693985,0.1843384793775067,0.6765492659319875,0.13911225469050623,0.09215208212264946
0.6,0.0,50,0,8.393943634327854e-05,8.393943634327854e-05,0.8169503246875955,0.17243846508889998,0.01061121022350417,0.3399630595721905
0.6,0.0,49,1,-8.393943634332747e-05,8.393943634332747e-05,0.8169503246875964,0.17243846508889987,0.010611210223504138,0.3399630595721911
0.6,0.0,48,2,-0.002364070244615632,0.002364070244615632,0.4440303531599642,0.5341623194402882,0.021807327399746813,0.13245487291009336
0.6,0.0,51,3,0.0023640702446158872,0.0023640702446158872,0.4440303531599658,0.5341623194402889,0.02180732739974579,0.13245487291009428
0.6,0.0,52,4,0.022740542771716735,0.022740542771716735,0.19080268818897572,0.5546744893261853,0.25452282248483954,0.05365775019899755
0.6,0.0,47,5,-0.022740542771717255,0.022740542771717255,0.190802688188978,0.5546744893261828,0.2545228224848396,0.05365775019899694
0.6,0.0,46,6,-0.03339545278646815,0.03339545278646815,0.022153244888989593,0.6970932852549134,0.2807534698560954,0.05844064794952367
0.6,0.0,53,7,0.03339545278646837,0.03339545278646837,0.02215324488899078,0.6970932852549138,0.28075346985609523,0.05844064794952323
0.6,0.25,50,0,0.00239846910329908,0.00239846910329908,0.34999599135327186,0.5820292429055484,0.06797476574117958,0.09612666369907627
0.6,0.25,51,1,0.004981013338530992,0.004981013338530992,0.3194892225334753,0.5504723248115622,0.13003845265496286,0.07067328050324252
0.6,0.25,52,2,0.005162623844021152,0.005162623844021152,0.069709321175733,0.6645484556805141,0.26574222314375334,0.048218574134774476
0.6,0.25,53,3,0.007765351489868795,0.007765351489868795,0.06406206159451341,0.679155569995977,0.25678236840951146,0.07195667634524255
0.6,0.25,54,4,0.017357103859675087,0.017357103859675087,0.171269958705874,0.5916882881700616,0.23704175312406478,0.05872176857430642
0.6,0.25,55,5,0.018979115539409827,0.018979115539409827,0.11321146984446122,0.5956554870308479,0.29113304312469107,0.0588450065351036
0.6,0.25,49,6,-0.030419425687937096,0.030419425687937096,0.16168513837193854,0.5842438298704223,0.25407103175763907,0.05175222174661963
0.6,0.25,56,7,0.03203045656237411,0.03203045656237411,0.18977974576054046,0.5527657186693226,0.25745453557013764,0.05510044196844724
0.6,0.5,53,0,-0.006523985206841026,0.006523985206841026,0.19041815793825811,0.5856937750479146,0.2238880670138273,0.06114137530928552
0.6,0.5,54,1,0.006542367447384969,0.006542367447384969,0.3429845502362313,0.5651414930583266,0.09187395670544163,0.08718602363519987
0.6,0.5,52,2,-0.014409706647893204,0.014409706647893204,0.18537873988999418,0.5997617518145941,0.2148595082954119,0.05781457842284052
0.6,0.5,55,3,0.014881466923629868,0.014881466923629868,0.13055728931726385,0.5764788953979832,0.29296381528475335,0.05089367038453925
0.6,0.5,51,4,-0.0219491326912314,0.0219491326912314,0.05378615920979284,0.6928459283344227,0.2533679124557851,0.051442350226580016
0.6,0.5,50,5,-0.022354554912749458,0.022354554912749458,0.04161327484776868,0.6920180420650028,0.2663686830872293,0.0507346068961937
0.6,0.5,49,6,-0.03902542169245458,0.03902542169245458,0.16017061001576474,0.5957538841002431,0.2440755058839922,0.05133421398017201
0.6,0.5,48,7,-0.06847735096576546,0.06847735096576546,0.16190628359689885,0.5934306691663248,0.24466304723677584,0.06098755440035942
0.6,0.75,54,0,0.008569791631726553,0.008569791631726553,0.3537298653930837,0.5368433257676586,0.10942680883925743,0.06914009950156379
0.6,0.75,55,1,0.01136661741398375,0.01136661741398375,0.12683313265850304,0.5765810832356653,0.29658578410583136,0.04880152517279449
0.6,0.75,53,2,-0.0318582186150847,0.0318582186150847,0.19975356911656175,0.591839468706898,0.20840696217654095,0.06382552091821468
0.6,0.75,52,3,-0.036141516089460965,0.036141516089460965,0.1444564814087697,0.6290759140075262,0.22646760458370432,0.05922649525530711
0.6,0.75,51,4,-0.04863585916763052,0.04863585916763052,0.1640636963213213,0.6019949227478246,0.23394138093085398,0.050835120567556596
0.6,0.75,50,5,-0.0506272102541427,0.0506272102541427,0.049178399033743686,0.7061364155130152,0.24468518545324094,0.05261525281388976
0.6,0.75,49,6,-0.05079660456181336,0.05079660456181336,0.03354582133398657,0.7104274624297028,0.2560267162363102,0.052644503408253475
0.6,0.75,48,7,-0.06683933929662476,0.06683933929662476,0.21459726003409246,0.5763997693511183,0.20900297061478884,0.0576825986223067
0.6,1.0,54,0,0.005536270880565183,0.005536270880565183,0.3320701511856935,0.5266288223234372,0.1413010264908695,0.060865470975846436
0.6,1.0,55,1,0.005536270880565969,0.005536270880565969,0.1569248351666924,0.5725418170319634,0.2705333478013449,0.053131256915219735
0.6,1.0,53,2,-0.057784084251855904,0.057784084251855904,0.14258037257213796,0.6452733091414782,0.2121463182863843,0.08679127756396984
0.6,1.0,52,3,-0.05778408425185618,0.05778408425185618,0.1425803725721418,0.6452733091414756,0.21214631828638253,0.08679127756396972
0.6,1.0,51,4,-0.059911975130847124,0.059911975130847124,0.23072014279028294,0.5644897270630533,0.20479013014666425,0.061221191375051394
0.6,1.0,50,5,-0.059911975130847395,0.059911975130847395,0.23072014279028238,0.5644897270630538,0.204790130146664,0.06122119137505126
0.6,1.0,49,6,-0.07926882261223313,0.07926882261223313,0.03666296692317727,0.7278353556961495,0.23550167738067335,0.09111148339145685
0.6,1.0,48,7,-0.07926882261223318,0.07926882261223318,0.044069324972449,0.7247371251710181,0.23119354985653306,0.09085033331769796
0.7,0.0,50,0,0.0010171387668090391,0.0010171387668090391,0.684821113355845,0.2813779903742421,0.0338008962699137,0.248728628763227
0.7,0.0,49,1,-0.0010171387668091235,0.0010171387668091235,0.6848211133558451,0.2813779903742416,0.033800896269913325,0.248728628763227
0.7,0.0,51,2,0.015180324104855463,0.015180324104855463,0.3601057513849322,0.5763767451647174,0.0635175034503515,0.08195980140387513
0.7,0.0,48,3,-0.015180324104855774,0.015180324104855774,0.36010575138493295,0.5763767451647168,0.06351750345035026,0.08195980140387531
0.7,0.0,47,4,-0.057400211652615024,0.057400211652615024,0.2534177033473355,0.46116601812732344,0.2854162785253416,0.048279088414176885
0.7,0.0,52,5,0.05740021165261522,0.05740021165261522,0.25341770334733726,0.46116601812732255,0.2854162785253408,0.048279088414177135
0.7,0.0,53,6,0.06670975435406963,0.06670975435406963,0.020891401537136672,0.6090161445673016,0.37009245389556206,0.052788897369597534
0.7,0.0,46,7,-0.06670975435406978,0.06670975435406978,0.020891401537137345,0.609016144567301,0.37009245389556156,0.05278889736959722
0.7,0.25,50,0,-0.014589614865742713,0.014589614865742713,0.3350263583384297,0.5972910826723802,0.06768255898918973,0.08168971212394323
0.7,0.25,51,1,0.02116606004269703,0.02116606004269703,0.41075976733172,0.5271023925158658,0.06213784015241393,0.08386310288692932
0.7,0.25,52,2,0.03904977765278092,0.03904977765278092,0.10594886049446381,0.5582853790327722,0.33576576047276546,0.04644911535908366
0.7,0.25,53,3,0.04023189868430138,0.04023189868430138,0.024488281252499283,0.6091789102274268,0.36633280852007444,0.05240718048755075
0.7,0.25,54,4,0.04587629512053536,0.04587629512053536,0.13698973045707247,0.5138596699867772,0.34915059955615046,0.06323481618489896
0.7,0.25,55,5,0.045887852094708165,0.045887852094708165,0.1284671942539001,0.5672793387643661,0.3042534669817344,0.054913008285464526
0.7,0.25,56,6,0.046754339890320754,0.046754339890320754,0.03949426232956234,0.5555510909213683,0.40495464674906917,0.056043855872055806
0.7,0.25,49,7,-0.06975890517720629,0.06975890517720629,0.1566896806723169,0.5415619937400614,0.30174832558762116,0.050399950182641665
0.7,0.5,51,0,0.011089828707977785,0.011089828707977785,0.04882799926536614,0.5984467150280438,0.35272528570659045,0.047343589265973554
0.7,0.5,52,1,0.011816069271025622,0.011816069271025622,0.02606341629529755,0.6145281549906524,0.35940842871404965,0.05341119748388222
0.7,0.5,50,2,-0.013208661069133222,0.013208661069133222,0.3235024762432882,0.5962482983368278,0.08024922541988457,0.08238076181264638
0.7,0.5,53,3,0.014643627129688187,0.014643627129688187,0.24174422501218945,0.5321092438097339,0.22614653117807743,0.05606449949111437
0.7,0.5,54,4,0.019889167549812445,0.019889167549812445,0.13339098267823316,0.5704941703917475,0.29611484693001944,0.05566708898907634
0.7,0.5,55,5,0.033116764038699696,0.033116764038699696,0.1808417766664934,0.47904142458106175,0.34011679875244566,0.04934239897258696
0.7,0.5,56,6,0.05140245955199406,0.05140245955199406,0.17750207269408436,0.5195087538983798,0.3029891734075365,0.04848429240557478
0.7,0.5,57,7,0.06399826610538112,0.06399826610538112,0.31714699379328326,0.5118139884572337,0.17103901774948319,0.07295677675938317
0.7,0.75,54,0,-0.004538479633656247,0.004538479633656247,0.2886432562333626,0.5825017014610513,0.12885504230558592,0.07581628905450688
0.7,0.75,53,1,-0.007416394934452784,0.007416394934452784,0.1369366102936474,0.5766970246398309,0.2863663650665213,0.0565153732623817
0.7,0.75,52,2,-0.009538959353676782,0.009538959353676782,0.16188694957900457,0.5608347371317738,0.2772783132892207,0.055683249538741535
0.7,0.75,51,3,-0.01872903824769158,0.01872903824769158,0.03887052054628892,0.6158744762940377,0.3452550031596724,0.04899422020419951
0.7,0.75,50,4,-0.018952444629547725,0.018952444629547725,0.059895407022903774,0.6250255817787909,0.315079011198305,0.04754820773586903
0.7,0.75,55,5,0.020848446867221194,0.020848446867221194,0.17680518712682297,0.47690311396813867,0.34629169890503836,0.04667317362467079
0.7,0.75,56,6,0.038386869853028936,0.038386869853028936,0.3191794147898243,0.5358162194576217,0.14500436575255413,0.07848935052904829
0.7,0.75,57,7,0.0884988508696276,0.0884988508696276,0.21524324016789506,0.4840337035853242,0.3007230562467799,0.0502681688208042
0.7,1.0,54,0,0.007008395863191172,0.007008395863191172,0.2794869576538017,0.5370764756585326,0.1834365666876653,0.056119801516282715
0.7,1.0,55,1,0.0070083958631912795,0.0070083958631912795,0.20610613158526647,0.5026184284938298,0.2912754399209039,0.05185350004572235
0.7,1.0,56,2,0.015370323453429377,0.015370323453429377,0.3028848201523656,0.5658039938528225,0.13131118599481134,0.05223416272777175
0.7,1.0,53,3,-0.035231391888350505,0.035231391888350505,0.1426312680818424,0.5823539889239795,0.2750147429941773,0.07564398954764089
0.7,1.0,52,4,-0.03523139188835054,0.03523139188835054,0.1426312680818423,0.5823539889239798,0.2750147429941768,0.07564398954764087
0.7,1.0,51,5,-0.04935202238806796,0.04935202238806796,0.0416059855013299,0.6383405393343817,0.3200534751642877,0.07806354522303252
0.7,1.0,50,6,-0.049352022388068115,0.049352022388068115,0.03956613638859126,0.6368994587733658,0.3235344048380426,0.07813433106350512
0.7,1.0,49,7,-0.1076035871413654,0.1076035871413654,0.21939001170467928,0.5337721385433343,0.24683784975198675,0.0587635664111899
0.8,0.0,49,0,-0.006291006959812129,0.006291006959812129,0.5312707756818211,0.38577976536620656,0.08294945895197214,0.16253562530855592
0.8,0.0,50,1,0.006291006959813425,0.006291006959813425,0.5312707756818214,0.3857797653662064,0.0829494589519718,0.16253562530855603
0.8,0.0,51,2,0.048355345932796036,0.048355345932796036,0.29964765906531526,0.5898454982855826,0.11050684264910227,0.05501540839308905
0.8,0.0,48,3,-0.04835534593279623,0.04835534593279623,0.2996476590653159,0.589845498285583,0.11050684264910128,0.055015408393089195
0.8,0.0,52,4,0.10504289389351673,0.10504289389351673,0.2786167289019861,0.4143202901675339,0.30706298093047923,0.04861843602327191
0.8,0.0,47,5,-0.10504289389351701,0.10504289389351701,0.2786167289019825,0.41432029016753463,0.3070629809304822,0.04861843602327193
0.8,0.0,53,6,0.11425406724198203,0.11425406724198203,0.017233616780715548,0.530120991299093,0.4526453919201908,0.052781593855010196
0.8,0.0,46,7,-0.11425406724198245,0.11425406724198245,0.017233616780714528,0.5301209912990936,0.45264539192019176,0.05278159385501059
0.8,0.25,51,0,0.04092914818645234,0.04092914818645234,0.3141703630425581,0.5633939228917675,0.12243571406567418,0.05505772638688807
0.8,0.25,50,1,-0.05911890635365858,0.05911890635365858,0.2900748634745666,0.6003308950509872,0.1095942414744451,0.05491377241937041
0.8,0.25,49,2,-0.06804271511287127,0.06804271511287127,0.53493379915042,0.3861107896522813,0.07895541119729846,0.16173099224212248
0.8,0.25,48,3,-0.08057927874456627,0.08057927874456627,0.5018088387634854,0.39582581728773536,0.10236534394877837,0.1512665206137641
0.8,0.25,52,4,0.08533554452587463,0.08533554452587463,0.2758291945361047,0.40469353231430866,0.3194772731495864,0.05162569659574105
0.8,0.25,53,5,0.08786380307074967,0.08786380307074967,0.022098172312879936,0.5325538930962773,0.44534793459084254,0.05201980153443977
0.8,0.25,54,6,0.08836529680818016,0.08836529680818016,0.006275249011181663,0.5242032081682013,0.46952154282061653,0.07546685409034987
0.8,0.25,55,7,0.08972405933296895,0.08972405933296895,0.08998176345794864,0.49015423542742825,0.4198640011146229,0.055480367118729
0.8,0.5,51,0,0.042506988606226905,0.042506988606226905,0.35627457848529165,0.5238583158110444,0.11986710570366443,0.059525869490038345
0.8,0.5,52,1,0.05833774482358485,0.05833774482358485,0.0636222757860111,0.5124424752479416,0.4239352489660476,0.04698222818957192
0.8,0.5,53,2,0.05867312506392667,0.05867312506392667,0.027614907944788256,0.5397192692073469,0.43266582284786553,0.051268195766979
0.8,0.5,54,3,0.062389236202070576,0.062389236202070576,0.11471527905683097,0.528431529083618,0.35685319185955056,0.05464503383317641
0.8,0.5,55,4,0.06367468751701795,0.06367468751701795,0.03524622116145895,0.5015921964467062,0.4631615823918338,0.05827379758941799
0.8,0.5,56,5,0.06633074459724417,0.06633074459724417,0.210521491192339,0.41157158964033524,0.3779069191673254,0.05271347861861485
0.8,0.5,50,6,-0.06745385635002404,0.06745385635002404,0.2840477141609806,0.5976995678745131,0.11825271796450575,0.05418658574611529
0.8,0.5,57,7,0.08003013007548856,0.08003013007548856,0.26643658630257316,0.5814638543159442,0.152099559381483,0.053606074116626955
0.8,0.75,51,0,0.027126416999082862,0.027126416999082862,0.04326102544669778,0.5309094383709397,0.42582953618236286,0.04931117402558989
0.8,0.75,52,1,0.02724436308667472,0.02724436308667472,0.034386279036969884,0.5514377290791708,0.4141759918838596,0.05037626769123175
0.8,0.75,53,2,0.03103814157623715,0.03103814157623715,0.19122574172259532,0.5123335705734846,0.29644068770392046,0.053946512769239764
0.8,0.75,54,3,0.032716499253988486,0.032716499253988486,0.12323005511605431,0.5305041028206047,0.34626584206334093,0.05509862523137369
0.8,0.75,55,4,0.04577272942833,0.04577272942833,0.22092221760091657,0.3981026799077251,0.38097510249135846,0.048095437014512986
0.8,0.75,56,5,0.05084776440663584,0.05084776440663584,0.2621599537567801,0.5976682719398492,0.14017177430337116,0.053133687707736806
0.8,0.75,57,6,0.06407602439453586,0.06407602439453586,0.17419746167962197,0.4918013678148151,0.33400117050556316,0.04229210374063085
0.8,0.75,50,7,-0.06927594815526651,0.06927594815526651,0.27947647392327213,0.5886024610807468,0.13192106499598125,0.052409042560989355
0.8,1.0,53,0,0.0018155332372999607,0.0018155332372999607,0.13941951608103031,0.5308633586656704,0.329717125253299,0.06561022033093837
0.8,1.0,54,1,0.0018155332373007013,0.0018155332373007013,0.1394195160810296,0.5308633586656706,0.3297171252532999,0.06561022033093857
0.8,1.0,52,2,-0.005696583750387763,0.005696583750387763,0.03970422269264397,0.557265940999575,0.40302983630778083,0.06771904605349756
0.8,1.0,51,3,-0.00569658375038858,0.00569658375038858,0.039732950885436956,0.555120904391365,0.40514614472319765,0.06773270957162932
0.8,1.0,55,4,0.02396488247812481,0.02396488247812481,0.23171767936523946,0.47602587700464394,0.2922564436301164,0.051418031255610216
0.8,1.0,56,5,0.02396488247812505,0.02396488247812505,0.24445418991545026,0.5266288940448353,0.22891691603971498,0.05278969916709604
0.8,1.0,50,6,-0.06417179162215379,0.06417179162215379,0.27236919316417685,0.5850143116103944,0.14261649522542946,0.04996113375747142
0.8,1.0,57,7,0.09714909811466166,0.09714909811466166,0.1952724647093301,0.47024891546773023,0.33447861982294047,0.041609499424880576
