mode_index,energy,abs_energy
0,-2.397211364121974,2.397211364121974
1,-2.3972113641219734,2.3972113641219734
2,-2.393121440187384,2.393121440187384
3,-2.393121440187384,2.393121440187384
4,-2.3931208980514236,2.3931208980514236
5,-2.3931208980514236,2.3931208980514236
6,-2.388989102705859,2.388989102705859
7,-2.3889891027058567,2.3889891027058567
8,-2.3866279754943265,2.3866279754943265
9,-2.386627975494326,2.386627975494326
10,-2.386627974737812,2.386627974737812
11,-2.3866279747378107,2.3866279747378107
12,-2.3824298375117423,2.3824298375117423
13,-2.3824298375117423,2.3824298375117423
14,-2.3824271999461777,2.3824271999461777
15,-2.3824271999461772,2.3824271999461772
16,-2.378185524556759,2.378185524556759
17,-2.3781855245567587,2.3781855245567587
18,-2.3781851563415772,2.3781851563415772
19,-2.378185156341577,2.378185156341577
20,-2.3757594191733755,2.3757594191733755
21,-2.3757594191733733,2.3757594191733733
22,-2.3738965767893583,2.3738965767893583
23,-2.3738965767893574,2.3738965767893574
24,-2.373896568995127,2.373896568995127
25,-2.373896568995126,2.373896568995126
26,-2.3683676338029205,2.3683676338029205
27,-2.3683676338029205,2.3683676338029205
28,-2.368367632543938,2.368367632543938
29,-2.3683676325439365,2.3683676325439365
30,-2.367086750167573,2.367086750167573
31,-2.367086750167572,2.367086750167572
32,-2.3670803354798178,2.3670803354798178
33,-2.3670803354798178,2.3670803354798178
34,-2.363973310239299,2.363973310239299
35,-2.3639733102392975,2.3639733102392975
36,-2.3639719230610954,2.3639719230610954
37,-2.363971923061095,2.363971923061095
38,-2.3582165827466626,2.3582165827466626
39,-2.3582165827466617,2.3582165827466617
40,-2.3578182196000204,2.3578182196000204
41,-2.3578182196000204,2.3578182196000204
42,-2.3578179588929755,2.3578179588929755
43,-2.3578179588929755,2.3578179588929755
44,-2.3569881933019423,2.3569881933019423
45,-2.3569881933019414,2.3569881933019414
46,-2.3569881525699548,2.3569881525699548
47,-2.3569881525699543,2.3569881525699543
48,-2.3533060542851953,2.3533060542851953
49,-2.3533060542851945,2.3533060542851945
50,-2.353306046146306,2.353306046146306
51,-2.353306046146305,2.353306046146305
52,-2.3478988412363724,2.3478988412363724
53,-2.3478988412363715,2.3478988412363715
54,-2.3478877632695636,2.3478877632695636
55,-2.347887763269562,2.347887763269562
56,-2.3471941762455226,2.3471941762455226
57,-2.347194176245521,2.347194176245521
58,-2.347194174817971,2.347194174817971
59,-2.34719417481797,2.34719417481797
60,-2.34613399690015,2.34613399690015
61,-2.3461339969001496,2.3461339969001496
62,-2.3461312377947823,2.3461312377947823
63,-2.3461312377947814,2.3461312377947814
64,-2.34256176039996,2.34256176039996
65,-2.3425617603999593,2.3425617603999593
66,-2.342560912015701,2.342560912015701
67,-2.342560912015701,2.342560912015701
68,-2.3372979121875885,2.3372979121875885
69,-2.3372979121875868,2.3372979121875868
70,-2.3371179221208367,2.3371179221208367
71,-2.3371179221208362,2.3371179221208362
72,-2.337117769863156,2.337117769863156
73,-2.337117769863155,2.337117769863155
74,-2.336786062456926,2.336786062456926
75,-2.3367860624569237,2.3367860624569237
76,-2.3367858607922005,2.3367858607922005
77,-2.3367858607922,2.3367858607922
78,-2.3351925926678607,2.3351925926678607
79,-2.335192592667859,2.335192592667859
80,-2.3351925581779946,2.3351925581779946
81,-2.335192558177994,2.335192558177994
82,-2.3323677463934582,2.3323677463934582
83,-2.3323677463934565,2.3323677463934565
84,-2.3323677387144217,2.3323677387144217
85,-2.3323677387144217,2.3323677387144217
86,-2.3281370878950463,2.3281370878950463
87,-2.3281370878950463,2.3281370878950463
88,-2.3281370867809033,2.3281370867809033
89,-2.328137086780901,2.328137086780901
90,-2.3258969049009575,2.3258969049009575
91,-2.3258969049009575,2.3258969049009575
92,-2.3258817475192957,2.3258817475192957
93,-2.3258817475192957,2.3258817475192957
94,-2.3255872635845254,2.3255872635845254
95,-2.3255872635845254,2.3255872635845254
96,-2.3255832855055925,2.3255832855055925
97,-2.325583285505592,2.325583285505592
98,-2.324809853226846,2.324809853226846
99,-2.324809853226846,2.324809853226846
100,-2.324808421569504,2.324808421569504
101,-2.324808421569504,2.324808421569504
102,-2.3232805198808193,2.3232805198808193
103,-2.3232805198808193,2.3232805198808193
104,-2.3232801067082214,2.3232801067082214
105,-2.323280106708221,2.323280106708221
106,-2.320702219253332,2.320702219253332
107,-2.320702219253331,2.320702219253331
108,-2.3207021590687296,2.3207021590687296
109,-2.320702159068729,2.320702159068729
110,-2.315755648961778,2.315755648961778
111,-2.3157556489617765,2.3157556489617765
112,-2.3157556396792103,2.3157556396792103
113,-2.3157556396792094,2.3157556396792094
114,-2.315548899474573,2.315548899474573
115,-2.3155488994745714,2.3155488994745714
116,-2.315548869512714,2.315548869512714
117,-2.315548869512713,2.315548869512713
118,-2.3151563580021044,2.3151563580021044
119,-2.315156358002102,2.315156358002102
120,-2.315156357421995,2.315156357421995
121,-2.315156357421995,2.315156357421995
122,-2.3149483869363348,2.3149483869363348
123,-2.3149483869363334,2.3149483869363334
124,-2.314948278153322,2.314948278153322
125,-2.3149482781533215,2.3149482781533215
126,-2.3143764291720768,2.3143764291720768
127,-2.3143764291720763,2.3143764291720763
128,-2.3143757841344237,2.3143757841344237
129,-2.314375784134423,2.314375784134423
130,-2.3141457771963245,2.3141457771963245
131,-2.3141457771963245,2.3141457771963245
132,-2.3117369855926073,2.3117369855926073
133,-2.311736985592607,2.311736985592607
134,-2.3117369785813753,2.3117369785813753
135,-2.311736978581375,2.311736978581375
136,-2.3101420005571693,2.3101420005571693
137,-2.310142000557169,2.310142000557169
138,-2.3101418907413422,2.3101418907413422
139,-2.3101418907413422,2.3101418907413422
140,-2.3078787744901983,2.3078787744901983
141,-2.307878774490197,2.307878774490197
142,-2.307878232474967,2.307878232474967
143,-2.307878232474966,2.307878232474966
144,-2.3066803847255257,2.3066803847255257
145,-2.3066803847255253,2.3066803847255253
146,-2.3066803844115427,2.3066803844115427
147,-2.306680384411542,2.306680384411542
148,-2.305457456591319,2.305457456591319
149,-2.3054574565913186,2.3054574565913186
150,-2.3054557505888273,2.3054557505888273
151,-2.3054557505888273,2.3054557505888273
152,-2.303436105065205,2.303436105065205
153,-2.303436105065205,2.303436105065205
154,-2.3034315260046294,2.3034315260046294
155,-2.3034315260046285,2.3034315260046285
156,-2.302293968917224,2.302293968917224
157,-2.302293968917223,2.302293968917223
158,-2.302276793587249,2.302276793587249
159,-2.302276793587248,2.302276793587248
160,-2.3021546943723754,2.3021546943723754
161,-2.302154694372374,2.302154694372374
162,-2.3021546924245326,2.3021546924245326
163,-2.3021546924245317,2.3021546924245317
164,-2.298624645869414,2.298624645869414
165,-2.298624645869414,2.298624645869414
166,-2.2986245837431123,2.2986245837431123
167,-2.2986245837431123,2.2986245837431123
168,-2.2975909589110155,2.2975909589110155
169,-2.297590958911014,2.297590958911014
170,-2.297590955739729,2.297590955739729
171,-2.2975909557397283,2.2975909557397283
172,-2.293663334929879,2.293663334929879
173,-2.293663334929878,2.293663334929878
174,-2.293663324553032,2.293663324553032
175,-2.2936633245530316,2.2936633245530316
176,-2.2917195753848136,2.2917195753848136
177,-2.291719575384813,2.291719575384813
178,-2.291719142933236,2.291719142933236
179,-2.2917191429332355,2.2917191429332355
180,-2.2910033901914195,2.2910033901914195
181,-2.2910033901914195,2.2910033901914195
182,-2.2910032425700817,2.2910032425700817
183,-2.2910032425700813,2.2910032425700813
184,-2.2900617917740966,2.2900617917740966
185,-2.290061791774096,2.290061791774096
186,-2.28809726672244,2.28809726672244
187,-2.2880972667224384,2.2880972667224384
188,-2.2880972653125804,2.2880972653125804
189,-2.2880972653125795,2.2880972653125795
190,-2.285562780803842,2.285562780803842
191,-2.2855627808038412,2.2855627808038412
192,-2.285561264846339,2.285561264846339
193,-2.2855612648463386,2.2855612648463386
194,-2.2809234199453954,2.2809234199453954
195,-2.280923419945395,2.280923419945395
196,-2.280919163434252,2.280919163434252
197,-2.280919163434251,2.280919163434251
198,-2.2795118121008437,2.2795118121008437
199,-2.2795118121008433,2.2795118121008433
200,-2.2795118078613905,2.2795118078613905
201,-2.2795118078613883,2.2795118078613883
202,-2.2784322564932706,2.2784322564932706
203,-2.2784322564932706,2.2784322564932706
204,-2.2784160083536626,2.2784160083536626
205,-2.278416008353662,2.278416008353662
206,-2.2757784838336823,2.2757784838336823
207,-2.275778483833682,2.275778483833682
208,-2.275778317500609,2.275778317500609
209,-2.2757783175006088,2.2757783175006088
210,-2.272556094403176,2.272556094403176
211,-2.2725560944031753,2.2725560944031753
212,-2.272556092088888,2.272556092088888
213,-2.272556092088888,2.272556092088888
214,-2.2680155973199874,2.2680155973199874
215,-2.268015597319987,2.268015597319987
216,-2.2680155425194743,2.2680155425194743
217,-2.268015542519473,2.268015542519473
218,-2.266436568747659,2.266436568747659
219,-2.2664365687476584,2.2664365687476584
220,-2.266306010226463,2.266306010226463
221,-2.266306010226463,2.266306010226463
222,-2.2663050630080637,2.2663050630080637
223,-2.2663050630080637,2.2663050630080637
224,-2.26244712664087,2.26244712664087
225,-2.2624471266408697,2.2624471266408697
226,-2.2624471247539786,2.2624471247539786
227,-2.2624471247539786,2.2624471247539786
228,-2.2593746172895974,2.2593746172895974
229,-2.2593746172895974,2.2593746172895974
230,-2.259371488852518,2.259371488852518
231,-2.2593714888525174,2.2593714888525174
232,-2.2557122783770884,2.2557122783770884
233,-2.2557122783770875,2.2557122783770875
234,-2.255699617573292,2.255699617573292
235,-2.255699617573291,2.255699617573291
236,-2.2529115856982753,2.2529115856982753
237,-2.2529115856982744,2.2529115856982744
238,-2.252911581764168,2.252911581764168
239,-2.2529115817641663,2.2529115817641663
240,-2.248921562448945,2.248921562448945
241,-2.2489215624489445,2.2489215624489445
242,-2.2489212572807498,2.2489212572807498
243,-2.2489212572807484,2.2489212572807484
244,-2.246789398465252,2.246789398465252
245,-2.24678939846525,2.24678939846525
246,-2.2467893843384665,2.2467893843384665
247,-2.2467893843384665,2.2467893843384665
248,-2.2446779230016807,2.2446779230016807
249,-2.24467792300168,2.24467792300168
250,-2.240119906919542,2.240119906919542
251,-2.2401199069195417,2.2401199069195417
252,-2.240118247258993,2.240118247258993
253,-2.2401182472589922,2.2401182472589922
254,-2.23599826434927,2.23599826434927
255,-2.235998264349269,2.235998264349269
256,-2.235998262891152,2.235998262891152
257,-2.235998262891152,2.235998262891152
258,-2.235511661491436,2.235511661491436
259,-2.2355116614914357,2.2355116614914357
260,-2.2355038994665515,2.2355038994665515
261,-2.235503899466551,2.235503899466551
262,-2.2286438992794513,2.2286438992794513
263,-2.2286438992794495,2.2286438992794495
264,-2.2286438986843318,2.2286438986843318
265,-2.2286438986843318,2.2286438986843318
266,-2.2261209049507764,2.2261209049507764
267,-2.2261209049507764,2.2261209049507764
268,-2.224402070575276,2.224402070575276
269,-2.224402070575276,2.224402070575276
270,-2.2244016104672144,2.2244016104672144
271,-2.224401610467214,2.224401610467214
272,-2.2190930022198643,2.2190930022198643
273,-2.2190930022198643,2.2190930022198643
274,-2.219089660101102,2.219089660101102
275,-2.2190896601011016,2.2190896601011016
276,-2.214745379484729,2.214745379484729
277,-2.214745379484726,2.214745379484726
278,-2.214745378985128,2.214745378985128
279,-2.214745378985127,2.214745378985127
280,-2.211934900330614,2.211934900330614
281,-2.2119349003306135,2.2119349003306135
282,-2.2075096884206507,2.2075096884206507
283,-2.20750968842065,2.20750968842065
284,-2.2075089788761044,2.2075089788761044
285,-2.2075089788761044,2.2075089788761044
286,-2.2030337662731934,2.2030337662731934
287,-2.203033766273193,2.203033766273193
288,-1.597241704304697,1.597241704304697
289,-1.5972417043046956,1.5972417043046956
290,-1.5931523532747245,1.5931523532747245
291,-1.5931523532747187,1.5931523532747187
292,-1.5931518277762555,1.5931518277762555
293,-1.5931518277762549,1.5931518277762549
294,-1.5891044838642148,1.5891044838642148
295,-1.5891044838642143,1.5891044838642143
296,-1.5864766241927992,1.5864766241927992
297,-1.5864766241927992,1.5864766241927992
298,-1.5864766236303296,1.5864766236303296
299,-1.5864766236303287,1.5864766236303287
300,-1.5824978949258128,1.5824978949258128
301,-1.5824978949258124,1.5824978949258124
302,-1.582495337126219,1.582495337126219
303,-1.5824953371262185,1.5824953371262185
304,-1.5774434313205528,1.5774434313205528
305,-1.577443431320552,1.577443431320552
306,-1.5774430741851904,1.5774430741851904
307,-1.5774430741851895,1.5774430741851895
308,-1.5759975927001846,1.5759975927001846
309,-1.575997592700184,1.575997592700184
310,-1.5735528122532065,1.5735528122532065
311,-1.5735528122532052,1.5735528122532052
312,-1.5735528109728558,1.5735528109728558
313,-1.5735528109728552,1.5735528109728552
314,-1.5672012280559047,1.5672012280559047
315,-1.567201228055904,1.567201228055904
316,-1.5671950032478015,1.5671950032478015
317,-1.5671950032478008,1.5671950032478008
318,-1.5664004525377748,1.5664004525377748
319,-1.5664004525377742,1.5664004525377742
320,-1.566400450978529,1.566400450978529
321,-1.5664004509785283,1.5664004509785283
322,-1.562617214269739,1.562617214269739
323,-1.5626172142697388,1.5626172142697388
324,-1.5626158680257025,1.5626158680257025
325,-1.5626158680257018,1.5626158680257018
326,-1.5585902530824653,1.5585902530824653
327,-1.558590253082465,1.558590253082465
328,-1.556433666811358,1.556433666811358
329,-1.5564336668113574,1.5564336668113574
330,-1.556433662346513,1.556433662346513
331,-1.5564336623465114,1.5564336623465114
332,-1.5538353539288592,1.5538353539288592
333,-1.5538353539288583,1.5538353539288583
334,-1.5538351008766047,1.5538351008766047
335,-1.5538351008766038,1.5538351008766038
336,-1.5501686147919629,1.5501686147919629
337,-1.5501686147919629,1.5501686147919629
338,-1.550168609202591,1.550168609202591
339,-1.5501686092025904,1.5501686092025904
340,-1.548059605375762,1.548059605375762
341,-1.548059605375762,1.548059605375762
342,-1.5480488463501114,1.5480488463501114
343,-1.5480488463501114,1.5480488463501114
344,-1.5441764777472642,1.5441764777472642
345,-1.5441764777472635,1.5441764777472635
346,-1.5441737979068393,1.5441737979068393
347,-1.5441737979068388,1.5441737979068388
348,-1.5403808072023166,1.5403808072023166
349,-1.540380807202316,1.540380807202316
350,-1.540380804939296,1.540380804939296
351,-1.5403808049392957,1.5403808049392957
352,-1.5377910586899912,1.5377910586899912
353,-1.5377910586899908,1.5377910586899908
354,-1.5368356409309967,1.5368356409309967
355,-1.536835640930996,1.536835640930996
356,-1.5368348169487756,1.5368348169487756
357,-1.5368348169487756,1.5368348169487756
358,-1.5360478798357882,1.5360478798357882
359,-1.5360478798357868,1.5360478798357868
360,-1.5360478519111476,1.5360478519111476
361,-1.5360478519111471,1.5360478519111471
362,-1.5310374335029766,1.5310374335029766
363,-1.5310374335029762,1.5310374335029762
364,-1.5310374249616612,1.5310374249616612
365,-1.5310374249616603,1.5310374249616603
366,-1.5268050874366685,1.5268050874366685
367,-1.5268050874366679,1.5268050874366679
368,-1.526804939565473,1.526804939565473
369,-1.526804939565473,1.526804939565473
370,-1.5260938662811137,1.5260938662811137
371,-1.5260938662811132,1.5260938662811132
372,-1.526079120628107,1.526079120628107
373,-1.526079120628107,1.526079120628107
374,-1.5233768868423032,1.5233768868423032
375,-1.523376886842302,1.523376886842302
376,-1.5233768805467782,1.5233768805467782
377,-1.5233768805467782,1.5233768805467782
378,-1.5231730918511004,1.5231730918511004
379,-1.5231730918510988,1.5231730918510988
380,-1.5231692132194763,1.5231692132194763
381,-1.5231692132194756,1.5231692132194756
382,-1.5177698719643102,1.5177698719643102
383,-1.517769871964309,1.517769871964309
384,-1.5177684797913809,1.5177684797913809
385,-1.5177684797913795,1.5177684797913795
386,-1.5147166948881752,1.5147166948881752
387,-1.514716694888174,1.514716694888174
388,-1.5139727337864213,1.5139727337864213
389,-1.5139727337864213,1.5139727337864213
390,-1.5139727329071029,1.5139727329071029
391,-1.5139727329071024,1.5139727329071024
392,-1.5135227650999814,1.5135227650999814
393,-1.513522765099981,1.513522765099981
394,-1.5135226791044873,1.5135226791044873
395,-1.5135226791044873,1.5135226791044873
396,-1.510651596515071,1.510651596515071
397,-1.510651596515071,1.510651596515071
398,-1.5106511949699652,1.5106511949699652
399,-1.510651194969965,1.510651194969965
400,-1.5101568744389313,1.5101568744389313
401,-1.5101568744389304,1.5101568744389304
402,-1.510156869948333,1.510156869948333
403,-1.510156869948333,1.510156869948333
404,-1.5052167240907786,1.5052167240907786
405,-1.505216724090778,1.505216724090778
406,-1.5052167158383627,1.5052167158383627
407,-1.5052167158383623,1.5052167158383623
408,-1.502781110727506,1.502781110727506
409,-1.5027811107275058,1.5027811107275058
410,-1.5027810523056138,1.5027810523056138
411,-1.5027810523056122,1.5027810523056122
412,-1.5025091908128216,1.5025091908128216
413,-1.5025091908128212,1.5025091908128212
414,-1.5024924774874913,1.5024924774874913
415,-1.5024924774874906,1.5024924774874906
416,-1.500815923493338,1.500815923493338
417,-1.5008159234933374,1.5008159234933374
418,-1.5008114677919797,1.5008114677919797
419,-1.5008114677919797,1.5008114677919797
420,-1.4995496131196118,1.4995496131196118
421,-1.4995496131196102,1.4995496131196102
422,-1.4995496097267573,1.4995496097267573
423,-1.4995496097267567,1.4995496097267567
424,-1.4978367927421465,1.4978367927421465
425,-1.4978367927421463,1.4978367927421463
426,-1.497835133365696,1.497835133365696
427,-1.497835133365696,1.497835133365696
428,-1.494260948550863,1.494260948550863
429,-1.4942609485508627,1.4942609485508627
430,-1.4942604215510196,1.4942604215510196
431,-1.4942604215510193,1.4942604215510193
432,-1.4940729939107416,1.4940729939107416
433,-1.4940729939107413,1.4940729939107413
434,-1.4940729933905874,1.4940729933905874
435,-1.4940729933905865,1.4940729933905865
436,-1.4909094446285611,1.4909094446285611
437,-1.490909444628561,1.490909444628561
438,-1.490909337892249,1.490909337892249
439,-1.4909093378922487,1.4909093378922487
440,-1.4906479652788431,1.4906479652788431
441,-1.4906479652788425,1.4906479652788425
442,-1.4901319443257506,1.4901319443257506
443,-1.49013194432575,1.49013194432575
444,-1.490131681250879,1.490131681250879
445,-1.4901316812508787,1.4901316812508787
446,-1.4887716435199159,1.4887716435199159
447,-1.4887716435199156,1.4887716435199156
448,-1.4887716173837342,1.4887716173837342
449,-1.4887716173837329,1.4887716173837329
450,-1.4885419561927191,1.4885419561927191
451,-1.4885419561927185,1.4885419561927185
452,-1.48854194937979,1.48854194937979
453,-1.48854194937979,1.48854194937979
454,-1.4870752326112582,1.4870752326112582
455,-1.487075232611258,1.487075232611258
456,-1.4870752317603748,1.4870752317603748
457,-1.487075231760374,1.487075231760374
458,-1.4857306148954943,1.4857306148954943
459,-1.485730614895492,1.485730614895492
460,-1.4857306134381327,1.4857306134381327
461,-1.4857306134381323,1.4857306134381323
462,-1.4854205382428105,1.4854205382428105
463,-1.4854205382428105,1.4854205382428105
464,-1.4854205381631307,1.4854205381631307
465,-1.4854205381631302,1.4854205381631302
466,-1.4803103037745844,1.4803103037745844
467,-1.4803103037745837,1.4803103037745837
468,-1.4803102433706343,1.4803102433706343
469,-1.4803102433706339,1.4803102433706339
470,-1.4786931851368144,1.4786931851368144
471,-1.4786931851368141,1.4786931851368141
472,-1.4786927728360586,1.4786927728360586
473,-1.4786927728360575,1.4786927728360575
474,-1.4786424563393163,1.4786424563393163
475,-1.478642456339316,1.478642456339316
476,-1.4786266582074692,1.4786266582074692
477,-1.4786266582074679,1.4786266582074679
478,-1.4784033147053393,1.4784033147053393
479,-1.478403314705339,1.478403314705339
480,-1.4783991978739905,1.4783991978739905
481,-1.4783991978739903,1.4783991978739903
482,-1.4782470672777617,1.4782470672777617
483,-1.478247067277761,1.478247067277761
484,-1.4782456001520499,1.4782456001520499
485,-1.4782456001520494,1.4782456001520494
486,-1.473364560869021,1.473364560869021
487,-1.473364560869021,1.473364560869021
488,-1.4733645589287325,1.4733645589287325
489,-1.473364558928732,1.473364558928732
490,-1.4700427510695857,1.4700427510695857
491,-1.470042751069585,1.470042751069585
492,-1.4700427374429037,1.4700427374429037
493,-1.4700427374429035,1.4700427374429035
494,-1.4681399628358316,1.4681399628358316
495,-1.4681399628358311,1.4681399628358311
496,-1.4681398958159795,1.4681398958159795
497,-1.4681398958159795,1.4681398958159795
498,-1.467230514404731,1.467230514404731
499,-1.4672305144047304,1.4672305144047304
500,-1.467230065377391,1.467230065377391
501,-1.467230065377391,1.467230065377391
502,-1.4669701044962256,1.4669701044962256
503,-1.4669701044962251,1.4669701044962251
504,-1.4648256623078635,1.4648256623078635
505,-1.464825662307863,1.464825662307863
506,-1.4648255003575108,1.4648255003575108
507,-1.4648255003575108,1.4648255003575108
508,-1.4601366853466848,1.4601366853466848
509,-1.460136685346684,1.460136685346684
510,-1.4601357625971398,1.4601357625971398
511,-1.4601357625971392,1.4601357625971392
512,-1.457247249081089,1.457247249081089
513,-1.4572472490810888,1.4572472490810888
514,-1.4572442003244788,1.4572442003244788
515,-1.4572442003244777,1.4572442003244777
516,-1.4558940700993113,1.4558940700993113
517,-1.4558940700993106,1.4558940700993106
518,-1.4558817269527773,1.4558817269527773
519,-1.4558817269527773,1.4558817269527773
520,-1.4550438891086932,1.4550438891086932
521,-1.4550438891086912,1.4550438891086912
522,-1.4550438862761552,1.4550438862761552
523,-1.455043886276155,1.455043886276155
524,-1.4494526017243188,1.4494526017243188
525,-1.4494526017243186,1.4494526017243186
526,-1.4494525867716814,1.4494525867716814
527,-1.4494525867716812,1.4494525867716812
528,-1.446177117511651,1.446177117511651
529,-1.4461771175116493,1.4461771175116493
530,-1.446177050848529,1.446177050848529
531,-1.446177050848528,1.446177050848528
532,-1.4451020967480754,1.4451020967480754
533,-1.4451020967480752,1.4451020967480752
534,-1.4444919073983455,1.4444919073983455
535,-1.444491907398344,1.444491907398344
536,-1.4444916098612526,1.4444916098612526
537,-1.4444916098612526,1.4444916098612526
538,-1.4385931293685192,1.4385931293685192
539,-1.4385931293685184,1.4385931293685184
540,-1.4385915104422993,1.4385915104422993
541,-1.438591510442298,1.438591510442298
542,-1.4356480459707814,1.4356480459707814
543,-1.4356480459707812,1.4356480459707812
544,-1.435640472264948,1.435640472264948
545,-1.4356404722649478,1.4356404722649478
546,-1.433761784050845,1.433761784050845
547,-1.4337617840508445,1.4337617840508445
548,-1.4337617812608772,1.4337617812608772
549,-1.4337617812608767,1.4337617812608767
550,-1.428252541286777,1.428252541286777
551,-1.4282525412867764,1.4282525412867764
552,-1.4282525268825914,1.4282525268825914
553,-1.4282525268825912,1.4282525268825912
554,-1.426402439566881,1.426402439566881
555,-1.4264024395668806,1.4264024395668806
556,-1.423543071499112,1.423543071499112
557,-1.423543071499111,1.423543071499111
558,-1.423542622376385,1.423542622376385
559,-1.4235426223763838,1.4235426223763838
560,-1.4191774609603007,1.4191774609603007
561,-1.4191774609602996,1.4191774609602996
562,-1.4191741977771515,1.4191741977771515
563,-1.4191741977771504,1.4191741977771504
564,-1.4145696414675548,1.4145696414675548
565,-1.4145696414675542,1.4145696414675542
566,-1.4145696397434315,1.4145696397434315
567,-1.414569639743431,1.414569639743431
568,-1.4120755573726336,1.4120755573726336
569,-1.4120755573726336,1.4120755573726336
570,-1.407548981261737,1.407548981261737
571,-1.407548981261736,1.407548981261736
572,-1.4075482881597488,1.4075482881597488
573,-1.4075482881597474,1.4075482881597474
574,-1.4030714736964836,1.4030714736964836
575,-1.4030714736964822,1.4030714736964822
576,0.8030939500135954,0.8030939500135954
577,0.803093950013596,0.803093950013596
578,0.8076169992619563,0.8076169992619563
579,0.8076169992619564,0.8076169992619564
580,0.8076170459374356,0.8076170459374356
581,0.8076170459374357,0.8076170459374357
582,0.8121596762661876,0.8121596762661876
583,0.8121596762661881,0.8121596762661881
584,0.8147668613853415,0.8147668613853415
585,0.8147668613853428,0.8147668613853428
586,0.8147668614381668,0.8147668614381668
587,0.814766861438167,0.814766861438167
588,0.8193406397067002,0.8193406397067002
589,0.8193406397067002,0.8193406397067002
590,0.8193408654482469,0.8193408654482469
591,0.8193408654482471,0.8193408654482471
592,0.8240114233620865,0.8240114233620865
593,0.8240114233620892,0.8240114233620892
594,0.8240114547853414,0.8240114547853414
595,0.8240114547853421,0.8240114547853421
596,0.8265716661299723,0.8265716661299723
597,0.8265716661299727,0.8265716661299727
598,0.8286262378517206,0.8286262378517206
599,0.8286262378517212,0.8286262378517212
600,0.8286262381736967,0.8286262381736967
601,0.8286262381736968,0.8286262381736968
602,0.8346958907032458,0.8346958907032458
603,0.8346958907032469,0.8346958907032469
604,0.8346958908029242,0.8346958908029242
605,0.8346958908029245,0.8346958908029245
606,0.8359221539224991,0.8359221539224991
607,0.8359221539224995,0.8359221539224995
608,0.8359226967405603,0.8359226967405603
609,0.8359226967405604,0.8359226967405604
610,0.8393586409489273,0.8393586409489273
611,0.8393586409489274,0.8393586409489274
612,0.839358758007218,0.839358758007218
613,0.8393587580072184,0.8393587580072184
614,0.8453586913798712,0.8453586913798712
615,0.8453586913798716,0.8453586913798716
616,0.8461091358933172,0.8461091358933172
617,0.8461091358933177,0.8461091358933177
618,0.8461091577654958,0.8461091577654958
619,0.8461091577654966,0.8461091577654966
620,0.8467315044809992,0.8467315044809992
621,0.8467315044809998,0.8467315044809998
622,0.846731505425957,0.846731505425957
623,0.8467315054259574,0.8467315054259574
624,0.8508241079108014,0.8508241079108014
625,0.8508241079108015,0.8508241079108015
626,0.8508241083387813,0.8508241083387813
627,0.8508241083387821,0.8508241083387821
628,0.8562677011859224,0.8562677011859224
629,0.8562677011859225,0.8562677011859225
630,0.8562686216942615,0.8562686216942615
631,0.8562686216942617,0.8562686216942617
632,0.8575450425045481,0.8575450425045481
633,0.8575450425045485,0.8575450425045485
634,0.8575450426115571,0.8575450426115571
635,0.8575450426115572,0.8575450426115572
636,0.8582800435752101,0.8582800435752101
637,0.8582800435752108,0.8582800435752108
638,0.8582802723907108,0.8582802723907108
639,0.8582802723907109,0.8582802723907109
640,0.862313126655354,0.862313126655354
641,0.8623131266553543,0.8623131266553543
642,0.8623131967191826,0.8623131967191826
643,0.8623131967191832,0.8623131967191832
644,0.8672955281150367,0.8672955281150367
645,0.8672955281150371,0.8672955281150371
646,0.8679259144812423,0.8679259144812423
647,0.8679259144812425,0.8679259144812425
648,0.867925916740703,0.867925916740703
649,0.8679259167407046,0.8679259167407046
650,0.8683504360282893,0.8683504360282893
651,0.8683504360282905,0.8683504360282905
652,0.868350448521471,0.868350448521471
653,0.8683504485214716,0.8683504485214716
654,0.8698540762099921,0.8698540762099921
655,0.8698540762099924,0.8698540762099924
656,0.8698540771443689,0.8698540771443689
657,0.8698540771443694,0.8698540771443694
658,0.8731696196525935,0.8731696196525935
659,0.8731696196525941,0.8731696196525941
660,0.8731696200150821,0.8731696200150821
661,0.8731696200150837,0.8731696200150837
662,0.8779574590373305,0.8779574590373305
663,0.877957459037331,0.877957459037331
664,0.8779574591081014,0.8779574591081014
665,0.877957459108102,0.877957459108102
666,0.879080835508922,0.879080835508922
667,0.8790808355089226,0.8790808355089226
668,0.8790820642296668,0.8790820642296668
669,0.8790820642296671,0.8790820642296671
670,0.8796109279837612,0.8796109279837612
671,0.8796109279837613,0.8796109279837613
672,0.8796112510348719,0.8796112510348719
673,0.879611251034872,0.879611251034872
674,0.8807920058897113,0.8807920058897113
675,0.8807920058897114,0.8807920058897114
676,0.8807921217175072,0.8807921217175072
677,0.8807921217175072,0.8807921217175072
678,0.882822695204279,0.882822695204279
679,0.8828226952042794,0.8828226952042794
680,0.8828227285431544,0.8828227285431544
681,0.8828227285431554,0.8828227285431554
682,0.8859007369023968,0.8859007369023968
683,0.8859007369023972,0.8859007369023972
684,0.885900741740691,0.885900741740691
685,0.8859007417406921,0.8859007417406921
686,0.8905187395173769,0.8905187395173769
687,0.8905187395173773,0.8905187395173773
688,0.8905187396685709,0.8905187396685709
689,0.8905187396685716,0.8905187396685716
690,0.8906559857951716,0.8906559857951716
691,0.8906559857951721,0.8906559857951721
692,0.8906559868985338,0.8906559868985338
693,0.8906559868985341,0.8906559868985341
694,0.8908045715684298,0.8908045715684298
695,0.8908045715684301,0.8908045715684301
696,0.8908045716221997,0.8908045716221997
697,0.8908045716222,0.8908045716222
698,0.8908973609654094,0.8908973609654094
699,0.890897360965411,0.890897360965411
700,0.8908973686736374,0.8908973686736374
701,0.8908973686736379,0.8908973686736379
702,0.8910067627451806,0.8910067627451806
703,0.8910067627451816,0.8910067627451816
704,0.8918232408482635,0.8918232408482635
705,0.8918232408482644,0.8918232408482644
706,0.8918232408724807,0.8918232408724807
707,0.8918232408724809,0.8918232408724809
708,0.8954748910720862,0.8954748910720862
709,0.8954748910720876,0.8954748910720876
710,0.8954748916288935,0.8954748916288935
711,0.8954748916288938,0.8954748916288938
712,0.896756118550514,0.896756118550514
713,0.8967561185505145,0.8967561185505145
714,0.8967561272549673,0.8967561272549673
715,0.8967561272549679,0.8967561272549679
716,0.8985622023829012,0.8985622023829012
717,0.8985622023829021,0.8985622023829021
718,0.8985622452256135,0.8985622452256135
719,0.898562245225615,0.898562245225615
720,0.9004258060278655,0.9004258060278655
721,0.9004258060278661,0.9004258060278661
722,0.9004258060489458,0.9004258060489458
723,0.900425806048946,0.900425806048946
724,0.9004791144499359,0.9004791144499359
725,0.9004791144499359,0.9004791144499359
726,0.900479248887989,0.900479248887989
727,0.900479248887989,0.900479248887989
728,0.9020677644059526,0.9020677644059526
729,0.9020677644059529,0.9020677644059529
730,0.9020681243629146,0.9020681243629146
731,0.9020681243629148,0.9020681243629148
732,0.9029642369124257,0.9029642369124257
733,0.9029642369124274,0.9029642369124274
734,0.9029655847977474,0.9029655847977474
735,0.9029655847977491,0.9029655847977491
736,0.9045601824047208,0.9045601824047208
737,0.9045601824047212,0.9045601824047212
738,0.9045601825627306,0.9045601825627306
739,0.9045601825627309,0.9045601825627309
740,0.9082586730114387,0.9082586730114387
741,0.908258673011439,0.908258673011439
742,0.9082586778575081,0.9082586778575081
743,0.9082586778575088,0.9082586778575088
744,0.908603511287878,0.908603511287878
745,0.9086035112878782,0.9086035112878782
746,0.9086035117609291,0.9086035117609291
747,0.9086035117609295,0.9086035117609295
748,0.9120046380495165,0.9120046380495165
749,0.9120046380495166,0.9120046380495166
750,0.9120046388694679,0.9120046388694679
751,0.9120046388694683,0.9120046388694683
752,0.9142722702602681,0.9142722702602681
753,0.9142722702602682,0.9142722702602682
754,0.91427227051752,0.91427227051752
755,0.9142722705175201,0.9142722705175201
756,0.914662348319394,0.914662348319394
757,0.9146623483193947,0.9146623483193947
758,0.9146623817201927,0.9146623817201927
759,0.9146623817201933,0.9146623817201933
760,0.9150682786927594,0.9150682786927594
761,0.9150682786927595,0.9150682786927595
762,0.918398666350994,0.918398666350994
763,0.9183986663509941,0.9183986663509941
764,0.9183986664165401,0.9183986664165401
765,0.918398666416541,0.918398666416541
766,0.9202240069468243,0.9202240069468243
767,0.920224006946825,0.920224006946825
768,0.9202241229755811,0.9202241229755811
769,0.920224122975582,0.920224122975582
770,0.9243323731384022,0.9243323731384022
771,0.9243323731384026,0.9243323731384026
772,0.924332696655427,0.924332696655427
773,0.9243326966554274,0.9243326966554274
774,0.9263545623761158,0.9263545623761158
775,0.9263545623761159,0.9263545623761159
776,0.9263545626787941,0.9263545626787941
777,0.9263545626787948,0.9263545626787948
778,0.9265147222633269,0.9265147222633269
779,0.9265147222633273,0.9265147222633273
780,0.9265159524533316,0.9265159524533316
781,0.9265159524533317,0.9265159524533317
782,0.9301353469424217,0.9301353469424217
783,0.930135346942422,0.930135346942422
784,0.9301353594804969,0.9301353594804969
785,0.9301353594804971,0.9301353594804971
786,0.9326555290407016,0.9326555290407016
787,0.9326555290407018,0.9326555290407018
788,0.9326555296816315,0.9326555296816315
789,0.9326555296816319,0.9326555296816319
790,0.9367018543183137,0.9367018543183137
791,0.9367018543183143,0.9367018543183143
792,0.9367018549324503,0.9367018549324503
793,0.9367018549324506,0.9367018549324506
794,0.9380968477978628,0.9380968477978628
795,0.9380968477978631,0.9380968477978631
796,0.9388640377418623,0.9388640377418623
797,0.9388640377418626,0.9388640377418626
798,0.9388641080719043,0.9388641080719043
799,0.9388641080719045,0.9388641080719045
800,0.9426933368710378,0.9426933368710378
801,0.942693336871039,0.942693336871039
802,0.942693336961513,0.942693336961513
803,0.9426933369615131,0.9426933369615131
804,0.9451305865202609,0.9451305865202609
805,0.9451305865202612,0.9451305865202612
806,0.9451308161806501,0.9451308161806501
807,0.9451308161806505,0.9451308161806505
808,0.9484044595503935,0.9484044595503935
809,0.9484044595503935,0.9484044595503935
810,0.9484053833195206,0.9484053833195206
811,0.9484053833195211,0.9484053833195211
812,0.9514190335428704,0.9514190335428704
813,0.9514190335428704,0.9514190335428704
814,0.9514190338605414,0.9514190338605414
815,0.9514190338605415,0.9514190338605415
816,0.9552978517954271,0.9552978517954271
817,0.9552978517954278,0.9552978517954278
818,0.9552978738061141,0.9552978738061141
819,0.9552978738061151,0.9552978738061151
820,0.9569357161807569,0.9569357161807569
821,0.9569357161807571,0.9569357161807571
822,0.9569357166256437,0.9569357166256437
823,0.956935716625644,0.956935716625644
824,0.9588229338575734,0.9588229338575734
825,0.958822933857574,0.958822933857574
826,0.9633008567641207,0.9633008567641207
827,0.9633008567641208,0.9633008567641208
828,0.9633009746618492,0.9633009746618492
829,0.9633009746618492,0.9633009746618492
830,0.9672275037648704,0.9672275037648704
831,0.9672275037648705,0.9672275037648705
832,0.9672275038396668,0.9672275038396668
833,0.9672275038396675,0.9672275038396675
834,0.9674456888772818,0.9674456888772818
835,0.967445688877282,0.967445688877282
836,0.9674462358185016,0.9674462358185016
837,0.9674462358185021,0.9674462358185021
838,0.9738807211906997,0.9738807211906997
839,0.9738807211906998,0.9738807211906998
840,0.9738807213798016,0.9738807213798016
841,0.9738807213798026,0.9738807213798026
842,0.9761463923403039,0.9761463923403039
843,0.9761463923403039,0.9761463923403039
844,0.977850519969141,0.977850519969141
845,0.9778505199691416,0.9778505199691416
846,0.977850551753254,0.977850551753254
847,0.9778505517532545,0.9778505517532545
848,0.9826394236367354,0.9826394236367354
849,0.9826394236367355,0.9826394236367355
850,0.9826396522901448,0.9826396522901448
851,0.9826396522901452,0.9826396522901452
852,0.986645641378104,0.986645641378104
853,0.9866456413781041,0.9866456413781041
854,0.9866456414127605,0.9866456414127605
855,0.9866456414127609,0.9866456414127609
856,0.989176734683433,0.989176734683433
857,0.9891767346834336,0.9891767346834336
858,0.9932101966711644,0.9932101966711644
859,0.9932101966711645,0.9932101966711645
860,0.9932102441888332,0.9932102441888332
861,0.9932102441888334,0.9932102441888334
862,0.9972607286119926,0.9972607286119926
863,0.9972607286119926,0.9972607286119926
864,2.803011112113096,2.803011112113096
865,2.8030111121130963,2.8030111121130963
866,2.807440510995541,2.807440510995541
867,2.807440510995541,2.807440510995541
868,2.807440606680424,2.807440606680424
869,2.807440606680425,2.807440606680425
870,2.8118501882278055,2.8118501882278055
871,2.8118501882278064,2.8118501882278064
872,2.814547577408274,2.814547577408274
873,2.814547577408274,2.814547577408274
874,2.8145475774337854,2.8145475774337854
875,2.8145475774337863,2.8145475774337863
876,2.818925397307824,2.818925397307824
877,2.8189253973078254,2.8189253973078254
878,2.8189258491783304,2.8189258491783304
879,2.8189258491783313,2.8189258491783313
880,2.823932588847796,2.823932588847796
881,2.823932588847796,2.823932588847796
882,2.8239326511855376,2.8239326511855376
883,2.8239326511855385,2.8239326511855385
884,2.8259507165396016,2.8259507165396016
885,2.8259507165396025,2.8259507165396025
886,2.828269359696257,2.828269359696257
887,2.828269359696257,2.828269359696257
888,2.8282693597701463,2.8282693597701463
889,2.8282693597701463,2.8282693597701463
890,2.8350636774361604,2.8350636774361604
891,2.8350636774361617,2.8350636774361617
892,2.8350636774936153,2.8350636774936153
893,2.8350636774936153,2.8350636774936153
894,2.835228077065093,2.835228077065093
895,2.835228077065093,2.835228077065093
896,2.8352291303114914,2.8352291303114914
897,2.8352291303114923,2.8352291303114923
898,2.8393519018234854,2.8393519018234854
899,2.839351901823486,2.839351901823486
900,2.8393521276025564,2.8393521276025564
901,2.8393521276025573,2.8393521276025573
902,2.844420336218977,2.844420336218977
903,2.844420336218977,2.844420336218977
904,2.8462340812977818,2.8462340812977818
905,2.846234081297783,2.846234081297783
906,2.846234081402785,2.846234081402785
907,2.8462340814027858,2.8462340814027858
908,2.8473038195551794,2.8473038195551794
909,2.8473038195551807,2.8473038195551807
910,2.8473038612616257,2.8473038612616257
911,2.847303861261626,2.847303861261626
912,2.851539684268373,2.851539684268373
913,2.8515396842683733,2.8515396842683733
914,2.851539684460426,2.851539684460426
915,2.851539684460426,2.851539684460426
916,2.8553239471826046,2.8553239471826046
917,2.8553239471826055,2.8553239471826055
918,2.8553256725517624,2.8553256725517624
919,2.855325672551764,2.855325672551764
920,2.858337817954342,2.858337817954342
921,2.8583378179543426,2.8583378179543426
922,2.8583382455367796,2.8583382455367796
923,2.85833824553678,2.85833824553678
924,2.8599461133694533,2.8599461133694533
925,2.859946113369455,2.859946113369455
926,2.8599461134348827,2.8599461134348827
927,2.8599461134348827,2.8599461134348827
928,2.8641284729796697,2.8641284729796697
929,2.86412847297967,2.86412847297967
930,2.8641286031173903,2.8641286031173903
931,2.8641286031173903,2.8641286031173903
932,2.866110826809514,2.866110826809514
933,2.866110826809516,2.866110826809516
934,2.867319160384524,2.867319160384524
935,2.8673191603845245,2.8673191603845245
936,2.867319161447397,2.867319161447397
937,2.867319161447397,2.867319161447397
938,2.8708416692021155,2.8708416692021155
939,2.8708416692021155,2.8708416692021155
940,2.870841669436381,2.870841669436381
941,2.8708416694363823,2.8708416694363823
942,2.8722538985267945,2.8722538985267945
943,2.8722538985267945,2.8722538985267945
944,2.8722539215260237,2.8722539215260237
945,2.8722539215260245,2.8722539215260245
946,2.8763851011522545,2.8763851011522545
947,2.8763851011522568,2.8763851011522568
948,2.8763851013287933,2.8763851013287933
949,2.876385101328796,2.876385101328796
950,2.877975478971877,2.877975478971877
951,2.877975478971877,2.877975478971877
952,2.877977703567005,2.877977703567005
953,2.8779777035670064,2.8779777035670064
954,2.8797109088782538,2.8797109088782538
955,2.8797109088782546,2.8797109088782546
956,2.879711493448494,2.879711493448494
957,2.879711493448494,2.879711493448494
958,2.8830163797465644,2.8830163797465644
959,2.8830163797465653,2.8830163797465653
960,2.8830165890634376,2.8830165890634376
961,2.8830165890634407,2.8830165890634407
962,2.883504798601252,2.883504798601252
963,2.883504798601253,2.883504798601253
964,2.883504798643796,2.883504798643796
965,2.8835047986437967,2.8835047986437967
966,2.8875897866667546,2.8875897866667546
967,2.8875897866667546,2.8875897866667546
968,2.887589846768075,2.887589846768075
969,2.8875898467680754,2.8875898467680754
970,2.8897027036094087,2.8897027036094087
971,2.88970270360941,2.88970270360941
972,2.890237648158105,2.890237648158105
973,2.890237648158106,2.890237648158106
974,2.890237652912372,2.890237652912372
975,2.890237652912372,2.890237652912372
976,2.8917789254047146,2.8917789254047146
977,2.8917789254047146,2.8917789254047146
978,2.8917789256452124,2.8917789256452124
979,2.891778925645214,2.891778925645214
980,2.893034479224377,2.893034479224377
981,2.893034479224379,2.893034479224379
982,2.893034487912639,2.893034487912639
983,2.893034487912641,2.893034487912641
984,2.8941475100983833,2.8941475100983833
985,2.894147510098384,2.894147510098384
986,2.8941475102542182,2.8941475102542182
987,2.894147510254219,2.894147510254219
988,2.89708088157894,2.89708088157894
989,2.8970808815789404,2.8970808815789404
990,2.897080881657919,2.897080881657919
991,2.89708088165792,2.89708088165792
992,2.90027783653693,2.90027783653693
993,2.900277836536931,2.900277836536931
994,2.900277836548788,2.900277836548788
995,2.900277836548788,2.900277836548788
996,2.9018202650321085,2.9018202650321085
997,2.9018202650321085,2.9018202650321085
998,2.9018226277491945,2.9018226277491945
999,2.9018226277491954,2.9018226277491954
1000,2.902179313903431,2.902179313903431
1001,2.9021793139034315,2.9021793139034315
1002,2.9021799457108544,2.9021799457108544
1003,2.9021799457108557,2.9021799457108557
1004,2.90281326959165,2.90281326959165
1005,2.9028132695916513,2.9028132695916513
1006,2.9028135061420435,2.9028135061420435
1007,2.902813506142045,2.902813506142045
1008,2.9035768904425763,2.9035768904425763
1009,2.903576890442577,2.903576890442577
1010,2.9035769660493207,2.9035769660493207
1011,2.903576966049321,2.903576966049321
1012,2.9042951703579534,2.9042951703579534
1013,2.9042951703579543,2.9042951703579543
1014,2.9042951857621966,2.9042951857621966
1015,2.904295185762197,2.904295185762197
1016,2.904804030081013,2.904804030081013
1017,2.904804030081015,2.904804030081015
1018,2.9048040310683643,2.9048040310683643
1019,2.9048040310683647,2.9048040310683647
1020,2.908803345107812,2.908803345107812
1021,2.908803345107815,2.908803345107815
1022,2.908803345122585,2.908803345122585
1023,2.9088033451225863,2.9088033451225863
1024,2.910744836021936,2.910744836021936
1025,2.910744836021936,2.910744836021936
1026,2.910744836162428,2.910744836162428
1027,2.910744836162429,2.910744836162429
1028,2.9121620000012824,2.9121620000012824
1029,2.912162000001283,2.912162000001283
1030,2.912162000682913,2.912162000682913
1031,2.9121620006829136,2.9121620006829136
1032,2.913100659312105,2.913100659312105
1033,2.9131006593121076,2.9131006593121076
1034,2.9131006622663507,2.9131006622663507
1035,2.9131006622663516,2.9131006622663516
1036,2.9136267273989143,2.9136267273989143
1037,2.913626727398915,2.913626727398915
1038,2.913626745055428,2.913626745055428
1039,2.9136267450554283,2.9136267450554283
1040,2.9137950996123427,2.9137950996123427
1041,2.9137950996123436,2.9137950996123436
1042,2.9152242164828874,2.9152242164828874
1043,2.915224216482888,2.915224216482888
1044,2.915224224932721,2.915224224932721
1045,2.915224224932722,2.915224224932722
1046,2.919269063390666,2.919269063390666
1047,2.919269063390666,2.919269063390666
1048,2.9192691211509705,2.9192691211509705
1049,2.9192691211509714,2.9192691211509714
1050,2.922354229139458,2.922354229139458
1051,2.9223542291394584,2.9223542291394584
1052,2.9223544283793483,2.9223544283793483
1053,2.9223544283793492,2.9223544283793492
1054,2.9237107363229264,2.9237107363229264
1055,2.9237107363229304,2.9237107363229304
1056,2.923710736362085,2.923710736362085
1057,2.9237107363620862,2.9237107363620862
1058,2.924424149842427,2.924424149842427
1059,2.924424149842428,2.924424149842428
1060,2.924424702527985,2.924424702527985
1061,2.9244247025279857,2.9244247025279857
1062,2.925459895816585,2.925459895816585
1063,2.925459895816585,2.925459895816585
1064,2.9254619917854057,2.9254619917854057
1065,2.9254619917854074,2.9254619917854074
1066,2.929389940829003,2.929389940829003
1067,2.929389940829004,2.929389940829004
1068,2.9293899410492172,2.9293899410492172
1069,2.9293899410492177,2.9293899410492177
1070,2.9335748025739,2.9335748025739
1071,2.9335748025739012,2.9335748025739012
1072,2.933574803276979,2.933574803276979
1073,2.93357480327698,2.93357480327698
1074,2.9337872087491847,2.9337872087491847
1075,2.9337872087491874,2.9337872087491874
1076,2.93378723004028,2.93378723004028
1077,2.93378723004028,2.93378723004028
1078,2.936132740951063,2.936132740951063
1079,2.9361327409510642,2.9361327409510642
1080,2.9361327437157514,2.9361327437157514
1081,2.9361327437157527,2.9361327437157527
1082,2.93699275554938,2.93699275554938
1083,2.9369927555493804,2.9369927555493804
1084,2.9405325720327364,2.9405325720327364
1085,2.9405325720327364,2.9405325720327364
1086,2.9405326902780287,2.9405326902780287
1087,2.9405326902780287,2.9405326902780287
1088,2.944881621122619,2.944881621122619
1089,2.944881621122619,2.944881621122619
1090,2.94488162117569,2.94488162117569
1091,2.94488162117569,2.94488162117569
1092,2.9451774727831785,2.9451774727831785
1093,2.945177472783179,2.945177472783179
1094,2.9451778562362523,2.9451778562362523
1095,2.9451778562362523,2.9451778562362523
1096,2.9475427102918053,2.9475427102918053
1097,2.947542710291806,2.947542710291806
1098,2.9475442471810305,2.9475442471810305
1099,2.9475442471810305,2.9475442471810305
1100,2.952056054283572,2.952056054283572
1101,2.952056054283574,2.952056054283574
1102,2.9520560545295864,2.9520560545295864
1103,2.9520560545295877,2.9520560545295877
1104,2.9563557000564358,2.9563557000564358
1105,2.956355700056438,2.956355700056438
1106,2.9563557364305075,2.9563557364305075
1107,2.9563557364305084,2.9563557364305084
1108,2.956486934804716,2.956486934804716
1109,2.9564869348047167,2.9564869348047167
1110,2.9564869356606214,2.9564869356606214
1111,2.9564869356606223,2.9564869356606223
1112,2.9579848001160856,2.9579848001160856
1113,2.957984800116086,2.957984800116086
1114,2.96328877227752,2.96328877227752
1115,2.963288772277522,2.963288772277522
1116,2.9632889655438226,2.9632889655438226
1117,2.9632889655438244,2.9632889655438244
1118,2.966836093479346,2.966836093479346
1119,2.9668360934793463,2.9668360934793463
1120,2.9668369864124764,2.9668369864124764
1121,2.9668369864124777,2.9668369864124777
1122,2.9675410480632736,2.9675410480632736
1123,2.9675410480632767,2.9675410480632767
1124,2.9675410481099136,2.9675410481099136
1125,2.9675410481099145,2.9675410481099145
1126,2.973569342629209,2.973569342629209
1127,2.973569342629209,2.973569342629209
1128,2.973569342838447,2.973569342838447
1129,2.9735693428384486,2.9735693428384486
1130,2.975611367150017,2.975611367150017
1131,2.975611367150017,2.975611367150017
1132,2.977778552675842,2.977778552675842
1133,2.9777785526758422,2.9777785526758422
1134,2.9777786040698726,2.9777786040698726
1135,2.977778604069874,2.977778604069874
1136,2.9822859987332166,2.9822859987332166
1137,2.982285998733218,2.982285998733218
1138,2.982286366848901,2.982286366848901
1139,2.9822863668489035,2.9822863668489035
1140,2.9864593908407757,2.9864593908407757
1141,2.986459390840778,2.986459390840778
1142,2.9864593908663606,2.9864593908663606
1143,2.986459390866362,2.986459390866362
1144,2.988917271454409,2.988917271454409
1145,2.9889172714544103,2.9889172714544103
1146,2.9930632701125797,2.9930632701125797
1147,2.9930632701125806,2.9930632701125806
1148,2.9930633459118146,2.9930633459118146
1149,2.993063345911815,2.993063345911815
1150,2.9971924588635406,2.9971924588635406
1151,2.997192458863541,2.997192458863541
