point_id,v,t,lm,gap,chern,z2,edge_state,corner_state,Wilson_loop,category
v_0p00_t_0p00_lm_0p30,0.0,0.0,0.3,0.7999999999999996,-6.532765346004787e-17,1,0,0,-0.8519746806191896,robust_nontrivial
v_0p00_t_0p00_lm_0p50,0.0,0.0,0.5,-7.363859260972749e-16,-6.702605395988921e-17,1,1,0,0.5327187784318699,near_transition
v_0p00_t_0p10_lm_0p00,0.0,0.1,0.0,1.5999999999999999,-9.67504695710789e-18,1,0,0,-1.3345358240219445,robust_nontrivial
v_0p00_t_0p10_lm_0p20,0.0,0.1,0.2,1.1999999999999988,2.3709562766312036e-16,1,0,0,-0.5705605413630981,robust_nontrivial
v_0p00_t_0p10_lm_0p30,0.0,0.1,0.3,0.7999999999999996,-2.417462511125848e-16,1,0,0,1.1507439095453218,robust_nontrivial
v_0p00_t_0p10_lm_0p50,0.0,0.1,0.5,-1.5574709561725398e-15,-4.604860674960462e-17,0,1,0,-0.37580973555342745,near_transition
v_0p00_t_0p20_lm_0p40,0.0,0.2,0.4,0.3999999999999986,-1.99012509186665e-16,1,0,0,-1.2133855291587727,robust_nontrivial
v_0p00_t_0p20_lm_0p50,0.0,0.2,0.5,-3.530832067218416e-16,1.6641841791843937e-17,1,1,0,1.4638840399105955,near_transition
v_0p00_t_0p30_lm_0p20,0.0,0.3,0.2,0.7999999999999992,2.025988406036526e-16,1,0,0,-0.7630142659762528,robust_nontrivial
v_0p00_t_0p30_lm_0p30,0.0,0.3,0.3,0.7999999999999978,2.9113461302435073e-16,1,0,0,-0.678994589928174,robust_nontrivial
v_0p00_t_0p30_lm_0p50,0.0,0.3,0.5,-1.004296187742555e-15,1.8338134182188512e-17,1,1,0,-0.6340322954321765,near_transition
v_0p00_t_0p40_lm_0p00,0.0,0.4,0.0,0.39999999999999997,-2.0497236728423833e-16,1,0,0,-1.3353256030612484,robust_nontrivial
v_0p00_t_0p40_lm_0p20,0.0,0.4,0.2,0.3999999999999996,1.6369465297987095e-16,1,0,0,-0.5878034273007252,robust_nontrivial
v_0p00_t_0p40_lm_0p40,0.0,0.4,0.4,0.39999999999999863,1.3131176276461965e-16,1,0,0,-1.1068287575415723,robust_nontrivial
v_0p00_t_0p40_lm_0p50,0.0,0.4,0.5,-1.1085075567806953e-15,5.676183955366663e-18,0,1,0,0.3347452516789598,near_transition
v_0p00_t_0p50_lm_0p00,0.0,0.5,0.0,-9.246520377345352e-16,-3.7048668475748467e-16,1,1,0,0.8181682331875754,near_transition
v_0p00_t_0p50_lm_0p10,0.0,0.5,0.1,-7.886446013010754e-16,-2.407398467897228e-17,0,1,0,-0.056844590910076626,near_transition
v_0p00_t_0p50_lm_0p20,0.0,0.5,0.2,-4.379148013447344e-16,-1.1033355161495256e-16,0,1,0,0.0930502264234026,near_transition
v_0p00_t_0p50_lm_0p30,0.0,0.5,0.3,-6.449025199889795e-16,7.19862601764885e-17,1,1,0,0.5061749983079312,near_transition
v_0p00_t_0p50_lm_0p40,0.0,0.5,0.4,-8.308121764321789e-16,-1.781497682412701e-16,0,1,0,-0.35844784555070214,near_transition
v_0p00_t_0p50_lm_0p50,0.0,0.5,0.5,-2.6795375277751073e-16,1.4135798584282297e-16,0,1,0,0.2933593169662377,near_transition
v_0p00_t_0p50_lm_0p60,0.0,0.5,0.6,-1.1914127323494468e-15,1.5771285909345101e-16,0,1,0,0.3745342663245995,near_transition
v_0p00_t_0p50_lm_0p70,0.0,0.5,0.7,-1.1962979246705728e-15,9.762218870655961e-17,1,1,0,-0.5398870240603811,near_transition
v_0p00_t_0p50_lm_0p80,0.0,0.5,0.8,-1.1280113548301116e-15,-9.99371540438111e-17,1,1,0,0.631949971523897,near_transition
v_0p00_t_0p50_lm_0p90,0.0,0.5,0.9,-1.6362684672787278e-15,4.12752661581336e-18,0,1,0,0.47488574044740917,near_transition
v_0p00_t_0p50_lm_1p00,0.0,0.5,1.0,-6.01212569936255e-16,4.240460254549275e-16,0,1,0,-0.20003771869641676,near_transition
v_0p00_t_0p60_lm_0p50,0.0,0.6,0.5,-1.4025366375646498e-15,1.474862003100784e-16,1,1,0,0.5616352479006702,near_transition
v_0p00_t_0p70_lm_0p50,0.0,0.7,0.5,-6.232455619048058e-16,7.2779861607314e-17,1,1,0,-1.3787250353418985,near_transition
v_0p00_t_0p70_lm_0p70,0.0,0.7,0.7,0.7999999999999972,-1.9534229754466014e-16,1,0,0,-1.3751427353186183,robust_nontrivial
v_0p00_t_0p80_lm_0p50,0.0,0.8,0.5,-6.993653380750374e-16,8.763584161255247e-17,1,1,0,-0.6878255376369663,near_transition
v_0p00_t_0p80_lm_0p60,0.0,0.8,0.6,0.3999999999999981,1.2915798501329243e-16,1,0,0,1.4106400818771505,robust_nontrivial
v_0p00_t_0p80_lm_0p80,0.0,0.8,0.8,1.1999999999999966,-1.1425906226296515e-16,1,0,0,-1.1701659908383268,robust_nontrivial
v_0p00_t_0p90_lm_0p50,0.0,0.9,0.5,-1.4460599658788308e-15,4.818734426753346e-18,0,1,0,-0.19568608386933456,near_transition
v_0p00_t_0p90_lm_0p60,0.0,0.9,0.6,0.3999999999999978,1.4020925416035283e-17,1,0,0,0.6662689702880875,robust_nontrivial
v_0p00_t_0p90_lm_0p90,0.0,0.9,0.9,1.5999999999999983,-4.8894296068776723e-17,1,0,0,1.3479005063116893,robust_nontrivial
v_0p00_t_0p90_lm_1p00,0.0,0.9,1.0,1.5999999999999988,1.7726699916966477e-16,1,0,0,-0.5110402316821214,robust_nontrivial
v_0p00_t_1p00_lm_0p50,0.0,1.0,0.5,-8.094233822648517e-16,-2.118910503807396e-16,1,1,0,-0.8608169042187525,near_transition
v_0p00_t_1p00_lm_0p60,0.0,1.0,0.6,0.39999999999999897,-4.3210944280165137e-16,1,0,0,0.5902080108040996,robust_nontrivial
v_0p00_t_1p00_lm_0p70,0.0,1.0,0.7,0.7999999999999999,-4.2811018445494003e-17,1,0,0,0.6292284921630376,robust_nontrivial
v_0p00_t_1p00_lm_0p90,0.0,1.0,0.9,1.599999999999998,-8.469297856465105e-17,1,0,0,0.7724417933602665,robust_nontrivial
v_0p00_t_1p00_lm_1p00,0.0,1.0,1.0,1.9999999999999973,6.241054372055545e-16,1,0,0,-0.5817268995979709,robust_nontrivial
v_0p10_t_0p00_lm_0p10,0.1,0.0,0.1,1.5999999999999983,-2.0223538640844025e-16,1,0,0,-1.417957723665815,robust_nontrivial
v_0p10_t_0p00_lm_0p20,0.1,0.0,0.2,1.2000000000000002,-1.1238166465319982e-16,1,0,0,-1.1784689122227585,robust_nontrivial
v_0p10_t_0p00_lm_0p40,0.1,0.0,0.4,0.3999999999999997,1.9252448720539415e-16,1,0,0,-1.1558199552089141,robust_nontrivial
v_0p10_t_0p00_lm_0p50,0.1,0.0,0.5,-6.245004513516506e-16,3.371936156982024e-16,0,1,0,-0.20132643548368223,near_transition
v_0p10_t_0p10_lm_0p10,0.1,0.1,0.1,1.3999999999999995,-1.160911913275276e-16,1,0,0,0.9310908386479746,robust_nontrivial
v_0p10_t_0p10_lm_0p20,0.1,0.1,0.2,1.1999999999999993,1.9732883602240397e-16,1,0,0,0.5688628739925511,robust_nontrivial
v_0p10_t_0p10_lm_0p50,0.1,0.1,0.5,-7.632783294297951e-16,-4.253384386872911e-16,0,1,0,0.33994792577951655,near_transition
v_0p10_t_0p20_lm_0p30,0.1,0.2,0.3,0.7999999999999994,2.960510077213938e-16,1,0,0,0.6208228234295758,robust_nontrivial
v_0p10_t_0p20_lm_0p50,0.1,0.2,0.5,-8.187894806610529e-16,-4.544476810633449e-16,0,1,0,-2.4783568909875315,near_transition
v_0p10_t_0p30_lm_0p00,0.1,0.3,0.0,0.7999999999999995,-3.7431712335864163e-16,1,0,0,0.8859746242461766,robust_nontrivial
v_0p10_t_0p30_lm_0p10,0.1,0.3,0.1,0.7999999999999992,-4.1379116279214246e-16,1,0,0,0.8244555536973842,robust_nontrivial
v_0p10_t_0p30_lm_0p30,0.1,0.3,0.3,0.6000000000000002,-2.7201237138689678e-16,1,0,0,-0.542063410452397,robust_nontrivial
v_0p10_t_0p30_lm_0p50,0.1,0.3,0.5,-3.191891195797325e-16,-1.0267108923583294e-16,0,1,0,0.15930030255718708,near_transition
v_0p10_t_0p40_lm_0p00,0.1,0.4,0.0,0.3999999999999998,-4.9248809676141757e-17,1,0,0,-0.8078072060707142,robust_nontrivial
v_0p10_t_0p40_lm_0p20,0.1,0.4,0.2,0.39999999999999897,4.051397088087518e-17,1,0,0,1.150614016674911,robust_nontrivial
v_0p10_t_0p40_lm_0p40,0.1,0.4,0.4,0.19999999999999987,6.000075488936758e-17,1,0,0,1.397496941443046,robust_nontrivial
v_0p10_t_0p40_lm_0p50,0.1,0.4,0.5,-5.134781488891349e-16,-4.245039187804541e-16,1,1,0,-0.5938114906482588,near_transition
v_0p10_t_0p50_lm_0p00,0.1,0.5,0.0,-5.134781488891349e-16,3.0546141936642807e-16,0,1,0,0.3011817037803562,near_transition
v_0p10_t_0p50_lm_0p10,0.1,0.5,0.1,-1.942890293094024e-16,2.7282639788229126e-16,1,1,0,0.6175666985788765,near_transition
v_0p10_t_0p50_lm_0p20,0.1,0.5,0.2,-2.914335439641036e-16,-2.998866038743381e-16,1,1,0,0.5946346269688292,near_transition
v_0p10_t_0p50_lm_0p30,0.1,0.5,0.3,-6.661338147750939e-16,2.0070266836923647e-17,1,1,0,-0.9531605393250204,near_transition
v_0p10_t_0p50_lm_0p40,0.1,0.5,0.4,1.249000902703301e-16,8.288303077384546e-17,0,1,0,-1.8252483865949323,near_transition
v_0p10_t_0p50_lm_0p50,0.1,0.5,0.5,0.19999999999999912,9.637548488926414e-17,1,0,0,-1.0835185594334453,robust_nontrivial
v_0p10_t_0p50_lm_0p60,0.1,0.5,0.6,-1.27675647831893e-15,0.0,0,1,0,1.8911452472888688,near_transition
v_0p10_t_0p50_lm_0p70,0.1,0.5,0.7,-9.575673587391975e-16,7.520654459227807e-17,0,1,0,0.14779555113536397,near_transition
v_0p10_t_0p50_lm_0p80,0.1,0.5,0.8,-5.828670879282072e-16,-1.0259538311400225e-16,1,1,0,0.7930567127957604,near_transition
v_0p10_t_0p50_lm_0p90,0.1,0.5,0.9,-9.853229343548264e-16,2.6142731719918853e-16,0,1,0,-0.2330616663611494,near_transition
v_0p10_t_0p50_lm_1p00,0.1,0.5,1.0,-2.2343238370581275e-15,-1.8963679815708652e-16,0,1,0,-0.30756013109496205,near_transition
v_0p10_t_0p60_lm_0p50,0.1,0.6,0.5,-5.412337245047638e-16,1.9436723053388158e-16,1,1,0,-0.7665201227835641,near_transition
v_0p10_t_0p60_lm_0p70,0.1,0.6,0.7,0.39999999999999697,-2.2672188183724676e-16,1,0,0,-0.8113896438104615,robust_nontrivial
v_0p10_t_0p60_lm_0p80,0.1,0.6,0.8,0.39999999999999936,-1.957334458978964e-17,1,0,0,-0.90612132722002,robust_nontrivial
v_0p10_t_0p60_lm_1p00,0.1,0.6,1.0,0.39999999999999825,-3.3762048152411656e-16,1,0,0,0.6549294080046205,robust_nontrivial
v_0p10_t_0p70_lm_0p50,0.1,0.7,0.5,-6.938893903907228e-16,3.34889002522584e-17,0,1,0,1.9642924176325758,near_transition
v_0p10_t_0p70_lm_0p60,0.1,0.7,0.6,0.39999999999999686,-1.3152490936574173e-16,1,0,0,-0.8085545243989584,robust_nontrivial
v_0p10_t_0p70_lm_0p70,0.1,0.7,0.7,0.5999999999999978,8.833143326213054e-17,1,0,0,-1.4018451617216285,robust_nontrivial
v_0p10_t_0p70_lm_0p80,0.1,0.7,0.8,0.799999999999998,-3.834954987825346e-17,1,0,0,1.0191365004860258,robust_nontrivial
v_0p10_t_0p70_lm_0p90,0.1,0.7,0.9,0.7999999999999985,-3.7559125198474505e-17,1,0,0,1.3551678632490767,robust_nontrivial
v_0p10_t_0p80_lm_0p50,0.1,0.8,0.5,-1.3322676295501878e-15,-4.069987000317244e-16,1,1,0,0.8662785111126722,near_transition
v_0p10_t_0p80_lm_0p60,0.1,0.8,0.6,0.3999999999999989,-7.670901029676979e-17,1,0,0,-0.5702119771478149,robust_nontrivial
v_0p10_t_0p80_lm_0p70,0.1,0.8,0.7,0.7999999999999985,-8.990346392233282e-17,1,0,0,-0.8488239644480716,robust_nontrivial
v_0p10_t_0p80_lm_0p80,0.1,0.8,0.8,0.9999999999999977,1.1157067897168533e-16,1,0,0,-3.256264532794298,robust_nontrivial
v_0p10_t_0p80_lm_0p90,0.1,0.8,0.9,1.1999999999999975,5.231523539971855e-17,1,0,0,-0.6152708613119152,robust_nontrivial
v_0p10_t_0p80_lm_1p00,0.1,0.8,1.0,1.1999999999999986,-2.0419359081255907e-16,1,0,0,-1.0316446311199994,robust_nontrivial
v_0p10_t_0p90_lm_0p50,0.1,0.9,0.5,-1.2628786905111156e-15,-1.301707709678687e-16,0,1,0,-0.007933755079647536,near_transition
v_0p10_t_0p90_lm_0p70,0.1,0.9,0.7,0.7999999999999979,7.782431444297671e-17,1,0,0,0.6654156994727516,robust_nontrivial
v_0p10_t_0p90_lm_0p80,0.1,0.9,0.8,1.199999999999999,-1.2845780939734574e-16,1,0,0,-1.051327138580608,robust_nontrivial
v_0p10_t_0p90_lm_0p90,0.1,0.9,0.9,1.399999999999997,-1.635964272246486e-16,1,0,0,1.2688680961941847,robust_nontrivial
v_0p10_t_0p90_lm_1p00,0.1,0.9,1.0,1.599999999999997,-3.6397244872963036e-17,1,0,0,-1.4032590707414165,robust_nontrivial
v_0p10_t_1p00_lm_0p50,0.1,1.0,0.5,-2.6922908347160046e-15,-1.1989682151815573e-16,1,1,0,0.9119642634362664,near_transition
v_0p10_t_1p00_lm_0p70,0.1,1.0,0.7,0.7999999999999978,6.560176680032853e-17,1,0,0,-0.7747889246989572,robust_nontrivial
v_0p10_t_1p00_lm_0p90,0.1,1.0,0.9,1.5999999999999979,-1.2174697107883773e-16,1,0,0,0.9835281817426151,robust_nontrivial
v_0p20_t_0p00_lm_0p30,0.2,0.0,0.3,0.7999999999999996,1.7454131959324106e-16,1,0,0,-0.8745821112556929,robust_nontrivial
v_0p20_t_0p00_lm_0p40,0.2,0.0,0.4,0.39999999999999875,9.922530679404646e-17,1,0,0,-0.6371143616077641,robust_nontrivial
v_0p20_t_0p00_lm_0p50,0.2,0.0,0.5,-8.049116928532385e-16,-2.1814065293807486e-16,0,1,0,2.4477363182745644,near_transition
v_0p20_t_0p10_lm_0p00,0.2,0.1,0.0,1.399999999999999,9.145873559832434e-17,1,0,0,0.7058531795787727,robust_nontrivial
v_0p20_t_0p10_lm_0p50,0.2,0.1,0.5,-7.216449660063518e-16,-1.084464280319714e-16,0,1,0,-0.15293840115824017,near_transition
v_0p20_t_0p20_lm_0p00,0.2,0.2,0.0,1.1999999999999988,1.9644181671336616e-16,1,0,0,-1.2712896320106433,robust_nontrivial
v_0p20_t_0p20_lm_0p20,0.2,0.2,0.2,0.7999999999999988,-9.307244565458262e-17,1,0,0,-0.5901698625541235,robust_nontrivial
v_0p20_t_0p20_lm_0p40,0.2,0.2,0.4,0.39999999999999947,5.888614573691191e-16,1,0,0,-1.0111392659702572,robust_nontrivial
v_0p20_t_0p20_lm_0p50,0.2,0.2,0.5,-1.1934897514720433e-15,1.503266496848179e-16,0,1,0,-0.04374386577615492,near_transition
v_0p20_t_0p30_lm_0p20,0.2,0.3,0.2,0.5999999999999989,-3.7455928535777625e-17,1,0,0,0.5977626626261544,robust_nontrivial
v_0p20_t_0p30_lm_0p40,0.2,0.3,0.4,0.19999999999999962,-7.862848845382818e-17,1,0,0,1.0020404148048687,robust_nontrivial
v_0p20_t_0p30_lm_0p50,0.2,0.3,0.5,-1.2212453270876722e-15,-1.1854398577536243e-16,0,1,0,-0.025913234890651355,near_transition
v_0p20_t_0p40_lm_0p40,0.2,0.4,0.4,1.7879020248953197e-16,-1.0191875958024517e-16,0,1,0,0.27180024055472973,near_transition
v_0p20_t_0p40_lm_0p50,0.2,0.4,0.5,0.1999999999999985,1.923125056616172e-16,1,0,0,2.653512746789707,robust_nontrivial
v_0p20_t_0p40_lm_0p60,0.2,0.4,0.6,-1.3941279305901484e-15,-3.311711815360479e-16,1,1,0,-1.434479619072674,near_transition
v_0p20_t_0p50_lm_0p00,0.2,0.5,0.0,-4.996003610813204e-16,2.814917474833881e-16,0,1,0,-2.0719733004916274,near_transition
v_0p20_t_0p50_lm_0p10,0.2,0.5,0.1,-4.996003610813204e-16,6.513743903387046e-18,1,1,0,-1.0214746736652924,near_transition
v_0p20_t_0p50_lm_0p20,0.2,0.5,0.2,-4.718447854656915e-16,7.837519214042076e-17,0,1,0,-0.08001666204830446,near_transition
v_0p20_t_0p50_lm_0p30,0.2,0.5,0.3,-8.326672684688674e-16,-1.9110579888002146e-17,0,1,0,2.103637216979856,near_transition
v_0p20_t_0p50_lm_0p60,0.2,0.5,0.6,0.19999999999999793,1.8917906161164186e-16,1,0,0,-0.8789955067812236,robust_nontrivial
v_0p20_t_0p50_lm_0p70,0.2,0.5,0.7,-5.273559366969494e-16,2.473764752249402e-16,0,1,0,-0.10293646049304195,near_transition
v_0p20_t_0p50_lm_0p80,0.2,0.5,0.8,-1.1657341758564144e-15,9.521202239160778e-17,1,1,0,1.0298035121025204,near_transition
v_0p20_t_0p50_lm_0p90,0.2,0.5,0.9,-1.304512053934559e-15,-1.0665635310540692e-16,1,1,0,-1.3409778416221387,near_transition
v_0p20_t_0p50_lm_1p00,0.2,0.5,1.0,-9.71445146547012e-16,2.133683420304442e-16,1,1,0,0.8411793040309925,near_transition
v_0p20_t_0p60_lm_0p40,0.2,0.6,0.4,-2.7925872527599646e-16,9.030974024601175e-17,0,1,0,0.4556746369933964,near_transition
v_0p20_t_0p60_lm_0p50,0.2,0.6,0.5,0.19999999999999835,1.5510840737002578e-16,1,0,0,-0.7368594302862234,robust_nontrivial
v_0p20_t_0p60_lm_0p60,0.2,0.6,0.6,-1.0501627391564889e-16,1.5902773407317583e-16,1,1,0,0.7999487103462322,near_transition
v_0p20_t_0p60_lm_1p00,0.2,0.6,1.0,0.39999999999999786,1.4847880170136103e-16,1,0,0,0.8914380729157274,robust_nontrivial
v_0p20_t_0p70_lm_0p50,0.2,0.7,0.5,-7.771561172376096e-16,7.067899292141149e-17,0,1,0,0.14553061139645854,near_transition
v_0p20_t_0p70_lm_0p60,0.2,0.7,0.6,0.19999999999999807,-1.3927577184720258e-16,1,0,0,1.3152007604423168,robust_nontrivial
v_0p20_t_0p70_lm_0p70,0.2,0.7,0.7,0.399999999999997,-1.70686843062004e-16,1,0,0,-1.0492227658475377,robust_nontrivial
v_0p20_t_0p70_lm_0p90,0.2,0.7,0.9,0.7999999999999972,-2.81824645540182e-16,1,0,0,0.585497041155143,robust_nontrivial
v_0p20_t_0p70_lm_1p00,0.2,0.7,1.0,0.7999999999999987,7.30635322246281e-18,1,0,0,-0.7789172747660329,robust_nontrivial
v_0p20_t_0p80_lm_0p50,0.2,0.8,0.5,-8.326672684688674e-16,7.700518266882763e-17,0,1,0,0.07921919262997786,near_transition
v_0p20_t_0p80_lm_0p70,0.2,0.8,0.7,0.5999999999999988,3.5032984671361567e-16,1,0,0,1.43858796904536,robust_nontrivial
v_0p20_t_0p80_lm_0p80,0.2,0.8,0.8,0.799999999999999,1.3298122986846732e-16,1,0,0,0.9784463893077521,robust_nontrivial
v_0p20_t_0p80_lm_0p90,0.2,0.8,0.9,0.9999999999999984,1.7652688223396632e-16,1,0,0,0.7863282585385503,robust_nontrivial
v_0p20_t_0p90_lm_0p50,0.2,0.9,0.5,-8.881784197001252e-16,2.356118742017696e-16,0,1,0,-1.9611828752873883,near_transition
v_0p20_t_0p90_lm_0p60,0.2,0.9,0.6,0.39999999999999786,7.77302672843143e-17,1,0,0,0.7022265957227087,robust_nontrivial
v_0p20_t_0p90_lm_0p70,0.2,0.9,0.7,0.7999999999999984,2.2025639487004277e-16,1,0,0,0.5594991316329246,robust_nontrivial
v_0p20_t_0p90_lm_0p80,0.2,0.9,0.8,0.9999999999999984,2.410857390153918e-16,1,0,0,1.1693708117846606,robust_nontrivial
v_0p20_t_0p90_lm_0p90,0.2,0.9,0.9,1.1999999999999984,-7.732693349918353e-17,1,0,0,-1.4203871048630303,robust_nontrivial
v_0p20_t_0p90_lm_1p00,0.2,0.9,1.0,1.3999999999999992,6.327360685592452e-18,1,0,0,0.5379483967113142,robust_nontrivial
v_0p20_t_1p00_lm_0p50,0.2,1.0,0.5,-1.1379786002407855e-15,-1.7824761434840037e-16,0,1,0,-2.2004981622269173,near_transition
v_0p20_t_1p00_lm_0p70,0.2,1.0,0.7,0.7999999999999986,7.217998858715236e-17,1,0,0,-0.7658244706671773,robust_nontrivial
v_0p20_t_1p00_lm_0p80,0.2,1.0,0.8,1.1999999999999984,-3.3131993398861597e-16,1,0,0,-0.7484713336393366,robust_nontrivial
v_0p20_t_1p00_lm_0p90,0.2,1.0,0.9,1.3999999999999981,4.539875299648299e-16,1,0,0,-1.2763690981748845,robust_nontrivial
v_0p30_t_0p00_lm_0p10,0.3,0.0,0.1,1.1999999999999984,1.3316701524216498e-17,1,0,0,2.9858660359793747,robust_nontrivial
v_0p30_t_0p00_lm_0p20,0.3,0.0,0.2,0.9999999999999993,-3.014766496198305e-17,1,0,0,-0.5227619163176077,robust_nontrivial
v_0p30_t_0p00_lm_0p30,0.3,0.0,0.3,0.7999999999999985,-4.10380657247658e-17,1,0,0,0.8004982294418543,robust_nontrivial
v_0p30_t_0p00_lm_0p40,0.3,0.0,0.4,0.3999999999999992,-6.651562849203835e-17,1,0,0,1.4624979986857678,robust_nontrivial
v_0p30_t_0p00_lm_0p50,0.3,0.0,0.5,-5.551115123125783e-16,1.1838650851988666e-16,0,1,0,2.2941288951388716,near_transition
v_0p30_t_0p10_lm_0p20,0.3,0.1,0.2,0.7999999999999998,-7.215052500706683e-17,1,0,0,-0.6133218368800588,robust_nontrivial
v_0p30_t_0p10_lm_0p50,0.3,0.1,0.5,-1.1102230246251565e-16,1.643180167204162e-16,0,1,0,-0.2374903149250669,near_transition
v_0p30_t_0p20_lm_0p00,0.3,0.2,0.0,0.9999999999999987,-1.4626022612671472e-16,1,0,0,-1.0080871993859566,robust_nontrivial
v_0p30_t_0p20_lm_0p10,0.3,0.2,0.1,0.7999999999999993,2.3139197849957723e-16,1,0,0,0.5154882363216147,robust_nontrivial
v_0p30_t_0p20_lm_0p20,0.3,0.2,0.2,0.5999999999999994,1.855563433212936e-16,1,0,0,-0.5028433913548104,robust_nontrivial
v_0p30_t_0p20_lm_0p30,0.3,0.2,0.3,0.3999999999999997,2.1959276441172937e-16,1,0,0,-0.9481536978624043,robust_nontrivial
v_0p30_t_0p20_lm_0p50,0.3,0.2,0.5,-8.326672684688674e-16,-3.054005257920207e-16,1,1,0,-1.02440707722029,near_transition
v_0p30_t_0p30_lm_0p20,0.3,0.3,0.2,0.39999999999999925,-1.850725878453076e-16,1,0,0,0.7702329913974303,robust_nontrivial
v_0p30_t_0p30_lm_0p30,0.3,0.3,0.3,0.19999999999999946,6.300538245089492e-17,1,0,0,-0.5741115641418182,robust_nontrivial
v_0p30_t_0p30_lm_0p40,0.3,0.3,0.4,8.326672684688674e-17,-2.64611164610975e-16,1,1,0,0.9845020232849558,near_transition
v_0p30_t_0p30_lm_0p50,0.3,0.3,0.5,0.1999999999999987,3.491244017878365e-16,1,0,0,-0.5838277191364555,robust_nontrivial
v_0p30_t_0p30_lm_0p60,0.3,0.3,0.6,-1.096345236817342e-15,-1.025064295857893e-16,0,1,0,-0.016241365375623172,near_transition
v_0p30_t_0p40_lm_0p00,0.3,0.4,0.0,0.4,-2.684746751379499e-16,1,0,0,0.597584480039656,robust_nontrivial
v_0p30_t_0p40_lm_0p20,0.3,0.4,0.2,0.19999999999999965,-9.91652153728761e-17,1,0,0,0.7907859630626434,robust_nontrivial
v_0p30_t_0p40_lm_0p30,0.3,0.4,0.3,1.6653345369377348e-16,4.046482367092644e-17,1,1,0,0.6085974223349883,near_transition
v_0p30_t_0p40_lm_0p40,0.3,0.4,0.4,0.1999999999999998,8.776051821338764e-17,1,0,0,1.217562036798712,robust_nontrivial
v_0p30_t_0p40_lm_0p50,0.3,0.4,0.5,0.39999999999999913,2.51599468994858e-16,1,0,0,1.3734674583674737,robust_nontrivial
v_0p30_t_0p40_lm_0p70,0.3,0.4,0.7,-7.494005416219807e-16,9.239672225466348e-17,1,1,0,0.5144395287875729,near_transition
v_0p30_t_0p50_lm_0p00,0.3,0.5,0.0,-2.220446049250313e-16,-3.1644481707629816e-16,0,1,0,0.004366120140483161,near_transition
v_0p30_t_0p50_lm_0p10,0.3,0.5,0.1,-1.1102230246251565e-15,-3.4347591098685825e-17,1,1,0,0.5579534907301564,near_transition
v_0p30_t_0p50_lm_0p20,0.3,0.5,0.2,-9.43689570931383e-16,9.646854565005024e-17,0,1,0,0.41574416847654233,near_transition
v_0p30_t_0p50_lm_0p30,0.3,0.5,0.3,0.19999999999999912,-7.269419455031054e-17,1,0,0,-0.6434593885413825,robust_nontrivial
v_0p30_t_0p50_lm_0p50,0.3,0.5,0.5,0.5999999999999981,1.4586394006988647e-16,1,0,0,0.6362638766716582,robust_nontrivial
v_0p30_t_0p50_lm_0p60,0.3,0.5,0.6,0.3999999999999987,-1.09180702585449e-16,1,0,0,0.7250159855599346,robust_nontrivial
v_0p30_t_0p50_lm_0p70,0.3,0.5,0.7,0.19999999999999774,-4.748764571474221e-16,1,1,0,-1.0045704509101716,robust_nontrivial
v_0p30_t_0p50_lm_0p80,0.3,0.5,0.8,-7.771561172376096e-16,1.4135798584282297e-16,0,1,0,1.628206810746573,near_transition
v_0p30_t_0p50_lm_0p90,0.3,0.5,0.9,3.885780586188048e-16,1.0347327908631058e-16,0,1,0,-0.497034720851106,near_transition
v_0p30_t_0p50_lm_1p00,0.3,0.5,1.0,-9.43689570931383e-16,2.356609067582143e-16,1,1,0,-0.8256387668555861,near_transition
v_0p30_t_0p60_lm_0p30,0.3,0.6,0.3,-1.249000902703301e-16,-5.959682501720512e-17,1,1,0,0.913028617212143,near_transition
v_0p30_t_0p60_lm_0p40,0.3,0.6,0.4,0.19999999999999912,3.133183521965816e-16,1,0,0,-0.5900989209092878,robust_nontrivial
v_0p30_t_0p60_lm_0p70,0.3,0.6,0.7,-1.8041124150158794e-16,0.9999999999999999,1,1,1,-1.1369130652341408,near_transition
v_0p30_t_0p60_lm_0p80,0.3,0.6,0.8,0.19999999999999868,2.2631195147833117e-16,1,1,0,0.5745353849219237,robust_nontrivial
v_0p30_t_0p60_lm_1p00,0.3,0.6,1.0,0.399999999999998,2.1182214385558715e-16,1,0,0,0.8858716524167984,robust_nontrivial
v_0p30_t_0p70_lm_0p40,0.3,0.7,0.4,-9.020562075079397e-16,-8.097991683624225e-17,1,1,0,-1.0107831068278803,near_transition
v_0p30_t_0p70_lm_0p50,0.3,0.7,0.5,0.1999999999999989,-7.280831588211965e-17,1,0,0,0.7944842797115597,robust_nontrivial
v_0p30_t_0p70_lm_0p60,0.3,0.7,0.6,2.636779683484747e-16,1.0601848938211722e-16,0,1,0,1.7123823558826332,near_transition
v_0p30_t_0p70_lm_0p90,0.3,0.7,0.9,0.5999999999999988,2.3798933003238404e-16,1,0,0,-0.5347914052805283,robust_nontrivial
v_0p30_t_0p70_lm_1p00,0.3,0.7,1.0,0.7999999999999983,1.3612074508374894e-16,1,0,0,-1.2393820525164068,robust_nontrivial
v_0p30_t_0p80_lm_0p50,0.3,0.8,0.5,-1.27675647831893e-15,7.067899292141149e-17,1,1,0,1.2199050762308403,near_transition
v_0p30_t_0p80_lm_0p60,0.3,0.8,0.6,0.19999999999999798,1.4818527464287775e-16,1,0,0,-0.5660862125307586,robust_nontrivial
v_0p30_t_0p80_lm_1p00,0.3,0.8,1.0,0.9999999999999976,1.177886354869151e-16,1,0,0,1.118235420443595,robust_nontrivial
v_0p30_t_0p90_lm_0p50,0.3,0.9,0.5,-2.275957200481571e-15,7.589034542727004e-17,1,1,0,0.7735597633505746,near_transition
v_0p30_t_0p90_lm_1p00,0.3,0.9,1.0,1.1999999999999973,2.3326358453832686e-16,1,0,0,-0.9722302773139413,robust_nontrivial
v_0p30_t_1p00_lm_0p50,0.3,1.0,0.5,-9.43689570931383e-16,1.112805853144054e-16,1,1,0,-1.1153891488804317,near_transition
v_0p30_t_1p00_lm_0p60,0.3,1.0,0.6,0.39999999999999836,-4.955871265491422e-16,1,0,0,-1.274019345562389,robust_nontrivial
v_0p30_t_1p00_lm_0p70,0.3,1.0,0.7,0.7999999999999992,-2.1639913754539284e-16,1,0,0,-0.5742241646311819,robust_nontrivial
v_0p30_t_1p00_lm_0p80,0.3,1.0,0.8,0.9999999999999984,-8.301750507505288e-17,1,0,0,-0.8428569796048796,robust_nontrivial
v_0p30_t_1p00_lm_1p00,0.3,1.0,1.0,1.3999999999999984,1.2193857965122862e-16,1,0,0,-1.1367575714209217,robust_nontrivial
v_0p40_t_0p00_lm_0p50,0.4,0.0,0.5,-1.1102230246251565e-15,-3.116190225049886e-16,0,1,0,1.8433302081291278,near_transition
v_0p40_t_0p10_lm_0p10,0.4,0.1,0.1,0.7999999999999998,-1.1290823889201988e-16,1,0,0,0.7595199479647049,robust_nontrivial
v_0p40_t_0p10_lm_0p40,0.4,0.1,0.4,0.1999999999999999,3.811770881855726e-17,1,0,0,1.3372006912150385,robust_nontrivial
v_0p40_t_0p10_lm_0p50,0.4,0.1,0.5,-8.326672684688674e-16,3.1446600126624076e-17,0,1,0,0.2996164096698077,near_transition
v_0p40_t_0p20_lm_0p00,0.4,0.2,0.0,0.7999999999999993,2.7303954907846297e-16,1,0,0,0.767064538929646,robust_nontrivial
v_0p40_t_0p20_lm_0p10,0.4,0.2,0.1,0.5999999999999992,-4.363959568524147e-17,1,0,0,1.0047961038701825,robust_nontrivial
v_0p40_t_0p20_lm_0p20,0.4,0.2,0.2,0.3999999999999991,2.1457817681125371e-16,1,0,0,1.1433457945002752,robust_nontrivial
v_0p40_t_0p20_lm_0p30,0.4,0.2,0.3,0.19999999999999973,-6.659478517677304e-17,1,0,0,0.9575266532585436,robust_nontrivial
v_0p40_t_0p20_lm_0p40,0.4,0.2,0.4,1.1102230246251565e-16,2.406449387673243e-16,0,1,0,-0.2562393273945573,near_transition
v_0p40_t_0p20_lm_0p60,0.4,0.2,0.6,-6.38378239159465e-16,5.891632148507643e-17,1,1,0,0.7291962211098763,near_transition
v_0p40_t_0p30_lm_0p00,0.4,0.3,0.0,0.5999999999999989,2.2538939354356137e-17,1,0,0,1.049618388889667,robust_nontrivial
v_0p40_t_0p30_lm_0p10,0.4,0.3,0.1,0.3999999999999997,5.629068119440225e-17,1,0,0,-0.9603566031305021,robust_nontrivial
v_0p40_t_0p30_lm_0p20,0.4,0.3,0.2,0.19999999999999976,-8.736088169867735e-17,1,0,0,0.8087163052386921,robust_nontrivial
v_0p40_t_0p30_lm_0p30,0.4,0.3,0.3,2.950490619412211e-16,5.947447562510847e-17,0,1,0,-2.130266955731679,near_transition
v_0p40_t_0p30_lm_0p50,0.4,0.3,0.5,0.39999999999999786,1.4985829799565858e-16,1,0,0,1.0535267598537745,robust_nontrivial
v_0p40_t_0p30_lm_0p60,0.4,0.3,0.6,0.1999999999999995,-1.1100878076226396e-16,1,0,0,-0.5403680273141436,robust_nontrivial
v_0p40_t_0p30_lm_0p70,0.4,0.3,0.7,-7.65016663117172e-16,-3.733478774808171e-16,1,1,0,0.5934676069315863,near_transition
v_0p40_t_0p40_lm_0p00,0.4,0.4,0.0,0.3999999999999985,2.863984230554048e-19,1,0,0,1.1440570851917755,robust_nontrivial
v_0p40_t_0p40_lm_0p10,0.4,0.4,0.1,0.19999999999999982,1.904638058236507e-18,1,0,0,-0.980652011649871,robust_nontrivial
v_0p40_t_0p40_lm_0p20,0.4,0.4,0.2,1.1102230246251565e-16,1.261131178990691e-16,0,1,0,0.3544773235488544,near_transition
v_0p40_t_0p40_lm_0p40,0.4,0.4,0.4,0.3999999999999998,-2.9308121528001875e-17,1,0,0,0.786738113858191,robust_nontrivial
v_0p40_t_0p40_lm_0p50,0.4,0.4,0.5,0.5999999999999985,-1.5702780711534798e-16,1,0,0,-0.5418431476804789,robust_nontrivial
v_0p40_t_0p40_lm_0p70,0.4,0.4,0.7,0.19999999999999912,-2.631979822026442e-17,1,0,0,-1.0428990219910717,robust_nontrivial
v_0p40_t_0p40_lm_0p80,0.4,0.4,0.8,-1.1657341758564144e-15,2.561753218815583e-16,0,1,0,-1.6702621169498082,near_transition
v_0p40_t_0p50_lm_0p00,0.4,0.5,0.0,-3.885780586188048e-16,3.4132473153224273e-16,1,1,0,1.0347392008077563,near_transition
v_0p40_t_0p50_lm_0p10,0.4,0.5,0.1,-7.771561172376096e-16,1.3094420160338974e-16,0,1,0,2.322689583831778,near_transition
v_0p40_t_0p50_lm_0p20,0.4,0.5,0.2,0.19999999999999837,-2.2722791923663072e-17,1,0,0,-0.5365865848515035,robust_nontrivial
v_0p40_t_0p50_lm_0p30,0.4,0.5,0.3,0.3999999999999984,8.370827476264138e-17,1,0,0,0.8450663596511993,robust_nontrivial
v_0p40_t_0p50_lm_0p40,0.4,0.5,0.4,0.5999999999999986,6.9058019538596054e-18,1,0,0,-0.9540158377362796,robust_nontrivial
v_0p40_t_0p50_lm_0p50,0.4,0.5,0.5,0.7999999999999978,-4.305592330709825e-17,1,0,0,1.1503283591112032,robust_nontrivial
v_0p40_t_0p50_lm_0p60,0.4,0.5,0.6,0.5999999999999981,-1.9830179341739638e-16,1,0,0,-0.8516203539536611,robust_nontrivial
v_0p40_t_0p50_lm_0p80,0.4,0.5,0.8,0.199999999999998,-1.2909925678728065e-17,1,0,0,-0.6810403305494481,robust_nontrivial
v_0p40_t_0p50_lm_0p90,0.4,0.5,0.9,-2.220446049250313e-16,7.067899292141149e-17,0,1,0,-0.26217602953270847,near_transition
v_0p40_t_0p50_lm_1p00,0.4,0.5,1.0,-7.771561172376096e-16,3.218937041792704e-16,0,1,0,-0.33061058242857216,near_transition
v_0p40_t_0p60_lm_0p20,0.4,0.6,0.2,-8.049116928532385e-16,2.2599908447384106e-16,0,1,0,2.2393857872870395,near_transition
v_0p40_t_0p60_lm_0p30,0.4,0.6,0.3,0.19999999999999912,-5.332932907390569e-17,1,0,0,-1.337729582310111,robust_nontrivial
v_0p40_t_0p60_lm_0p50,0.4,0.6,0.5,0.5999999999999982,-1.1471651508107056e-17,1,0,0,-1.1949021569245772,robust_nontrivial
v_0p40_t_0p60_lm_0p80,0.4,0.6,0.8,8.326672684688674e-17,-7.067899292141149e-17,0,1,0,0.008134410195230481,near_transition
v_0p40_t_0p60_lm_1p00,0.4,0.6,1.0,0.3999999999999984,3.071464729364428e-16,1,0,0,-1.125356012411365,robust_nontrivial
v_0p40_t_0p70_lm_0p30,0.4,0.7,0.3,-8.590740071537415e-16,1.0983866187932783e-16,1,1,0,-1.0577514245905837,near_transition
v_0p40_t_0p70_lm_0p50,0.4,0.7,0.5,0.39999999999999813,-7.50332094798171e-17,1,0,0,0.9462232335801282,robust_nontrivial
v_0p40_t_0p70_lm_0p60,0.4,0.7,0.6,0.19999999999999757,-4.2385351488377015e-16,1,0,0,1.1822024333023513,robust_nontrivial
v_0p40_t_0p70_lm_0p70,0.4,0.7,0.7,-1.3442792967232145e-16,-6.361109362927033e-16,0,1,0,-0.2363389414252106,near_transition
v_0p40_t_0p70_lm_1p00,0.4,0.7,1.0,0.5999999999999973,9.527905728919074e-17,1,0,0,-0.6819684895214551,robust_nontrivial
v_0p40_t_0p80_lm_0p40,0.4,0.8,0.4,-1.1102230246251565e-15,-1.7894703218588315e-16,0,1,0,0.45637712212532466,near_transition
v_0p40_t_0p80_lm_0p60,0.4,0.8,0.6,-2.498001805406602e-16,-2.385416011097638e-16,0,1,0,-2.1256060706164512,near_transition
v_0p40_t_0p80_lm_0p70,0.4,0.8,0.7,0.19999999999999887,-5.4222426297667497e-17,1,0,0,1.3321810264724234,robust_nontrivial
v_0p40_t_0p90_lm_0p50,0.4,0.9,0.5,-1.6653345369377348e-16,7.067899292141149e-17,1,1,0,-1.180336481840644,near_transition
v_0p40_t_0p90_lm_0p90,0.4,0.9,0.9,0.7999999999999983,-8.575578411553229e-17,1,0,0,-0.894975317133518,robust_nontrivial
v_0p40_t_1p00_lm_0p50,0.4,1.0,0.5,-1.0547118733938987e-15,7.13136420945417e-17,0,1,0,-0.23046501168412517,near_transition
v_0p40_t_1p00_lm_0p60,0.4,1.0,0.6,0.39999999999999625,-1.9268301979605816e-16,1,0,0,1.402433694543699,robust_nontrivial
v_0p40_t_1p00_lm_0p70,0.4,1.0,0.7,0.599999999999998,2.0974013963407694e-16,1,0,0,1.4748510785685747,robust_nontrivial
v_0p40_t_1p00_lm_1p00,0.4,1.0,1.0,1.1999999999999973,-7.800189243328315e-17,1,0,0,-1.273987065945609,robust_nontrivial
v_0p50_t_0p00_lm_0p10,0.5,0.0,0.1,0.7999999999999994,-1.327758367435468e-16,1,0,0,0.6463539038040691,robust_nontrivial
v_0p50_t_0p00_lm_0p20,0.5,0.0,0.2,0.5999999999999993,1.8217133202678068e-16,1,0,0,1.4782454854408982,robust_nontrivial
v_0p50_t_0p00_lm_0p30,0.5,0.0,0.3,0.3999999999999991,-2.674841370729856e-16,1,0,0,-0.8385505275861003,robust_nontrivial
v_0p50_t_0p00_lm_0p50,0.5,0.0,0.5,-1.9984014443252818e-15,-1.5316387846172212e-16,1,1,0,-1.3044925234943616,near_transition
v_0p50_t_0p10_lm_0p00,0.5,0.1,0.0,0.7999999999999993,-2.629981150525016e-16,1,0,0,-1.0717568448926589,robust_nontrivial
v_0p50_t_0p10_lm_0p20,0.5,0.1,0.2,0.3999999999999997,2.0478208898366776e-16,1,0,0,-1.0550210859505713,robust_nontrivial
v_0p50_t_0p10_lm_0p40,0.5,0.1,0.4,2.220446049250313e-16,-2.6916257036774837e-16,1,1,0,-0.6987653628472861,near_transition
v_0p50_t_0p10_lm_0p60,0.5,0.1,0.6,-2.1094237467877974e-15,2.614035874424359e-17,1,1,0,0.8990340248873413,near_transition
v_0p50_t_0p20_lm_0p10,0.5,0.2,0.1,0.3999999999999999,2.15060489779365e-17,1,0,0,1.0150421899757742,robust_nontrivial
v_0p50_t_0p20_lm_0p20,0.5,0.2,0.2,0.19999999999999957,5.422120476295327e-17,1,0,0,-1.299939580399231,robust_nontrivial
v_0p50_t_0p20_lm_0p30,0.5,0.2,0.3,2.7755575615628914e-17,-1.1060780177414608e-16,1,1,0,0.5520326995030914,near_transition
v_0p50_t_0p20_lm_0p50,0.5,0.2,0.5,0.3999999999999994,3.5185668079800027e-16,1,0,0,-1.068997447640071,robust_nontrivial
v_0p50_t_0p20_lm_0p70,0.5,0.2,0.7,-1.5404344466674047e-15,-3.528187870408246e-17,0,1,0,1.7148612208827747,near_transition
v_0p50_t_0p30_lm_0p10,0.5,0.3,0.1,0.20000000000000015,1.2494934476721884e-16,1,0,0,-2.994177462078252,robust_nontrivial
v_0p50_t_0p30_lm_0p20,0.5,0.3,0.2,2.914335439641036e-16,-9.202493152311813e-17,0,1,0,0.4945837492228634,near_transition
v_0p50_t_0p30_lm_0p30,0.5,0.3,0.3,0.19999999999999957,3.368329747685951e-17,1,0,0,-0.834274069137687,robust_nontrivial
v_0p50_t_0p30_lm_0p50,0.5,0.3,0.5,0.5999999999999985,-2.645754061078015e-16,1,0,0,-0.8851617944271435,robust_nontrivial
v_0p50_t_0p30_lm_0p60,0.5,0.3,0.6,0.3999999999999988,-2.2801241021819897e-16,1,0,0,-0.76315042693618,robust_nontrivial
v_0p50_t_0p30_lm_0p80,0.5,0.3,0.8,-1.6237011735142914e-15,2.2748441955288497e-16,0,1,0,0.249629025203964,near_transition
v_0p50_t_0p40_lm_0p10,0.5,0.4,0.1,1.1102230246251565e-16,1.3382646628713727e-16,1,1,0,-0.7557267445470695,near_transition
v_0p50_t_0p40_lm_0p40,0.5,0.4,0.4,0.5999999999999985,-4.39630178179546e-17,1,0,0,0.5838950166050799,robust_nontrivial
v_0p50_t_0p40_lm_0p60,0.5,0.4,0.6,0.5999999999999985,-1.2086219669386627e-16,1,0,0,-0.6076908283675819,robust_nontrivial
v_0p50_t_0p40_lm_0p70,0.5,0.4,0.7,0.39999999999999886,-2.626150724916729e-16,1,0,0,-0.5447199765998146,robust_nontrivial
v_0p50_t_0p40_lm_0p90,0.5,0.4,0.9,-1.5543122344752192e-15,2.0394030872462908e-16,0,1,0,-0.4793440915609755,near_transition
v_0p50_t_0p50_lm_0p00,0.5,0.5,0.0,-1.4988010832439613e-15,-6.349772908322263e-18,0,1,0,-0.44543741545110804,near_transition
v_0p50_t_0p50_lm_0p20,0.5,0.5,0.2,0.39999999999999913,-3.7245846759993075e-16,1,0,0,-0.6289991820286476,robust_nontrivial
v_0p50_t_0p50_lm_0p30,0.5,0.5,0.3,0.5999999999999994,6.656250522729663e-17,1,0,0,-0.5068966313901239,robust_nontrivial
v_0p50_t_0p50_lm_0p40,0.5,0.5,0.4,0.7999999999999989,8.026185355873154e-17,1,0,0,-1.353103541023288,robust_nontrivial
v_0p50_t_0p50_lm_0p50,0.5,0.5,0.5,0.9999999999999987,-5.011656994544653e-17,1,0,0,0.5257284731659742,robust_nontrivial
v_0p50_t_0p50_lm_0p70,0.5,0.5,0.7,0.599999999999997,-4.0069241603737474e-17,1,0,0,-1.4278618921532726,robust_nontrivial
v_0p50_t_0p50_lm_1p00,0.5,0.5,1.0,5.551115123125783e-17,2.1203697876423444e-16,1,1,0,-1.0583402352592561,near_transition
v_0p50_t_0p60_lm_0p10,0.5,0.6,0.1,-1.6653345369377348e-16,3.4502769078347676e-16,1,1,0,-1.4126511715908705,near_transition
v_0p50_t_0p60_lm_0p50,0.5,0.6,0.5,0.799999999999998,6.000329608163856e-17,1,0,0,0.6406144181766006,robust_nontrivial
v_0p50_t_0p60_lm_0p70,0.5,0.6,0.7,0.3999999999999987,1.452659372391162e-16,1,0,0,-1.29662705693404,robust_nontrivial
v_0p50_t_0p60_lm_0p80,0.5,0.6,0.8,0.19999999999999835,-1.1974237442712888e-16,1,0,0,0.6881022570485952,robust_nontrivial
v_0p50_t_0p60_lm_0p90,0.5,0.6,0.9,0.0,7.067899292141149e-17,1,1,0,-1.093240447172733,near_transition
v_0p50_t_0p70_lm_0p20,0.5,0.7,0.2,-5.551115123125783e-16,2.4888170245711664e-16,1,1,0,-0.6757940086615499,near_transition
v_0p50_t_0p70_lm_0p30,0.5,0.7,0.3,0.19999999999999885,2.791276849212175e-16,1,0,0,0.7209858030781771,robust_nontrivial
v_0p50_t_0p70_lm_0p60,0.5,0.7,0.6,0.3999999999999986,4.117059609794552e-17,1,0,0,1.1216743555932491,robust_nontrivial
v_0p50_t_0p70_lm_0p80,0.5,0.7,0.8,6.938893903907228e-17,-1.9436723053388158e-16,0,1,0,0.4822992354935185,near_transition
v_0p50_t_0p70_lm_1p00,0.5,0.7,1.0,0.3999999999999979,-1.1099640441894953e-16,1,0,0,-1.485333479176632,robust_nontrivial
v_0p50_t_0p80_lm_0p30,0.5,0.8,0.3,-1.3461454173580023e-15,2.3177807924600156e-16,1,1,0,0.8950118805798943,near_transition
v_0p50_t_0p80_lm_0p50,0.5,0.8,0.5,0.3999999999999986,2.8285405732555723e-16,1,0,0,-1.1026646162305753,robust_nontrivial
v_0p50_t_0p80_lm_0p60,0.5,0.8,0.6,0.19999999999999885,-1.3060317130447604e-16,1,1,0,-0.5376534524416473,robust_nontrivial
v_0p50_t_0p80_lm_0p70,0.5,0.8,0.7,-9.71445146547012e-17,2.297067269945873e-16,0,1,0,-0.2321418709209519,near_transition
v_0p50_t_0p80_lm_1p00,0.5,0.8,1.0,0.5999999999999981,9.200795823525028e-17,1,0,0,-0.5034509815573343,robust_nontrivial
v_0p50_t_0p90_lm_0p40,0.5,0.9,0.4,-1.2212453270876722e-15,-1.9979299618053088e-16,0,1,0,0.0041840114324002585,near_transition
v_0p50_t_0p90_lm_0p50,0.5,0.9,0.5,0.1999999999999975,1.0481437479979159e-16,1,1,0,0.5794919220244567,robust_nontrivial
v_0p50_t_0p90_lm_0p60,0.5,0.9,0.6,-2.220446049250313e-16,-1.0,0,1,1,0.010834125745029085,near_transition
v_0p50_t_0p90_lm_0p70,0.5,0.9,0.7,0.1999999999999966,2.004032611990889e-16,1,1,0,0.824902881347778,robust_nontrivial
v_0p50_t_0p90_lm_0p80,0.5,0.9,0.8,0.3999999999999975,-2.345669867346923e-16,1,0,0,0.7370009946602911,robust_nontrivial
v_0p50_t_1p00_lm_0p50,0.5,1.0,0.5,-5.551115123125783e-17,3.5339496460705744e-16,1,1,0,-0.6047292642315102,near_transition
v_0p50_t_1p00_lm_0p60,0.5,1.0,0.6,0.19999999999999873,-8.637025225398801e-17,0,1,1,0.21761199174074025,robust_nontrivial
v_0p50_t_1p00_lm_0p80,0.5,1.0,0.8,0.5999999999999975,8.091563622070139e-17,1,0,0,-0.513486186005765,robust_nontrivial
v_0p50_t_1p00_lm_0p90,0.5,1.0,0.9,0.799999999999998,-1.870489829740625e-16,1,0,0,-0.769961856544774,robust_nontrivial
v_0p60_t_0p00_lm_0p20,0.6,0.0,0.2,0.39999999999999913,4.19034652937601e-17,1,0,0,-1.4174366494578758,robust_nontrivial
v_0p60_t_0p00_lm_0p30,0.6,0.0,0.3,0.19999999999999915,-3.072012228024428e-16,1,0,0,0.5693637718783917,robust_nontrivial
v_0p60_t_0p00_lm_0p40,0.6,0.0,0.4,-7.216449660063518e-16,6.089842630104714e-17,1,1,0,-1.3139180271876187,near_transition
v_0p60_t_0p00_lm_0p50,0.6,0.0,0.5,-8.326672684688674e-16,-1.3364897445869176e-16,1,1,0,-0.6985283529373678,near_transition
v_0p60_t_0p00_lm_0p60,0.6,0.0,0.6,-1.942890293094024e-15,2.8783968312496186e-17,0,1,0,-0.04019143878079431,near_transition
v_0p60_t_0p10_lm_0p00,0.6,0.1,0.0,0.5999999999999996,-6.956658963840184e-17,1,0,0,-0.553613335542769,robust_nontrivial
v_0p60_t_0p10_lm_0p10,0.6,0.1,0.1,0.39999999999999963,-9.427616825452496e-17,1,0,0,-1.429800364638796,robust_nontrivial
v_0p60_t_0p10_lm_0p30,0.6,0.1,0.3,1.1102230246251565e-16,-1.9486629753119255e-16,1,1,0,-1.0324628329373455,near_transition
v_0p60_t_0p10_lm_0p50,0.6,0.1,0.5,0.2198039027185556,2.051378308501512e-16,1,0,0,0.7723769947156881,robust_nontrivial
v_0p60_t_0p10_lm_0p60,0.6,0.1,0.6,0.19999999999999948,6.166791892471916e-17,1,0,0,-0.9249034903878229,robust_nontrivial
v_0p60_t_0p10_lm_0p70,0.6,0.1,0.7,-1.1379786002407855e-15,-3.595741462779921e-17,1,1,0,1.0767589139917104,near_transition
v_0p60_t_0p20_lm_0p10,0.6,0.2,0.1,0.1999999999999997,-5.514721480867878e-17,1,0,0,-0.918325413662265,robust_nontrivial
v_0p60_t_0p20_lm_0p20,0.6,0.2,0.2,1.1670718467565813e-16,1.09744905118678e-18,0,1,0,-0.3733067769577014,near_transition
v_0p60_t_0p20_lm_0p30,0.6,0.2,0.3,0.19999999999999984,-1.15638856311216e-16,1,0,0,0.9346361651750208,robust_nontrivial
v_0p60_t_0p20_lm_0p40,0.6,0.2,0.4,0.39999999999999986,-2.7305133324352904e-16,1,0,0,-0.9711230353895628,robust_nontrivial
v_0p60_t_0p20_lm_0p50,0.6,0.2,0.5,0.4770329614268998,-1.2260004843162104e-16,1,0,0,-1.0402897803255748,robust_nontrivial
v_0p60_t_0p20_lm_0p60,0.6,0.2,0.6,0.39999999999999925,-2.810164226142605e-16,1,0,0,-1.2042497659238598,robust_nontrivial
v_0p60_t_0p20_lm_0p80,0.6,0.2,0.8,-5.351373934042006e-16,2.1013071836417448e-17,0,1,0,-1.9182556177447136,near_transition
v_0p60_t_0p30_lm_0p10,0.6,0.3,0.1,1.3877787807814457e-16,5.332961463617704e-17,0,1,0,-0.4069149256249225,near_transition
v_0p60_t_0p30_lm_0p30,0.6,0.3,0.3,0.39999999999999936,-4.5931987224608936e-17,1,0,0,0.5404293904956085,robust_nontrivial
v_0p60_t_0p30_lm_0p50,0.6,0.3,0.5,0.7661903789690592,1.620484626518529e-16,1,0,0,-0.9090440091116945,robust_nontrivial
v_0p60_t_0p30_lm_0p60,0.6,0.3,0.6,0.5999999999999994,-7.256028097665051e-17,1,0,0,0.9957607946119528,robust_nontrivial
v_0p60_t_0p30_lm_0p90,0.6,0.3,0.9,-1.1934897514720433e-15,-5.205369807900991e-17,1,1,0,3.228180645570984,near_transition
v_0p60_t_0p40_lm_0p00,0.6,0.4,0.0,-4.440892098500626e-16,6.051487780080031e-17,1,1,0,0.7593616784527636,near_transition
v_0p60_t_0p40_lm_0p10,0.6,0.4,0.1,0.19999999999999993,1.74365413217077e-17,1,0,0,-0.5286273172720433,robust_nontrivial
v_0p60_t_0p40_lm_0p40,0.6,0.4,0.4,0.7999999999999996,2.6612035785884487e-17,1,0,0,-0.5224888797335681,robust_nontrivial
v_0p60_t_0p40_lm_0p60,0.6,0.4,0.6,0.7999999999999987,-9.517136696356457e-17,1,0,0,-0.8418025283800766,robust_nontrivial
v_0p60_t_0p40_lm_0p70,0.6,0.4,0.7,0.5999999999999992,-3.2374124597951986e-17,1,0,0,0.759752058430934,robust_nontrivial
v_0p60_t_0p40_lm_0p80,0.6,0.4,0.8,0.39999999999999947,-1.564588429236691e-16,1,0,0,-1.4580087046044095,robust_nontrivial
v_0p60_t_0p40_lm_0p90,0.6,0.4,0.9,0.19999999999999857,-2.8148109353647433e-16,1,0,0,1.3385861529887537,robust_nontrivial
v_0p60_t_0p40_lm_1p00,0.6,0.4,1.0,-1.3877787807814457e-15,-1.1513303492395867e-16,1,1,0,-0.5165862314902585,near_transition
v_0p60_t_0p50_lm_0p00,0.6,0.5,0.0,-4.996003610813204e-16,-2.4514437564389e-16,0,1,0,-0.42169001340661405,near_transition
v_0p60_t_0p50_lm_0p10,0.6,0.5,0.1,0.21980390271855516,-8.419965748556982e-18,1,0,0,-0.6790388941782332,robust_nontrivial
v_0p60_t_0p50_lm_0p20,0.6,0.5,0.2,0.4770329614268995,1.2096020034714175e-16,1,0,0,0.6523086575420957,robust_nontrivial
v_0p60_t_0p50_lm_0p30,0.6,0.5,0.3,0.7661903789690597,1.2686432296998969e-16,1,0,0,-0.7630782322649544,robust_nontrivial
v_0p60_t_0p50_lm_0p40,0.6,0.5,0.4,0.9999999999999989,-3.3307005440573017e-16,1,0,0,1.3641176639885861,robust_nontrivial
v_0p60_t_0p50_lm_0p50,0.6,0.5,0.5,1.1999999999999984,-4.131231907214504e-17,1,0,0,-0.7066886704525362,robust_nontrivial
v_0p60_t_0p50_lm_0p70,0.6,0.5,0.7,0.799999999999999,-2.7940976836183584e-16,1,0,0,0.9042436309337022,robust_nontrivial
v_0p60_t_0p50_lm_0p90,0.6,0.5,0.9,0.39999999999999847,-2.1440000694821807e-16,1,0,0,-1.0561960310278826,robust_nontrivial
v_0p60_t_0p50_lm_1p00,0.6,0.5,1.0,0.1999999999999979,-2.1295795647900796e-16,1,0,0,1.1827964097916528,robust_nontrivial
v_0p60_t_0p60_lm_0p00,0.6,0.6,0.0,-1.3877787807814457e-15,-2.6171372035029086e-16,0,1,0,0.45365071444897404,near_transition
v_0p60_t_0p60_lm_0p30,0.6,0.6,0.3,0.5999999999999992,2.2133815833430477e-16,1,0,0,0.7132608791321953,robust_nontrivial
v_0p60_t_0p60_lm_0p40,0.6,0.6,0.4,0.7999999999999974,-2.0040948550740996e-16,1,0,0,0.9136145577996299,robust_nontrivial
v_0p60_t_0p60_lm_0p70,0.6,0.6,0.7,0.599999999999998,-3.1141679522501505e-16,1,0,0,0.9050906814616495,robust_nontrivial
v_0p60_t_0p60_lm_1p00,0.6,0.6,1.0,-9.43689570931383e-16,0.0,1,1,0,0.8551648141889268,near_transition
v_0p60_t_0p70_lm_0p10,0.6,0.7,0.1,-9.159339953157541e-16,1.936427217662501e-16,0,1,0,0.38538699645335966,near_transition
v_0p60_t_0p70_lm_0p20,0.6,0.7,0.2,0.1999999999999991,2.769459423604445e-16,1,0,0,1.0193492228791938,robust_nontrivial
v_0p60_t_0p70_lm_0p70,0.6,0.7,0.7,0.39999999999999825,-2.7447529945361684e-17,1,0,0,0.5870686225829936,robust_nontrivial
v_0p60_t_0p70_lm_0p80,0.6,0.7,0.8,0.19999999999999818,-1.085612355553791e-16,1,1,0,-2.593442676710203,robust_nontrivial
v_0p60_t_0p70_lm_0p90,0.6,0.7,0.9,-4.440892098500626e-16,0.0,1,1,0,3.1816010872945792,near_transition
v_0p60_t_0p70_lm_1p00,0.6,0.7,1.0,0.1999999999999976,-4.1715413891841863e-16,1,0,0,0.6842183889631201,robust_nontrivial
v_0p60_t_0p80_lm_0p20,0.6,0.8,0.2,-9.37134072845097e-16,1.7713859267096528e-16,1,1,0,-1.1321708640158634,near_transition
v_0p60_t_0p80_lm_0p30,0.6,0.8,0.3,0.19999999999999993,-3.412509305883573e-16,1,0,0,-0.6285803799875087,robust_nontrivial
v_0p60_t_0p80_lm_0p40,0.6,0.8,0.4,0.3999999999999987,1.0395152197774466e-16,1,0,0,1.100507833961049,robust_nontrivial
v_0p60_t_0p80_lm_0p70,0.6,0.8,0.7,0.19999999999999915,-3.1971525503537066e-16,1,1,0,0.6610045921129727,robust_nontrivial
v_0p60_t_0p80_lm_0p80,0.6,0.8,0.8,-6.220887844026741e-17,-1.0,0,1,1,0.45801966592985316,near_transition
v_0p60_t_0p80_lm_1p00,0.6,0.8,1.0,0.39999999999999697,-2.4023781180971095e-16,1,0,0,-0.6391637596869544,robust_nontrivial
v_0p60_t_0p90_lm_0p30,0.6,0.9,0.3,-7.771561172376096e-16,-1.9869455938283346e-16,0,1,0,0.054533664760822005,near_transition
v_0p60_t_0p90_lm_0p40,0.6,0.9,0.4,0.19999999999999887,-2.2720264884471196e-16,1,0,0,1.414879818757097,robust_nontrivial
v_0p60_t_0p90_lm_0p60,0.6,0.9,0.6,0.1999999999999981,-9.818978985465882e-17,0,1,1,-0.45607014261663154,robust_nontrivial
v_0p60_t_0p90_lm_0p70,0.6,0.9,0.7,-2.220446049250313e-16,5.300924469105861e-17,1,1,0,-1.4596657037973344,near_transition
v_0p60_t_0p90_lm_0p80,0.6,0.9,0.8,0.1999999999999992,9.16608158838692e-17,1,1,0,2.625927065950196,robust_nontrivial
v_0p60_t_0p90_lm_1p00,0.6,0.9,1.0,0.5999999999999953,-2.1007898727530492e-16,1,0,0,-1.2033153613861098,robust_nontrivial
v_0p60_t_1p00_lm_0p40,0.6,1.0,0.4,-1.27675647831893e-15,1.1826235604156152e-16,0,1,0,-0.12003683498304722,near_transition
v_0p60_t_1p00_lm_0p50,0.6,1.0,0.5,0.19999999999999796,-3.301708234741983e-16,1,1,0,0.5112458677232689,robust_nontrivial
v_0p60_t_1p00_lm_0p60,0.6,1.0,0.6,-1.6653345369377348e-16,-1.0,0,1,1,1.5643258555604818,near_transition
v_0p60_t_1p00_lm_0p80,0.6,1.0,0.8,0.39999999999999586,-3.671346844211352e-17,1,0,0,-1.3623281889601175,robust_nontrivial
v_0p70_t_0p00_lm_0p10,0.7,0.0,0.1,0.39999999999999974,6.796134403829074e-17,1,0,0,-1.0296786030046834,robust_nontrivial
v_0p70_t_0p00_lm_0p30,0.7,0.0,0.3,-4.440892098500626e-16,-2.0812116808346046e-16,0,1,0,-1.5901815944577715,near_transition
v_0p70_t_0p00_lm_0p40,0.7,0.0,0.4,-6.661338147750939e-16,-9.92752844604879e-17,0,1,0,0.3558741808751658,near_transition
v_0p70_t_0p00_lm_0p50,0.7,0.0,0.5,-8.326672684688674e-16,4.762640718839429e-17,0,1,0,-2.085499887409109,near_transition
v_0p70_t_0p00_lm_0p60,0.7,0.0,0.6,-7.216449660063518e-16,-1.717514334751394e-16,0,1,0,-0.3520102941989821,near_transition
v_0p70_t_0p00_lm_0p70,0.7,0.0,0.7,-1.942890293094024e-15,1.2768595071297816e-16,0,1,0,-1.5827986580809417,near_transition
v_0p70_t_0p10_lm_0p20,0.7,0.1,0.2,5.551115123125783e-17,-5.1336644736553374e-17,0,1,0,-0.04885824807903968,near_transition
v_0p70_t_0p10_lm_0p30,0.7,0.1,0.3,0.19999999999999984,2.0244927920864434e-16,1,0,0,0.6742277518322642,robust_nontrivial
v_0p70_t_0p10_lm_0p40,0.7,0.1,0.4,0.21980390271855638,-2.659968437542795e-16,1,0,0,-0.7713908919949801,robust_nontrivial
v_0p70_t_0p10_lm_0p50,0.7,0.1,0.5,0.21980390271855627,-1.949896703470108e-16,1,0,0,1.2697260277477744,robust_nontrivial
v_0p70_t_0p10_lm_0p60,0.7,0.1,0.6,0.21980390271855602,-6.990462708620067e-17,1,0,0,0.535307490900084,robust_nontrivial
v_0p70_t_0p10_lm_0p80,0.7,0.1,0.8,-8.743006318923108e-16,-5.262393530779544e-16,0,1,0,-2.261441271506318,near_transition
v_0p70_t_0p20_lm_0p10,0.7,0.2,0.1,1.942890293094024e-16,-1.13522648262488e-16,1,1,0,-0.9277798696832731,near_transition
v_0p70_t_0p20_lm_0p30,0.7,0.2,0.3,0.3999999999999998,-1.224086714650798e-16,1,0,0,-1.0057381840435824,robust_nontrivial
v_0p70_t_0p20_lm_0p40,0.7,0.2,0.4,0.4770329614269003,-1.8067048085349228e-16,1,0,0,-1.3876295133526368,robust_nontrivial
v_0p70_t_0p20_lm_0p90,0.7,0.2,0.9,-1.27675647831893e-15,1.8706018607565934e-16,0,1,0,-0.25992595055872236,near_transition
v_0p70_t_0p30_lm_0p00,0.7,0.3,0.0,-7.216449660063518e-16,4.3889115773649306e-16,1,1,0,0.9283804282379002,near_transition
v_0p70_t_0p30_lm_0p10,0.7,0.3,0.1,0.19999999999999962,-7.642856675644773e-17,1,0,0,-1.0669091954047238,robust_nontrivial
v_0p70_t_0p30_lm_0p20,0.7,0.3,0.2,0.3999999999999994,3.281203957641328e-17,1,0,0,1.0749618369861147,robust_nontrivial
v_0p70_t_0p30_lm_0p30,0.7,0.3,0.3,0.5999999999999999,-1.748732277326872e-16,1,0,0,0.6066344788735897,robust_nontrivial
v_0p70_t_0p30_lm_0p40,0.7,0.3,0.4,0.7661903789690596,4.726101853051166e-16,1,0,0,0.5386832330645211,robust_nontrivial
v_0p70_t_0p30_lm_0p70,0.7,0.3,0.7,0.5999999999999996,-2.502196569774948e-16,1,0,0,-0.5202531854035307,robust_nontrivial
v_0p70_t_0p30_lm_0p90,0.7,0.3,0.9,0.19999999999999835,8.136527334867148e-18,1,0,0,0.5906321215314476,robust_nontrivial
v_0p70_t_0p30_lm_1p00,0.7,0.3,1.0,-8.881784197001252e-16,3.506877609614575e-16,0,1,0,-0.192645815083146,near_transition
v_0p70_t_0p40_lm_0p00,0.7,0.4,0.0,-5.551115123125783e-16,1.5228246583746013e-17,1,1,0,1.4308925627988232,near_transition
v_0p70_t_0p40_lm_0p30,0.7,0.4,0.3,0.766190378969059,-2.8501431308232157e-16,1,0,0,-0.7381270913232517,robust_nontrivial
v_0p70_t_0p40_lm_0p40,0.7,0.4,0.4,0.9999999999999996,4.8236905759465284e-17,1,0,0,-1.2808688212040933,robust_nontrivial
v_0p70_t_0p40_lm_0p60,0.7,0.4,0.6,0.9999999999999987,2.7349997324411328e-16,1,0,0,0.9991626368214103,robust_nontrivial
v_0p70_t_0p40_lm_0p70,0.7,0.4,0.7,0.7999999999999985,-3.059447165144542e-17,1,0,0,1.339395494579853,robust_nontrivial
v_0p70_t_0p40_lm_0p80,0.7,0.4,0.8,0.5999999999999991,-1.2509474141088888e-16,1,0,0,-0.5820620885020645,robust_nontrivial
v_0p70_t_0p40_lm_0p90,0.7,0.4,0.9,0.3999999999999986,3.9260131972978957e-16,1,0,0,1.3314635946167066,robust_nontrivial
v_0p70_t_0p40_lm_1p00,0.7,0.4,1.0,0.19999999999999907,2.652133460226168e-16,1,0,0,1.2158708582378897,robust_nontrivial
v_0p70_t_0p50_lm_0p00,0.7,0.5,0.0,-8.881784197001252e-16,1.6153141277285476e-16,1,1,0,-1.0026865537205718,near_transition
v_0p70_t_0p50_lm_0p10,0.7,0.5,0.1,0.2198039027185566,6.173433593557476e-17,1,0,0,-0.8290495658847923,robust_nontrivial
v_0p70_t_0p50_lm_0p20,0.7,0.5,0.2,0.4770329614269001,-1.0272150302891981e-16,1,0,0,-0.5794033633111293,robust_nontrivial
v_0p70_t_0p50_lm_0p60,0.7,0.5,0.6,1.1999999999999973,1.9400914658209277e-18,1,0,0,0.7116480367998538,robust_nontrivial
v_0p70_t_0p50_lm_0p70,0.7,0.5,0.7,0.9999999999999972,-5.5266477234456097e-17,1,0,0,-0.5682747463490576,robust_nontrivial
v_0p70_t_0p50_lm_0p80,0.7,0.5,0.8,0.7999999999999974,-1.0095217378886237e-16,1,0,0,0.8185058592873854,robust_nontrivial
v_0p70_t_0p60_lm_0p00,0.7,0.6,0.0,-7.771561172376096e-16,6.141898243784994e-16,1,1,0,0.5031636330045214,near_transition
v_0p70_t_0p60_lm_0p40,0.7,0.6,0.4,0.9999999999999992,1.7229974978858301e-16,1,0,0,-0.8088994232088556,robust_nontrivial
v_0p70_t_0p60_lm_0p50,0.7,0.6,0.5,1.1999999999999984,-3.122518595079012e-16,1,0,0,-1.4950195271667737,robust_nontrivial
v_0p70_t_0p60_lm_0p90,0.7,0.6,0.9,0.3999999999999962,-1.6092589166569072e-17,1,0,0,-1.4258480073011304,robust_nontrivial
v_0p70_t_0p60_lm_1p00,0.7,0.6,1.0,0.1999999999999978,1.7060780955618315e-17,1,0,0,-0.5832467923426701,robust_nontrivial
v_0p70_t_0p70_lm_0p00,0.7,0.7,0.0,-1.7763568394002505e-15,-5.4874675039082136e-17,1,1,0,-0.6283958019646501,near_transition
v_0p70_t_0p70_lm_0p10,0.7,0.7,0.1,0.19999999999999984,8.890246179595722e-17,1,0,0,0.5867308417194803,robust_nontrivial
v_0p70_t_0p70_lm_0p20,0.7,0.7,0.2,0.3999999999999987,4.745250965446356e-17,1,0,0,1.2833473965121907,robust_nontrivial
v_0p70_t_0p70_lm_0p30,0.7,0.7,0.3,0.599999999999999,-6.161297706115464e-17,1,0,0,-1.3949286586346235,robust_nontrivial
v_0p70_t_0p70_lm_0p40,0.7,0.7,0.4,0.7999999999999985,2.048571974148866e-16,1,0,0,0.9556174604702629,robust_nontrivial
v_0p70_t_0p70_lm_0p50,0.7,0.7,0.5,0.999999999999998,-1.8580831089715434e-16,1,0,0,0.5651820318388123,robust_nontrivial
v_0p70_t_0p70_lm_0p70,0.7,0.7,0.7,0.5999999999999981,-4.40306434263517e-17,1,0,0,-1.3187497544450415,robust_nontrivial
v_0p70_t_0p70_lm_0p80,0.7,0.7,0.8,0.39999999999999797,9.681698876010983e-17,1,0,0,1.2103441033526918,robust_nontrivial
v_0p70_t_0p70_lm_1p00,0.7,0.7,1.0,0.0,5.300924469105862e-16,0,1,0,-0.2543330457303079,near_transition
v_0p70_t_0p80_lm_0p10,0.7,0.8,0.1,-1.2628786905111156e-15,-5.752401597354513e-17,0,1,0,-0.19416820990379546,near_transition
v_0p70_t_0p80_lm_0p20,0.7,0.8,0.2,0.19999999999999873,-5.322945808353503e-16,1,0,0,0.5594001600757781,robust_nontrivial
v_0p70_t_0p80_lm_0p30,0.7,0.8,0.3,0.39999999999999813,1.2805909690185491e-16,1,0,0,-1.1180861382157286,robust_nontrivial
v_0p70_t_0p80_lm_0p70,0.7,0.8,0.7,0.3999999999999965,-1.6849915217849198e-16,1,0,0,-1.0775516214712006,robust_nontrivial
v_0p70_t_0p80_lm_0p80,0.7,0.8,0.8,0.1999999999999975,-3.0929330352364295e-18,1,1,0,0.7847981536077279,robust_nontrivial
v_0p70_t_0p80_lm_0p90,0.7,0.8,0.9,-3.7470027081099033e-16,-3.533949646070574e-17,0,1,0,-0.1957628679542833,near_transition
v_0p70_t_0p80_lm_1p00,0.7,0.8,1.0,0.1999999999999973,-1.6170885472758013e-16,1,0,0,0.6339371172058644,robust_nontrivial
v_0p70_t_0p90_lm_0p20,0.7,0.9,0.2,-1.817990202823694e-15,-2.843698943749124e-16,0,1,0,0.42407010429594144,near_transition
v_0p70_t_0p90_lm_0p40,0.7,0.9,0.4,0.39999999999999813,1.5597656573870044e-16,1,0,0,-0.8402631335475832,robust_nontrivial
v_0p70_t_0p90_lm_0p50,0.7,0.9,0.5,0.599999999999998,-1.3761578055727047e-16,1,0,0,0.9480917055516336,robust_nontrivial
v_0p70_t_0p90_lm_0p70,0.7,0.9,0.7,0.1999999999999981,-3.4458882252257824e-16,1,0,0,0.7002835074846285,robust_nontrivial
v_0p70_t_0p90_lm_0p80,0.7,0.9,0.8,-1.3877787807814457e-16,1.0601848938211722e-16,0,1,0,1.959267700995808,near_transition
v_0p70_t_1p00_lm_0p30,0.7,1.0,0.3,-1.2212453270876722e-15,2.3360618552531948e-17,1,1,0,-0.8562327923984007,near_transition
v_0p70_t_1p00_lm_0p40,0.7,1.0,0.4,0.19999999999999774,2.8192594128545256e-16,1,0,0,0.7544751298333442,robust_nontrivial
v_0p70_t_1p00_lm_0p50,0.7,1.0,0.5,0.3999999999999989,-1.306223283898847e-16,1,0,0,0.8685191848332128,robust_nontrivial
v_0p70_t_1p00_lm_0p60,0.7,1.0,0.6,0.19999999999999857,2.664869479133782e-16,1,1,0,0.9586924445508647,robust_nontrivial
v_0p70_t_1p00_lm_0p70,0.7,1.0,0.7,-5.551115123125783e-17,4.240739575284689e-16,1,1,0,-0.5368837390515563,near_transition
v_0p70_t_1p00_lm_0p90,0.7,1.0,0.9,0.3999999999999986,-5.469247506910058e-17,1,0,0,1.36968099114152,robust_nontrivial
v_0p70_t_1p00_lm_1p00,0.7,1.0,1.0,0.5999999999999989,2.38608688625356e-16,1,0,0,-1.3803275206093075,robust_nontrivial
v_0p80_t_0p00_lm_0p20,0.8,0.0,0.2,-8.049116928532385e-16,-1.4627321252900486e-17,0,1,0,-0.014116653106355341,near_transition
v_0p80_t_0p00_lm_0p30,0.8,0.0,0.3,-4.996003610813204e-16,-1.7793594301279705e-17,0,1,0,2.3388946258629706,near_transition
v_0p80_t_0p00_lm_0p40,0.8,0.0,0.4,-6.38378239159465e-16,-2.5284283532996543e-17,0,1,0,-0.00811275262569183,near_transition
v_0p80_t_0p00_lm_0p50,0.8,0.0,0.5,-4.996003610813204e-16,-1.845015307106896e-17,1,1,0,1.311454001163768,near_transition
v_0p80_t_0p00_lm_0p60,0.8,0.0,0.6,-1.6375789613221059e-15,-5.465411768747999e-17,0,1,0,-0.056329918066124,near_transition
v_0p80_t_0p00_lm_0p70,0.8,0.0,0.7,-1.1379786002407855e-15,7.67550455118713e-17,0,1,0,-0.2650548854255514,near_transition
v_0p80_t_0p00_lm_0p80,0.8,0.0,0.8,-2.7755575615628914e-15,1.4425819140120522e-16,0,1,0,-0.2928680413946509,near_transition
v_0p80_t_0p10_lm_0p10,0.8,0.1,0.1,1.3603833764214585e-16,-1.1950378368665615e-16,1,1,0,0.9592106007324835,near_transition
v_0p80_t_0p10_lm_0p20,0.8,0.1,0.2,0.20000000000000012,2.0287412800914456e-17,1,0,0,-1.2462677876114097,robust_nontrivial
v_0p80_t_0p10_lm_0p40,0.8,0.1,0.4,0.2198039027185568,-1.734271771056806e-17,1,0,0,-0.6648230282747944,robust_nontrivial
v_0p80_t_0p10_lm_0p60,0.8,0.1,0.6,0.2198039027185549,-1.262615477291056e-16,1,0,0,-1.3278316379307116,robust_nontrivial
v_0p80_t_0p10_lm_0p90,0.8,0.1,0.9,-7.544304331421308e-16,-2.0625110279005984e-16,1,1,0,0.73705120023344,near_transition
v_0p80_t_0p20_lm_0p00,0.8,0.2,0.0,-3.3306690738754696e-16,4.5999925350465777e-17,0,1,0,-0.38390528807470603,near_transition
v_0p80_t_0p20_lm_0p10,0.8,0.2,0.1,0.19999999999999984,9.696021640861557e-17,1,0,0,0.9503978234180599,robust_nontrivial
v_0p80_t_0p20_lm_0p20,0.8,0.2,0.2,0.3999999999999999,1.3412878590893103e-17,1,0,0,-0.5297179295062692,robust_nontrivial
v_0p80_t_0p20_lm_1p00,0.8,0.2,1.0,-6.38378239159465e-16,-4.66528722067532e-16,0,1,0,0.4910781480127441,near_transition
v_0p80_t_0p30_lm_0p00,0.8,0.3,0.0,-3.0531133177191805e-16,4.670475818587163e-17,1,1,0,-1.0754643244637911,near_transition
v_0p80_t_0p30_lm_0p10,0.8,0.3,0.1,0.21980390271855657,-6.5910057808052045e-18,1,0,0,1.2641436830531905,robust_nontrivial
v_0p80_t_0p30_lm_0p30,0.8,0.3,0.3,0.732380757938119,-1.4133686887131285e-16,1,0,0,0.6461446511608119,robust_nontrivial
v_0p80_t_0p30_lm_0p50,0.8,0.3,0.5,0.7661903789690588,3.572643955823749e-16,1,0,0,-0.565799249696204,robust_nontrivial
v_0p80_t_0p30_lm_0p60,0.8,0.3,0.6,0.7661903789690594,-4.905673718360138e-16,1,0,0,0.8178633786534445,robust_nontrivial
v_0p80_t_0p30_lm_0p90,0.8,0.3,0.9,0.3999999999999988,-1.787209943194567e-16,1,0,0,-1.4410075248939973,robust_nontrivial
v_0p80_t_0p40_lm_0p00,0.8,0.4,0.0,-6.38378239159465e-16,1.5437411282557695e-16,1,1,0,0.7109753065298412,near_transition
v_0p80_t_0p40_lm_0p20,0.8,0.4,0.2,0.477032961426899,2.5002163067915956e-16,1,0,0,-1.2533769872079703,robust_nontrivial
v_0p80_t_0p40_lm_0p60,0.8,0.4,0.6,1.0806248474865683,9.130598899047784e-17,1,0,0,-0.6093529523818905,robust_nontrivial
v_0p80_t_0p40_lm_0p90,0.8,0.4,0.9,0.599999999999999,3.290114193559541e-16,1,0,0,0.5213190982249561,robust_nontrivial
v_0p80_t_0p40_lm_1p00,0.8,0.4,1.0,0.3999999999999987,1.6505177584585558e-16,1,0,0,0.5357256276022404,robust_nontrivial
v_0p80_t_0p50_lm_0p00,0.8,0.5,0.0,-7.216449660063518e-16,-5.7970175639206365e-18,1,1,0,-2.707761297949091,near_transition
v_0p80_t_0p50_lm_0p20,0.8,0.5,0.2,0.4770329614269,2.293719613987997e-16,1,0,0,-1.1345288917238336,robust_nontrivial
v_0p80_t_0p50_lm_0p60,0.8,0.5,0.6,1.3620499351813296,2.9484308913309554e-17,1,0,0,0.7429483147104736,robust_nontrivial
v_0p80_t_0p50_lm_0p80,0.8,0.5,0.8,0.9999999999999979,-2.4603883698977676e-16,1,0,0,-1.1927241570426856,robust_nontrivial
v_0p80_t_0p50_lm_0p90,0.8,0.5,0.9,0.7999999999999982,4.6601247995690683e-17,1,0,0,-1.3619672361167299,robust_nontrivial
v_0p80_t_0p50_lm_1p00,0.8,0.5,1.0,0.5999999999999978,8.192517755707509e-18,1,0,0,1.2933881516445889,robust_nontrivial
v_0p80_t_0p60_lm_0p00,0.8,0.6,0.0,-9.159339953157541e-16,-2.2655273178109706e-16,0,1,0,0.4882370413701724,near_transition
v_0p80_t_0p60_lm_0p10,0.8,0.6,0.1,0.2198039027185562,-1.2535361256982185e-16,1,0,0,0.5137233867763401,robust_nontrivial
v_0p80_t_0p60_lm_0p50,0.8,0.6,0.5,1.3620499351813296,2.1308194666892466e-16,1,0,0,1.0973308818631782,robust_nontrivial
v_0p80_t_0p60_lm_0p70,0.8,0.6,0.7,0.9999999999999987,-2.2421214917580375e-16,1,0,0,0.5309438405618373,robust_nontrivial
v_0p80_t_0p60_lm_0p90,0.8,0.6,0.9,0.5999999999999966,-2.2344535058721993e-16,1,0,0,1.4479662495666823,robust_nontrivial
v_0p80_t_0p70_lm_0p00,0.8,0.7,0.0,-1.1379786002407855e-15,1.302768566534716e-16,0,1,0,-2.0027497300043806,near_transition
v_0p80_t_0p70_lm_0p20,0.8,0.7,0.2,0.47703296142689955,-3.837342410109319e-16,1,0,0,0.9833333191843807,robust_nontrivial
v_0p80_t_0p70_lm_0p30,0.8,0.7,0.3,0.7661903789690594,2.0762365997799869e-16,1,0,0,0.6978355467655702,robust_nontrivial
v_0p80_t_0p70_lm_0p40,0.8,0.7,0.4,0.9999999999999979,1.9789535642871167e-16,1,0,0,0.6212967454010522,robust_nontrivial
v_0p80_t_0p70_lm_0p50,0.8,0.7,0.5,1.1999999999999984,1.2817378089406552e-16,1,0,0,-0.6227264562059487,robust_nontrivial
v_0p80_t_0p70_lm_0p80,0.8,0.7,0.8,0.5999999999999981,-2.7655275837245962e-16,1,0,0,0.7100693224436792,robust_nontrivial
v_0p80_t_0p70_lm_1p00,0.8,0.7,1.0,0.1999999999999979,1.2879118448240223e-16,1,0,0,1.1941915561322929,robust_nontrivial
v_0p80_t_0p80_lm_0p00,0.8,0.8,0.0,-1.5543122344752192e-15,2.0696289704236955e-16,1,1,0,1.0363639443748187,near_transition
v_0p80_t_0p80_lm_0p20,0.8,0.8,0.2,0.39999999999999897,-3.566732370125097e-16,1,0,0,0.9503738600638645,robust_nontrivial
v_0p80_t_0p80_lm_0p40,0.8,0.8,0.4,0.7999999999999983,2.1214389131496874e-17,1,0,0,-1.1250262291515036,robust_nontrivial
v_0p80_t_0p80_lm_0p60,0.8,0.8,0.6,0.7999999999999983,-1.6801440769817622e-16,1,0,0,0.5226081121104099,robust_nontrivial
v_0p80_t_0p80_lm_0p70,0.8,0.8,0.7,0.5999999999999985,5.047255436368261e-17,1,0,0,0.9592287815918391,robust_nontrivial
v_0p80_t_0p80_lm_0p80,0.8,0.8,0.8,0.39999999999999636,-3.2402445787209196e-16,1,0,0,-1.1980983601335,robust_nontrivial
v_0p80_t_0p80_lm_1p00,0.8,0.8,1.0,-1.942890293094024e-16,-3.533949646070574e-17,0,1,0,-0.49282159008192233,near_transition
v_0p80_t_0p90_lm_0p10,0.8,0.9,0.1,-1.5176776157363357e-15,-3.04841538189121e-16,0,1,0,-1.8372383373361163,near_transition
v_0p80_t_0p90_lm_0p20,0.8,0.9,0.2,0.19999999999999898,-6.393686345266525e-17,1,0,0,0.6352495304529189,robust_nontrivial
v_0p80_t_0p90_lm_0p50,0.8,0.9,0.5,0.7999999999999989,7.54449437456048e-17,1,0,0,1.3081011664822302,robust_nontrivial
v_0p80_t_0p90_lm_0p80,0.8,0.9,0.8,0.19999999999999712,-1.270000316049396e-16,1,1,0,0.5534351366922081,robust_nontrivial
v_0p80_t_0p90_lm_0p90,0.8,0.9,0.9,-4.2774418918664897e-16,-1.0000000000000002,1,1,1,-1.3289575134521954,near_transition
v_0p80_t_0p90_lm_1p00,0.8,0.9,1.0,0.19999999999999674,-1.2614283596712818e-16,0,1,1,-2.2414266917632295,robust_nontrivial
v_0p80_t_1p00_lm_0p20,0.8,1.0,0.2,-5.551115123125783e-16,2.357149967769883e-16,0,1,0,0.40416264817474234,near_transition
v_0p80_t_1p00_lm_0p30,0.8,1.0,0.3,0.19999999999999843,-1.1925114009620888e-18,1,0,0,1.4154537441587491,robust_nontrivial
v_0p80_t_1p00_lm_0p50,0.8,1.0,0.5,0.599999999999997,1.0607562708091307e-17,1,0,0,0.625747295202291,robust_nontrivial
v_0p80_t_1p00_lm_0p70,0.8,1.0,0.7,0.1999999999999992,5.705001745338397e-18,1,0,0,-0.5568123130279923,robust_nontrivial
v_0p80_t_1p00_lm_0p80,0.8,1.0,0.8,-4.163336342344337e-16,-2.473764752249402e-16,1,1,0,2.5744145255792623,near_transition
v_0p80_t_1p00_lm_1p00,0.8,1.0,1.0,0.399999999999999,-7.163104230072097e-17,1,0,0,-0.5214920317251798,robust_nontrivial
v_0p90_t_0p00_lm_0p10,0.9,0.0,0.1,-3.191891195797325e-16,1.208650526163028e-16,0,1,0,0.12782881569634505,near_transition
v_0p90_t_0p00_lm_0p20,0.9,0.0,0.2,-7.632783294297951e-16,-1.7819880767328282e-16,1,1,0,-1.4658763781838098,near_transition
v_0p90_t_0p00_lm_0p30,0.9,0.0,0.3,-7.355227538141662e-16,2.5495107271275908e-16,1,1,0,-0.8178224172519556,near_transition
v_0p90_t_0p00_lm_0p40,0.9,0.0,0.4,-3.7470027081099033e-16,-1.8873586343914777e-16,0,1,0,-0.16693951170962462,near_transition
v_0p90_t_0p00_lm_0p50,0.9,0.0,0.5,-8.326672684688674e-16,1.2614937904987861e-17,0,1,0,-0.2138142528826975,near_transition
v_0p90_t_0p00_lm_0p60,0.9,0.0,0.6,-8.187894806610529e-16,-3.213178600730663e-17,0,1,0,0.2919896155399719,near_transition
v_0p90_t_0p00_lm_0p70,0.9,0.0,0.7,-8.604228440844963e-16,-2.546380472186288e-17,1,1,0,1.437983627365035,near_transition
v_0p90_t_0p00_lm_0p80,0.9,0.0,0.8,-1.4988010832439613e-15,-2.9201439146630426e-16,0,1,0,-0.06436560205722669,near_transition
v_0p90_t_0p00_lm_0p90,0.9,0.0,0.9,-2.400857290751901e-15,2.3008560248935645e-16,1,1,0,3.498138695646322,near_transition
v_0p90_t_0p10_lm_0p00,0.9,0.1,0.0,-7.216449660063518e-16,-3.0660718911324144e-16,0,1,0,0.00616174494251593,near_transition
v_0p90_t_0p10_lm_0p20,0.9,0.1,0.2,0.21980390271855627,-2.3117517304235314e-16,1,0,0,-1.0877897628624655,robust_nontrivial
v_0p90_t_0p10_lm_0p40,0.9,0.1,0.4,0.21980390271855577,-1.1510979166983172e-16,1,0,0,-0.7906889065625456,robust_nontrivial
v_0p90_t_0p10_lm_0p60,0.9,0.1,0.6,0.21980390271855588,-2.727854186314376e-16,1,0,0,1.0370886705569946,robust_nontrivial
v_0p90_t_0p10_lm_0p70,0.9,0.1,0.7,0.21980390271855613,-6.826046096705381e-17,1,0,0,-0.9436336977769054,robust_nontrivial
v_0p90_t_0p10_lm_1p00,0.9,0.1,1.0,-1.0130785099704553e-15,1.4752391682644839e-16,0,1,0,0.2503051913133804,near_transition
v_0p90_t_0p20_lm_0p00,0.9,0.2,0.0,-6.661338147750939e-16,3.9937303176399994e-16,1,1,0,-1.4813234619509341,near_transition
v_0p90_t_0p20_lm_0p10,0.9,0.2,0.1,0.21980390271855677,1.8159955959306957e-16,1,0,0,1.4088233785389066,robust_nontrivial
v_0p90_t_0p20_lm_0p20,0.9,0.2,0.2,0.3540659228538011,2.1895129230635252e-16,1,0,0,0.7153383247845462,robust_nontrivial
v_0p90_t_0p20_lm_0p30,0.9,0.2,0.3,0.4432233403959593,-8.274585958551343e-17,1,0,0,1.0935718752579766,robust_nontrivial
v_0p90_t_0p20_lm_0p40,0.9,0.2,0.4,0.4770329614269,5.451271441133101e-16,1,0,0,0.5211377542208807,robust_nontrivial
v_0p90_t_0p20_lm_0p60,0.9,0.2,0.6,0.4770329614269009,-4.0517280832849083e-17,1,0,0,-0.7242280334063538,robust_nontrivial
v_0p90_t_0p20_lm_0p80,0.9,0.2,0.8,0.4770329614268994,-9.663498689975775e-17,1,0,0,-1.0115634456379334,robust_nontrivial
v_0p90_t_0p20_lm_0p90,0.9,0.2,0.9,0.3999999999999985,-1.6474896112409842e-16,1,0,0,0.626292173187012,robust_nontrivial
v_0p90_t_0p30_lm_0p00,0.9,0.3,0.0,-8.743006318923108e-16,-3.2012993866468766e-17,0,1,0,0.027541677764226346,near_transition
v_0p90_t_0p30_lm_0p20,0.9,0.3,0.2,0.44322334039596034,-1.7132639250425218e-16,1,0,0,-0.984872446971045,robust_nontrivial
v_0p90_t_0p30_lm_0p40,0.9,0.3,0.4,0.6468152264556288,-1.5661244501293542e-16,1,0,0,1.3619762473631742,robust_nontrivial
v_0p90_t_0p30_lm_0p60,0.9,0.3,0.6,0.7661903789690583,-4.176140463922958e-17,1,0,0,0.9048604597129568,robust_nontrivial
v_0p90_t_0p30_lm_0p70,0.9,0.3,0.7,0.7661903789690594,1.377594071785743e-16,1,0,0,0.705384642380156,robust_nontrivial
v_0p90_t_0p30_lm_0p90,0.9,0.3,0.9,0.5999999999999986,-3.6979673951317626e-17,1,0,0,0.6868959693662964,robust_nontrivial
v_0p90_t_0p40_lm_0p00,0.9,0.4,0.0,-1.2351231148954867e-15,5.680758807858279e-17,1,1,0,-0.5070646025237461,near_transition
v_0p90_t_0p40_lm_0p10,0.9,0.4,0.1,0.21980390271855607,2.0225827802509833e-16,1,0,0,3.106667461976342,robust_nontrivial
v_0p90_t_0p40_lm_0p30,0.9,0.4,0.3,0.646815226455629,7.833575876615428e-17,1,0,0,-0.6338499249798354,robust_nontrivial
v_0p90_t_0p40_lm_0p40,0.9,0.4,0.4,0.7612496949731391,1.718874273257562e-17,1,0,0,-1.3403599401715929,robust_nontrivial
v_0p90_t_0p40_lm_0p50,0.9,0.4,0.5,0.8948384098596641,-3.2724632453232925e-16,1,0,0,1.4153435152254328,robust_nontrivial
v_0p90_t_0p40_lm_0p80,0.9,0.4,0.8,0.9999999999999978,3.0103254060233465e-17,1,0,0,0.8993508576734528,robust_nontrivial
v_0p90_t_0p40_lm_1p00,0.9,0.4,1.0,0.5999999999999985,-1.3491608530001906e-16,1,0,0,1.303009773478254,robust_nontrivial
v_0p90_t_0p50_lm_0p00,0.9,0.5,0.0,-5.273559366969494e-16,-2.1579260962052995e-16,0,1,0,0.4082482092049265,near_transition
v_0p90_t_0p50_lm_0p10,0.9,0.5,0.1,0.21980390271855654,2.296284888321986e-16,1,0,0,0.5937979424366397,robust_nontrivial
v_0p90_t_0p50_lm_0p40,0.9,0.5,0.4,0.8948384098596635,4.855247358869689e-17,1,0,0,-1.3507200123677032,robust_nontrivial
v_0p90_t_0p50_lm_0p60,0.9,0.5,0.6,1.1762634975544244,-2.674603788423474e-16,1,0,0,-1.2984630675349482,robust_nontrivial
v_0p90_t_0p50_lm_0p80,0.9,0.5,0.8,1.1999999999999982,5.417212909795896e-17,1,0,0,1.1308092058111852,robust_nontrivial
v_0p90_t_0p60_lm_0p00,0.9,0.6,0.0,-8.881784197001252e-16,9.122652724085402e-17,1,1,0,-1.4953988170121355,near_transition
v_0p90_t_0p60_lm_0p20,0.9,0.6,0.2,0.4770329614268999,9.937071056272039e-17,1,0,0,0.7280747529057537,robust_nontrivial
v_0p90_t_0p60_lm_0p30,0.9,0.6,0.3,0.766190378969059,-3.030299978870222e-18,1,0,0,-0.626552239627109,robust_nontrivial
v_0p90_t_0p60_lm_0p50,0.9,0.6,0.5,1.1762634975544244,6.389463163920478e-17,1,0,0,-1.3034615186276037,robust_nontrivial
v_0p90_t_0p60_lm_0p60,0.9,0.6,0.6,1.3240998703626605,1.0355425414882319e-16,1,0,0,0.6896766595191164,robust_nontrivial
v_0p90_t_0p60_lm_0p70,0.9,0.6,0.7,1.1999999999999982,3.6481014369044295e-16,1,0,0,1.4755937129197985,robust_nontrivial
v_0p90_t_0p60_lm_0p90,0.9,0.6,0.9,0.7999999999999985,-4.730979958126775e-17,1,0,0,1.4842295536484091,robust_nontrivial
v_0p90_t_0p70_lm_0p00,0.9,0.7,0.0,-6.661338147750939e-16,2.0378477851311292e-16,0,1,0,-0.049145296708689036,near_transition
v_0p90_t_0p70_lm_0p20,0.9,0.7,0.2,0.47703296142690027,-1.1988402831491538e-16,1,0,0,1.452442400424938,robust_nontrivial
v_0p90_t_0p70_lm_0p30,0.9,0.7,0.3,0.7661903789690596,4.080587208247218e-16,1,0,0,-0.6826065779202936,robust_nontrivial
v_0p90_t_0p70_lm_0p40,0.9,0.7,0.4,1.080624847486569,1.49619703544331e-16,1,0,0,0.8499013105482782,robust_nontrivial
v_0p90_t_0p70_lm_0p50,0.9,0.7,0.5,1.3204650534085234,-1.8259426226284543e-16,1,0,0,0.8818432148758941,robust_nontrivial
v_0p90_t_0p70_lm_0p90,0.9,0.7,0.9,0.5999999999999969,1.7419025290294323e-16,1,0,0,-1.1632920217289593,robust_nontrivial
v_0p90_t_0p70_lm_1p00,0.9,0.7,1.0,0.399999999999998,2.3828393788085354e-16,1,0,0,0.7075534260955149,robust_nontrivial
v_0p90_t_0p80_lm_0p00,0.9,0.8,0.0,-9.298117831235686e-16,3.8183529561314473e-17,1,1,0,-0.5321659743448468,near_transition
v_0p90_t_0p80_lm_0p10,0.9,0.8,0.1,0.21980390271855657,-7.389874384416925e-17,1,0,0,-0.8444231045476766,robust_nontrivial
v_0p90_t_0p80_lm_0p20,0.9,0.8,0.2,0.4770329614268996,2.0863664076066977e-16,1,0,0,0.6400358505797688,robust_nontrivial
v_0p90_t_0p80_lm_0p30,0.9,0.8,0.3,0.7661903789690587,-1.3073572730742559e-17,1,0,0,-0.7136910034001431,robust_nontrivial
v_0p90_t_0p80_lm_0p40,0.9,0.8,0.4,0.9999999999999978,1.5183443365569304e-16,1,0,0,-1.4546337560821527,robust_nontrivial
v_0p90_t_0p80_lm_0p50,0.9,0.8,0.5,1.199999999999997,9.56487419952003e-17,1,0,0,0.9177135688603245,robust_nontrivial
v_0p90_t_0p80_lm_0p60,0.9,0.8,0.6,0.9999999999999967,8.265638896407654e-17,1,0,0,1.2074526829037062,robust_nontrivial
v_0p90_t_0p90_lm_0p00,0.9,0.9,0.0,-1.887379141862766e-15,3.3301473826476243e-16,1,1,0,0.9550210844530321,near_transition
v_0p90_t_0p90_lm_0p40,0.9,0.9,0.4,0.7999999999999985,1.2896476223016976e-17,1,0,0,-1.328061302296757,robust_nontrivial
v_0p90_t_0p90_lm_0p60,0.9,0.9,0.6,0.7999999999999976,1.0849731509598917e-16,1,0,0,1.0301271291354903,robust_nontrivial
v_0p90_t_0p90_lm_0p90,0.9,0.9,0.9,0.19999999999999818,1.541951812228325e-16,0,1,1,-0.4587961497401989,robust_nontrivial
v_0p90_t_0p90_lm_1p00,0.9,0.9,1.0,-3.191891195797325e-16,1.0000000000000002,1,1,1,-1.16611008619477,near_transition
v_0p90_t_1p00_lm_0p10,0.9,1.0,0.1,-9.43689570931383e-16,-2.555800346119745e-16,0,1,0,-0.16303894048393833,near_transition
v_0p90_t_1p00_lm_0p30,0.9,1.0,0.3,0.39999999999999897,-1.1976878618179148e-16,1,0,0,-1.083507729029092,robust_nontrivial
v_0p90_t_1p00_lm_0p40,0.9,1.0,0.4,0.5999999999999984,1.5903164216518028e-16,1,0,0,1.4487527002545548,robust_nontrivial
v_0p90_t_1p00_lm_0p50,0.9,1.0,0.5,0.7999999999999977,-6.458227125768213e-17,1,0,0,-1.0581168609139506,robust_nontrivial
v_0p90_t_1p00_lm_0p80,0.9,1.0,0.8,0.19999999999999796,-1.6108781304184309e-16,1,0,0,1.1262183755735837,robust_nontrivial
v_0p90_t_1p00_lm_0p90,0.9,1.0,0.9,-6.938893903907228e-17,-2.8271597168564594e-16,0,1,0,-0.24985596830836007,near_transition
v_0p90_t_1p00_lm_1p00,0.9,1.0,1.0,0.1999999999999986,1.8799002961759454e-16,1,1,0,-0.6050411533823233,robust_nontrivial
v_1p00_t_0p00_lm_0p00,1.0,0.0,0.0,2.4492935982947064e-16,1.5475413386756328e-49,0,1,0,0.0,near_transition
v_1p00_t_0p00_lm_0p10,1.0,0.0,0.1,-7.429307571348453e-16,1.881636058389601e-16,1,1,0,0.9631742665653173,near_transition
v_1p00_t_0p00_lm_0p20,1.0,0.0,0.2,-6.865422774492489e-16,-1.3708772256869178e-16,0,1,0,-0.10829309828967583,near_transition
v_1p00_t_0p00_lm_0p30,1.0,0.0,0.3,-9.09692284145483e-16,-4.5249720429948363e-17,0,1,0,-1.673925917834175,near_transition
v_1p00_t_0p00_lm_0p40,1.0,0.0,0.4,-9.7269394824695e-16,-1.5613581547154367e-16,0,1,0,-2.3399719558532652,near_transition
v_1p00_t_0p00_lm_0p50,1.0,0.0,0.5,-4.1614915653858935e-16,3.877553848682606e-17,1,1,0,1.3603182530467908,near_transition
v_1p00_t_0p00_lm_0p60,1.0,0.0,0.6,-4.640391712057785e-16,5.852899566998692e-17,1,1,0,1.1260025321279274,near_transition
v_1p00_t_0p00_lm_0p70,1.0,0.0,0.7,-7.038226125893085e-16,-1.066165254546645e-16,1,1,0,0.7734501596619435,near_transition
v_1p00_t_0p00_lm_0p80,1.0,0.0,0.8,-7.104171596280987e-16,4.884158625701747e-16,0,1,0,-1.775741280880431,near_transition
v_1p00_t_0p00_lm_0p90,1.0,0.0,0.9,-9.120177270343084e-16,-3.5553467356500204e-16,1,1,0,0.9229645622996576,near_transition
v_1p00_t_0p00_lm_1p00,1.0,0.0,1.0,-1.6134352437965543e-15,4.2380701680329196e-17,1,1,0,-1.4680345630914116,near_transition
v_1p00_t_0p10_lm_0p00,1.0,0.1,0.0,-5.54295646180894e-16,3.3907115480398734e-16,0,1,0,-0.11949792319103987,near_transition
v_1p00_t_0p10_lm_0p10,1.0,0.1,0.1,0.039607805437112675,-2.6321785326594564e-16,1,1,0,-1.261160419254661,near_transition
v_1p00_t_0p10_lm_0p20,1.0,0.1,0.2,0.09683686414545647,2.0967110630099235e-16,0,1,0,1.5612064890670776,near_transition
v_1p00_t_0p10_lm_0p30,1.0,0.1,0.3,0.18599428168761623,-2.556442222011133e-16,1,0,0,1.2245410379472428,robust_nontrivial
v_1p00_t_0p10_lm_0p60,1.0,0.1,0.6,0.21980390271855604,-4.473729681205312e-16,1,0,0,1.3815929048414832,robust_nontrivial
v_1p00_t_0p10_lm_0p80,1.0,0.1,0.8,0.21980390271855574,2.821390222227282e-17,1,0,0,0.5117565086472207,robust_nontrivial
v_1p00_t_0p10_lm_0p90,1.0,0.1,0.9,0.21980390271855643,2.628401442160733e-16,1,0,0,0.6304964252581052,robust_nontrivial
v_1p00_t_0p20_lm_0p00,1.0,0.2,0.0,-6.891672339936243e-16,-9.869479837492373e-17,1,1,0,-0.9424324289898589,near_transition
v_1p00_t_0p20_lm_0p10,1.0,0.2,0.1,0.09683686414545645,-1.3023130977485429e-17,0,1,0,1.977006461334442,near_transition
v_1p00_t_0p20_lm_0p40,1.0,0.2,0.4,0.35765780891346954,2.123433137157916e-17,1,0,0,-1.1255351701629053,robust_nontrivial
v_1p00_t_0p20_lm_0p60,1.0,0.2,0.6,0.477032961426899,-3.264546866185603e-16,1,0,0,-0.5696513341839328,robust_nontrivial
v_1p00_t_0p20_lm_0p90,1.0,0.2,0.9,0.47703296142689916,2.845276850605555e-16,1,0,0,0.6064879467867097,robust_nontrivial
v_1p00_t_0p20_lm_1p00,1.0,0.2,1.0,0.39999999999999736,-7.570635626396004e-18,1,0,0,-0.6643179678540231,robust_nontrivial
v_1p00_t_0p30_lm_0p00,1.0,0.3,0.0,-1.1171472287445201e-15,3.388730695558961e-16,0,1,0,0.4646955864038049,near_transition
v_1p00_t_0p30_lm_0p10,1.0,0.3,0.1,0.1859942816876154,-2.788307889681862e-16,1,0,0,0.6320106632140601,robust_nontrivial
v_1p00_t_0p30_lm_0p20,1.0,0.3,0.2,0.24322334039595944,-1.165373869322008e-16,1,0,0,-1.0318820532245587,robust_nontrivial
v_1p00_t_0p30_lm_0p30,1.0,0.3,0.3,0.3323807579381182,-1.8063835637202733e-16,1,0,0,0.5094161171522126,robust_nontrivial
v_1p00_t_0p30_lm_0p50,1.0,0.3,0.5,0.5804039413421538,1.834111684712532e-16,1,0,0,-0.5927496239061356,robust_nontrivial
v_1p00_t_0p30_lm_0p70,1.0,0.3,0.7,0.766190378969058,6.197489822678411e-17,1,0,0,1.2211841968104347,robust_nontrivial
v_1p00_t_0p30_lm_1p00,1.0,0.3,1.0,0.5999999999999988,2.7336523932628943e-16,1,0,0,-1.093753663156339,robust_nontrivial
v_1p00_t_0p40_lm_0p00,1.0,0.4,0.0,-8.601939595808942e-16,1.1824177682921008e-16,0,1,0,0.48558071262077385,near_transition
v_1p00_t_0p40_lm_0p20,1.0,0.4,0.2,0.3576578089134691,2.394650633057394e-16,1,0,0,0.8671106027348833,robust_nontrivial
v_1p00_t_0p40_lm_0p40,1.0,0.4,0.4,0.5612496949731387,-4.279553173529456e-16,1,0,0,-0.7175812003464983,robust_nontrivial
v_1p00_t_0p40_lm_0p50,1.0,0.4,0.5,0.6948384098596636,1.392659261793666e-16,1,0,0,0.5318758227115172,robust_nontrivial
v_1p00_t_0p40_lm_0p70,1.0,0.4,0.7,1.0010899008950935,4.918516344950619e-17,1,0,0,1.142798303457454,robust_nontrivial
v_1p00_t_0p40_lm_0p80,1.0,0.4,0.8,1.0806248474865694,2.1604344883823165e-16,1,0,0,1.0972245386480968,robust_nontrivial
v_1p00_t_0p40_lm_1p00,1.0,0.4,1.0,0.7999999999999993,2.133644903908526e-17,1,0,0,1.1483749213126642,robust_nontrivial
v_1p00_t_0p50_lm_0p00,1.0,0.5,0.0,-6.021041009493909e-16,6.36737338195123e-17,1,1,0,-0.9617199024770835,near_transition
v_1p00_t_0p50_lm_0p10,1.0,0.5,0.1,0.21980390271855615,-1.4416327019495353e-16,1,0,0,0.6495333710308122,robust_nontrivial
v_1p00_t_0p50_lm_0p20,1.0,0.5,0.2,0.4770329614269003,-1.7713081590498925e-17,1,0,0,1.4049821426937201,robust_nontrivial
v_1p00_t_0p50_lm_0p40,1.0,0.5,0.4,0.6948384098596635,-3.3022580018934083e-16,1,0,0,1.2778421701884743,robust_nontrivial
v_1p00_t_0p50_lm_0p50,1.0,0.5,0.5,0.8284271247461896,1.369329814366105e-16,1,0,0,-1.2205433920803637,robust_nontrivial
v_1p00_t_0p60_lm_0p00,1.0,0.6,0.0,-8.87510917483128e-16,-8.665495927340718e-17,1,1,0,-0.5037041323606156,near_transition
v_1p00_t_0p60_lm_0p20,1.0,0.6,0.2,0.47703296142690005,1.243971715752429e-16,1,0,0,-0.9420731126361639,robust_nontrivial
v_1p00_t_0p60_lm_0p50,1.0,0.6,0.5,0.9762634975544247,1.7369122127168253e-16,1,0,0,-0.542608946956901,robust_nontrivial
v_1p00_t_0p60_lm_0p60,1.0,0.6,0.6,1.1240998703626606,-1.6340966639015792e-16,1,0,0,-1.485813023835587,robust_nontrivial
v_1p00_t_0p60_lm_0p70,1.0,0.6,0.7,1.2825149885898552,-1.10171508720586e-16,1,0,0,-2.998164963658794,robust_nontrivial
v_1p00_t_0p60_lm_0p90,1.0,0.6,0.9,0.9999999999999978,1.5405358555816473e-16,1,0,0,-1.3990513818503194,robust_nontrivial
v_1p00_t_0p60_lm_1p00,1.0,0.6,1.0,0.7999999999999978,-7.844355033047221e-18,1,0,0,1.1351704933748334,robust_nontrivial
v_1p00_t_0p70_lm_0p00,1.0,0.7,0.0,-4.975965660219753e-16,8.51637342035346e-17,0,1,0,2.1924079077375125,near_transition
v_1p00_t_0p70_lm_0p20,1.0,0.7,0.2,0.47703296142689977,-3.912888454483236e-17,1,0,0,-1.412695095178257,robust_nontrivial
v_1p00_t_0p70_lm_0p50,1.0,0.7,0.5,1.1346786157816187,-1.3967518228136188e-17,1,0,0,0.9582638471636984,robust_nontrivial
v_1p00_t_0p70_lm_0p60,1.0,0.7,0.6,1.2825149885898544,-7.647405347895458e-17,1,0,0,-0.91230440651997,robust_nontrivial
v_1p00_t_0p70_lm_0p90,1.0,0.7,0.9,0.7999999999999989,-2.4719766379447216e-16,1,0,0,-0.7505547741916998,robust_nontrivial
v_1p00_t_0p80_lm_0p00,1.0,0.8,0.0,-8.740307258812979e-16,-9.324628819772821e-18,0,1,0,0.358716975370197,near_transition
v_1p00_t_0p80_lm_0p10,1.0,0.8,0.1,0.21980390271855557,-2.415568657824571e-16,1,0,0,-0.8876489243739698,robust_nontrivial
v_1p00_t_0p80_lm_0p30,1.0,0.8,0.3,0.7661903789690594,-5.048265520682909e-17,1,0,0,-0.7838309268905114,robust_nontrivial
v_1p00_t_0p80_lm_0p40,1.0,0.8,0.4,1.080624847486569,6.437490722695418e-17,1,0,0,1.1467096402842405,robust_nontrivial
v_1p00_t_0p80_lm_1p00,1.0,0.8,1.0,0.3999999999999978,3.379406471904723e-17,1,0,0,-0.6242922697033894,robust_nontrivial
v_1p00_t_0p90_lm_0p00,1.0,0.9,0.0,-8.914367605520554e-16,1.694333489439809e-17,0,1,0,0.29904337214709675,near_transition
v_1p00_t_0p90_lm_0p30,1.0,0.9,0.3,0.7661903789690587,-1.6947044065397113e-16,1,0,0,0.6887697909513513,robust_nontrivial
v_1p00_t_0p90_lm_0p50,1.0,0.9,0.5,1.1999999999999984,2.707716124712225e-17,1,0,0,-0.7173128907534576,robust_nontrivial
v_1p00_t_0p90_lm_0p70,1.0,0.9,0.7,0.7999999999999982,-2.235432514953038e-16,1,0,0,0.7742589184938755,robust_nontrivial
v_1p00_t_0p90_lm_0p80,1.0,0.9,0.8,0.5999999999999961,8.645004010518722e-18,1,0,0,-0.9253691710888439,robust_nontrivial
v_1p00_t_0p90_lm_0p90,1.0,0.9,0.9,0.3999999999999976,-8.212498936540571e-17,1,0,0,-1.2648868817489636,robust_nontrivial
v_1p00_t_0p90_lm_1p00,1.0,0.9,1.0,0.19999999999999915,-5.710858317661645e-20,1,1,0,0.8228248978390801,robust_nontrivial
v_1p00_t_1p00_lm_0p00,1.0,1.0,0.0,-1.872445951057756e-15,3.854443017172998e-16,0,1,0,-1.9342329596902175,near_transition
v_1p00_t_1p00_lm_0p50,1.0,1.0,0.5,0.9999999999999976,-1.6255176369307915e-16,1,0,0,1.1095638666800078,robust_nontrivial
v_1p00_t_1p00_lm_0p60,1.0,1.0,0.6,0.7999999999999975,3.4936406364008794e-16,1,0,0,1.4659196923038462,robust_nontrivial
v_1p00_t_1p00_lm_1p00,1.0,1.0,1.0,1.2367404674373022e-16,0.0,0,1,0,-0.26302735249950354,near_transition
