model,v,state_index,energy,abs_energy,energy_window,selection_mode
model_a_full_t_full_soc,0.1,376,-0.19972841695621765,0.19972841695621765,0.19972841695621765,window_with_jump_cut
model_a_full_t_full_soc,0.1,377,-0.19421088008280926,0.19421088008280926,0.19972841695621765,window_with_jump_cut
model_a_full_t_full_soc,0.1,378,-0.18946020798321156,0.18946020798321156,0.19972841695621765,window_with_jump_cut
model_a_full_t_full_soc,0.1,379,-0.1835246932645865,0.1835246932645865,0.19972841695621765,window_with_jump_cut
model_a_full_t_full_soc,0.1,380,-0.15325448654899929,0.15325448654899929,0.19972841695621765,window_with_jump_cut
model_a_full_t_full_soc,0.1,381,-0.14882376432629105,0.14882376432629105,0.19972841695621765,window_with_jump_cut
model_a_full_t_full_soc,0.1,382,-0.13736887633330835,0.13736887633330835,0.19972841695621765,window_with_jump_cut
model_a_full_t_full_soc,0.1,383,-0.13390672322950364,0.13390672322950364,0.19972841695621765,window_with_jump_cut
model_a_full_t_full_soc,0.1,384,-0.09703120466433539,0.09703120466433539,0.19972841695621765,window_with_jump_cut
model_a_full_t_full_soc,0.1,385,-0.09646467993661628,0.09646467993661628,0.19972841695621765,window_with_jump_cut
model_a_full_t_full_soc,0.1,386,-0.08006911660576525,0.08006911660576525,0.19972841695621765,window_with_jump_cut
model_a_full_t_full_soc,0.1,387,-0.07730870226981745,0.07730870226981745,0.19972841695621765,window_with_jump_cut
model_a_full_t_full_soc,0.1,388,-0.0545959653728881,0.0545959653728881,0.19972841695621765,window_with_jump_cut
model_a_full_t_full_soc,0.1,389,-0.053424336185792995,0.053424336185792995,0.19972841695621765,window_with_jump_cut
model_a_full_t_full_soc,0.1,390,-0.053351183107374855,0.053351183107374855,0.19972841695621765,window_with_jump_cut
model_a_full_t_full_soc,0.1,391,-0.05185723391964863,0.05185723391964863,0.19972841695621765,window_with_jump_cut
model_a_full_t_full_soc,0.1,392,-0.04148687303063776,0.04148687303063776,0.19972841695621765,window_with_jump_cut
model_a_full_t_full_soc,0.1,393,-0.03386425542762526,0.03386425542762526,0.19972841695621765,window_with_jump_cut
model_a_full_t_full_soc,0.1,394,-0.03346612211373592,0.03346612211373592,0.19972841695621765,window_with_jump_cut
model_a_full_t_full_soc,0.1,395,-0.030136245247901833,0.030136245247901833,0.19972841695621765,window_with_jump_cut
model_a_full_t_full_soc,0.1,396,-0.028991989148167367,0.028991989148167367,0.19972841695621765,window_with_jump_cut
model_a_full_t_full_soc,0.1,397,-0.02579626076563199,0.02579626076563199,0.19972841695621765,window_with_jump_cut
model_a_full_t_full_soc,0.1,398,-0.024491920262485797,0.024491920262485797,0.19972841695621765,window_with_jump_cut
model_a_full_t_full_soc,0.1,399,-0.01669550582611141,0.01669550582611141,0.19972841695621765,window_with_jump_cut
model_a_full_t_full_soc,0.1,400,0.0002715830437820799,0.0002715830437820799,0.19972841695621765,window_with_jump_cut
model_a_full_t_full_soc,0.1,401,0.005789119917190597,0.005789119917190597,0.19972841695621765,window_with_jump_cut
model_a_full_t_full_soc,0.1,402,0.010539792016788703,0.010539792016788703,0.19972841695621765,window_with_jump_cut
model_a_full_t_full_soc,0.1,403,0.01484144464229622,0.01484144464229622,0.19972841695621765,window_with_jump_cut
model_a_full_t_full_soc,0.1,404,0.016475306735413597,0.016475306735413597,0.19972841695621765,window_with_jump_cut
model_a_full_t_full_soc,0.1,405,0.024679446340260338,0.024679446340260338,0.19972841695621765,window_with_jump_cut
model_a_full_t_full_soc,0.1,406,0.026678918307500916,0.026678918307500916,0.19972841695621765,window_with_jump_cut
model_a_full_t_full_soc,0.1,407,0.03472664202785234,0.03472664202785234,0.19972841695621765,window_with_jump_cut
model_a_full_t_full_soc,0.1,408,0.04674551345100051,0.04674551345100051,0.19972841695621765,window_with_jump_cut
model_a_full_t_full_soc,0.1,409,0.051176235673708846,0.051176235673708846,0.19972841695621765,window_with_jump_cut
model_a_full_t_full_soc,0.1,410,0.06263112366669203,0.06263112366669203,0.19972841695621765,window_with_jump_cut
model_a_full_t_full_soc,0.1,411,0.06266487286327276,0.06266487286327276,0.19972841695621765,window_with_jump_cut
model_a_full_t_full_soc,0.1,412,0.06487385513013666,0.06487385513013666,0.19972841695621765,window_with_jump_cut
model_a_full_t_full_soc,0.1,413,0.0660932767704963,0.0660932767704963,0.19972841695621765,window_with_jump_cut
model_a_full_t_full_soc,0.1,414,0.06818296819086327,0.06818296819086327,0.19972841695621765,window_with_jump_cut
model_a_full_t_full_soc,0.1,415,0.06946012354402822,0.06946012354402822,0.19972841695621765,window_with_jump_cut
model_a_full_t_full_soc,0.1,416,0.10296879533566433,0.10296879533566433,0.19972841695621765,window_with_jump_cut
model_a_full_t_full_soc,0.1,417,0.10353532006338387,0.10353532006338387,0.19972841695621765,window_with_jump_cut
model_a_full_t_full_soc,0.1,418,0.11993088339423408,0.11993088339423408,0.19972841695621765,window_with_jump_cut
model_a_full_t_full_soc,0.1,419,0.12269129773018242,0.12269129773018242,0.19972841695621765,window_with_jump_cut
model_a_full_t_full_soc,0.1,420,0.15851312696936237,0.15851312696936237,0.19972841695621765,window_with_jump_cut
model_a_full_t_full_soc,0.1,421,0.16653387788626395,0.16653387788626395,0.19972841695621765,window_with_jump_cut
model_a_full_t_full_soc,0.1,422,0.17420373923436777,0.17420373923436777,0.19972841695621765,window_with_jump_cut
model_a_full_t_full_soc,0.1,423,0.18330449417388875,0.18330449417388875,0.19972841695621765,window_with_jump_cut
model_a_full_t_full_soc,0.2,400,-0.0033197729300042302,0.0033197729300042302,0.02,window_with_jump_cut
model_a_full_t_full_soc,0.2,401,-0.001210354951461509,0.001210354951461509,0.02,window_with_jump_cut
model_a_full_t_full_soc,0.2,402,0.00467784346766447,0.00467784346766447,0.02,window_with_jump_cut
model_a_full_t_full_soc,0.2,403,0.005302050158745094,0.005302050158745094,0.02,window_with_jump_cut
model_a_full_t_full_soc,0.2,404,0.008314571184986555,0.008314571184986555,0.02,window_with_jump_cut
model_a_full_t_full_soc,0.2,405,0.01177068198969359,0.01177068198969359,0.02,window_with_jump_cut
model_a_full_t_full_soc,0.3,391,-0.04591238617877682,0.04591238617877682,0.04591238617877682,window_with_jump_cut
model_a_full_t_full_soc,0.3,392,-0.043301663257544046,0.043301663257544046,0.04591238617877682,window_with_jump_cut
model_a_full_t_full_soc,0.3,393,-0.043003491906500574,0.043003491906500574,0.04591238617877682,window_with_jump_cut
model_a_full_t_full_soc,0.3,394,-0.04245348651281964,0.04245348651281964,0.04591238617877682,window_with_jump_cut
model_a_full_t_full_soc,0.3,395,-0.042095614994098855,0.042095614994098855,0.04591238617877682,window_with_jump_cut
model_a_full_t_full_soc,0.3,396,-0.02915313143486167,0.02915313143486167,0.04591238617877682,window_with_jump_cut
model_a_full_t_full_soc,0.3,397,-0.02888071159368821,0.02888071159368821,0.04591238617877682,window_with_jump_cut
model_a_full_t_full_soc,0.3,398,-0.025937129982084837,0.025937129982084837,0.04591238617877682,window_with_jump_cut
model_a_full_t_full_soc,0.3,399,-0.02517450990616243,0.02517450990616243,0.04591238617877682,window_with_jump_cut
model_a_full_t_full_soc,0.3,400,-0.008041859068159508,0.008041859068159508,0.04591238617877682,window_with_jump_cut
model_a_full_t_full_soc,0.3,401,-0.006805980753812664,0.006805980753812664,0.04591238617877682,window_with_jump_cut
model_a_full_t_full_soc,0.3,402,-0.00551791646222725,0.00551791646222725,0.04591238617877682,window_with_jump_cut
model_a_full_t_full_soc,0.3,403,-0.0024222455479502867,0.0024222455479502867,0.04591238617877682,window_with_jump_cut
model_a_full_t_full_soc,0.3,404,-0.001492965853547179,0.001492965853547179,0.04591238617877682,window_with_jump_cut
model_a_full_t_full_soc,0.3,405,0.00330380880828368,0.00330380880828368,0.04591238617877682,window_with_jump_cut
model_a_full_t_full_soc,0.3,406,0.015430765509993534,0.015430765509993534,0.04591238617877682,window_with_jump_cut
model_a_full_t_full_soc,0.3,407,0.022336875785869487,0.022336875785869487,0.04591238617877682,window_with_jump_cut
model_a_full_t_full_soc,0.3,408,0.027604749753610065,0.027604749753610065,0.04591238617877682,window_with_jump_cut
model_a_full_t_full_soc,0.3,409,0.02854501975009575,0.02854501975009575,0.04591238617877682,window_with_jump_cut
model_a_full_t_full_soc,0.3,410,0.03726829157249196,0.03726829157249196,0.04591238617877682,window_with_jump_cut
model_a_full_t_full_soc,0.3,411,0.041605690233527046,0.041605690233527046,0.04591238617877682,window_with_jump_cut
model_a_full_t_full_soc,0.4,391,-0.05034881815204447,0.05034881815204447,0.06264425445320981,window_with_jump_cut
model_a_full_t_full_soc,0.4,392,-0.03949736995817469,0.03949736995817469,0.06264425445320981,window_with_jump_cut
model_a_full_t_full_soc,0.4,393,-0.03916626409894799,0.03916626409894799,0.06264425445320981,window_with_jump_cut
model_a_full_t_full_soc,0.4,394,-0.038852829435588515,0.038852829435588515,0.06264425445320981,window_with_jump_cut
model_a_full_t_full_soc,0.4,395,-0.03844444431394182,0.03844444431394182,0.06264425445320981,window_with_jump_cut
model_a_full_t_full_soc,0.4,396,-0.0282483183028161,0.0282483183028161,0.06264425445320981,window_with_jump_cut
model_a_full_t_full_soc,0.4,397,-0.02729657586003662,0.02729657586003662,0.06264425445320981,window_with_jump_cut
model_a_full_t_full_soc,0.4,398,-0.026824173767918985,0.026824173767918985,0.06264425445320981,window_with_jump_cut
model_a_full_t_full_soc,0.4,399,-0.02569320821677021,0.02569320821677021,0.06264425445320981,window_with_jump_cut
model_a_full_t_full_soc,0.4,400,-0.02479408384875201,0.02479408384875201,0.06264425445320981,window_with_jump_cut
model_a_full_t_full_soc,0.4,401,-0.023936647763352758,0.023936647763352758,0.06264425445320981,window_with_jump_cut
model_a_full_t_full_soc,0.4,402,-0.00802623222428397,0.00802623222428397,0.06264425445320981,window_with_jump_cut
model_a_full_t_full_soc,0.4,403,-0.00580218014332536,0.00580218014332536,0.06264425445320981,window_with_jump_cut
model_a_full_t_full_soc,0.4,404,-0.0026035492050188874,0.0026035492050188874,0.06264425445320981,window_with_jump_cut
model_a_full_t_full_soc,0.4,405,-0.0022008007439432583,0.0022008007439432583,0.06264425445320981,window_with_jump_cut
model_a_full_t_full_soc,0.4,406,-0.0008159624891038662,0.0008159624891038662,0.06264425445320981,window_with_jump_cut
model_a_full_t_full_soc,0.4,407,0.010257501732081956,0.010257501732081956,0.06264425445320981,window_with_jump_cut
model_a_full_t_full_soc,0.4,408,0.01919398988623124,0.01919398988623124,0.06264425445320981,window_with_jump_cut
model_a_full_t_full_soc,0.4,409,0.025040892508856317,0.025040892508856317,0.06264425445320981,window_with_jump_cut
model_a_full_t_full_soc,0.4,410,0.026865684199769674,0.026865684199769674,0.06264425445320981,window_with_jump_cut
model_a_full_t_full_soc,0.4,411,0.03250483849964515,0.03250483849964515,0.06264425445320981,window_with_jump_cut
model_a_full_t_full_soc,0.4,412,0.04961608188467662,0.04961608188467662,0.06264425445320981,window_with_jump_cut
model_a_full_t_full_soc,0.4,413,0.05657805534399304,0.05657805534399304,0.06264425445320981,window_with_jump_cut
model_a_full_t_full_soc,0.4,414,0.06264425445320981,0.06264425445320981,0.06264425445320981,window_with_jump_cut
model_a_full_t_full_soc,0.5,403,-0.010805963698982018,0.010805963698982018,0.02,window_with_jump_cut
model_a_full_t_full_soc,0.5,404,-0.008754655649991743,0.008754655649991743,0.02,window_with_jump_cut
model_a_full_t_full_soc,0.5,405,-0.007166995014934238,0.007166995014934238,0.02,window_with_jump_cut
model_a_full_t_full_soc,0.5,406,-0.0030030807468701664,0.0030030807468701664,0.02,window_with_jump_cut
model_a_full_t_full_soc,0.5,407,-0.002959824044249389,0.002959824044249389,0.02,window_with_jump_cut
model_a_full_t_full_soc,0.5,408,0.015030284828073,0.015030284828073,0.02,window_with_jump_cut
model_a_full_t_full_soc,0.5,409,0.01751983304061155,0.01751983304061155,0.02,window_with_jump_cut
model_a_full_t_full_soc,0.6,404,-0.009071094363497031,0.009071094363497031,0.02,window_with_jump_cut
model_a_full_t_full_soc,0.6,405,-0.008658288243640367,0.008658288243640367,0.02,window_with_jump_cut
model_a_full_t_full_soc,0.6,406,-0.007681073985728844,0.007681073985728844,0.02,window_with_jump_cut
model_a_full_t_full_soc,0.6,407,-0.003953772807062824,0.003953772807062824,0.02,window_with_jump_cut
model_a_full_t_full_soc,0.6,408,-0.0026137231791231955,0.0026137231791231955,0.02,window_with_jump_cut
model_a_full_t_full_soc,0.6,409,0.013592161344001867,0.013592161344001867,0.02,window_with_jump_cut
model_a_full_t_full_soc,0.6,410,0.01414779446939377,0.01414779446939377,0.02,window_with_jump_cut
model_a_full_t_full_soc,0.6,411,0.015068488809199254,0.015068488809199254,0.02,window_with_jump_cut
model_a_full_t_full_soc,0.6,412,0.01817907706575472,0.01817907706575472,0.02,window_with_jump_cut
model_a_full_t_full_soc,0.7,405,-0.014774026497319546,0.014774026497319546,0.02,window_with_jump_cut
model_a_full_t_full_soc,0.7,406,-0.009294589237505186,0.009294589237505186,0.02,window_with_jump_cut
model_a_full_t_full_soc,0.7,407,-0.009065635467806865,0.009065635467806865,0.02,window_with_jump_cut
model_a_full_t_full_soc,0.7,408,-0.008155498138001356,0.008155498138001356,0.02,window_with_jump_cut
model_a_full_t_full_soc,0.7,409,-0.00416508126092232,0.00416508126092232,0.02,window_with_jump_cut
model_a_full_t_full_soc,0.7,410,0.007517303197296871,0.007517303197296871,0.02,window_with_jump_cut
model_a_full_t_full_soc,0.7,411,0.007888968260857361,0.007888968260857361,0.02,window_with_jump_cut
model_a_full_t_full_soc,0.7,412,0.015739245497239904,0.015739245497239904,0.02,window_with_jump_cut
model_a_full_t_full_soc,0.7,413,0.01638868245556394,0.01638868245556394,0.02,window_with_jump_cut
model_a_full_t_full_soc,0.7,414,0.017795250520490417,0.017795250520490417,0.02,window_with_jump_cut
model_a_full_t_full_soc,0.8,400,-0.043801727903374145,0.043801727903374145,0.043801727903374145,window_with_jump_cut
model_a_full_t_full_soc,0.8,401,-0.043223771508445995,0.043223771508445995,0.043801727903374145,window_with_jump_cut
model_a_full_t_full_soc,0.8,402,-0.033527481453944415,0.033527481453944415,0.043801727903374145,window_with_jump_cut
model_a_full_t_full_soc,0.8,403,-0.03013047109399843,0.03013047109399843,0.043801727903374145,window_with_jump_cut
model_a_full_t_full_soc,0.8,404,-0.026853136312829606,0.026853136312829606,0.043801727903374145,window_with_jump_cut
model_a_full_t_full_soc,0.8,405,-0.026533182095422644,0.026533182095422644,0.043801727903374145,window_with_jump_cut
model_a_full_t_full_soc,0.8,406,-0.015177444664664011,0.015177444664664011,0.043801727903374145,window_with_jump_cut
model_a_full_t_full_soc,0.8,407,-0.014602619580335555,0.014602619580335555,0.043801727903374145,window_with_jump_cut
model_a_full_t_full_soc,0.8,408,-0.014540459906704526,0.014540459906704526,0.043801727903374145,window_with_jump_cut
model_a_full_t_full_soc,0.8,409,-0.01193171921145569,0.01193171921145569,0.043801727903374145,window_with_jump_cut
model_a_full_t_full_soc,0.8,410,-0.008198429867332631,0.008198429867332631,0.043801727903374145,window_with_jump_cut
model_a_full_t_full_soc,0.8,411,-0.0004851720815352844,0.0004851720815352844,0.043801727903374145,window_with_jump_cut
model_a_full_t_full_soc,0.8,412,0.0016200758531279735,0.0016200758531279735,0.043801727903374145,window_with_jump_cut
model_a_full_t_full_soc,0.8,413,0.004682962398322719,0.004682962398322719,0.043801727903374145,window_with_jump_cut
model_a_full_t_full_soc,0.8,414,0.019348986597008143,0.019348986597008143,0.043801727903374145,window_with_jump_cut
model_a_full_t_full_soc,0.8,415,0.019964554902234925,0.019964554902234925,0.043801727903374145,window_with_jump_cut
model_a_full_t_full_soc,0.8,416,0.02735975241086217,0.02735975241086217,0.043801727903374145,window_with_jump_cut
model_a_full_t_full_soc,0.8,417,0.03225660576682439,0.03225660576682439,0.043801727903374145,window_with_jump_cut
model_a_full_t_full_soc,0.8,418,0.033978323775259146,0.033978323775259146,0.043801727903374145,window_with_jump_cut
model_a_full_t_full_soc,0.8,419,0.04167107120003454,0.04167107120003454,0.043801727903374145,window_with_jump_cut
model_a_full_t_full_soc,0.9,404,-0.04270785199028979,0.04270785199028979,0.04270785199028979,window_with_jump_cut
model_a_full_t_full_soc,0.9,405,-0.04098302208131304,0.04098302208131304,0.04270785199028979,window_with_jump_cut
model_a_full_t_full_soc,0.9,406,-0.04010351274389837,0.04010351274389837,0.04270785199028979,window_with_jump_cut
model_a_full_t_full_soc,0.9,407,-0.03416205521663343,0.03416205521663343,0.04270785199028979,window_with_jump_cut
model_a_full_t_full_soc,0.9,408,-0.028938484555106104,0.028938484555106104,0.04270785199028979,window_with_jump_cut
model_a_full_t_full_soc,0.9,409,-0.026206095612227486,0.026206095612227486,0.04270785199028979,window_with_jump_cut
model_a_full_t_full_soc,0.9,410,-0.02576003322213531,0.02576003322213531,0.04270785199028979,window_with_jump_cut
model_a_full_t_full_soc,0.9,411,-0.022270927663725577,0.022270927663725577,0.04270785199028979,window_with_jump_cut
model_a_full_t_full_soc,0.9,412,-0.019235756484022943,0.019235756484022943,0.04270785199028979,window_with_jump_cut
model_a_full_t_full_soc,0.9,413,-0.0188670506110627,0.0188670506110627,0.04270785199028979,window_with_jump_cut
model_a_full_t_full_soc,0.9,414,-0.01844672393328835,0.01844672393328835,0.04270785199028979,window_with_jump_cut
model_a_full_t_full_soc,0.9,415,-0.015128002009118426,0.015128002009118426,0.04270785199028979,window_with_jump_cut
model_a_full_t_full_soc,0.9,416,-0.0008586873005135328,0.0008586873005135328,0.04270785199028979,window_with_jump_cut
model_a_full_t_full_soc,0.9,417,0.027494715566955485,0.027494715566955485,0.04270785199028979,window_with_jump_cut
model_a_full_t_full_soc,1.0,417,-0.002842722512924824,0.002842722512924824,0.02,window_with_jump_cut
model_a_full_t_full_soc,1.0,418,0.00893833642175368,0.00893833642175368,0.02,window_with_jump_cut
model_a_full_t_full_soc,1.1,418,-0.022099660879877202,0.022099660879877202,0.022099660879877202,window
model_a_full_t_full_soc,1.1,419,-0.016131167205971905,0.016131167205971905,0.022099660879877202,window
model_a_full_t_full_soc,1.2,406,0.004643891997057016,0.004643891997057016,0.02,window_with_jump_cut
model_a_full_t_full_soc,1.2,407,0.006020126066096316,0.006020126066096316,0.02,window_with_jump_cut
model_a_full_t_full_soc,1.3,404,0.00900948443410032,0.00900948443410032,0.02,window_with_jump_cut
model_a_full_t_full_soc,1.3,405,0.010835934093133702,0.010835934093133702,0.02,window_with_jump_cut
model_a_full_t_full_soc,1.4,402,-0.028847622136509526,0.028847622136509526,0.02,fallback_two_closest
model_a_full_t_full_soc,1.4,403,0.03564232970797377,0.03564232970797377,0.02,fallback_two_closest
model_a_full_t_full_soc,1.5,401,0.032797057854009756,0.032797057854009756,0.02,fallback_two_closest
model_a_full_t_full_soc,1.5,402,0.03577899050588685,0.03577899050588685,0.02,fallback_two_closest
model_a_full_t_full_soc,1.6,400,0.0007288768207848018,0.0007288768207848018,0.11188282563813184,window
model_a_full_t_full_soc,1.6,401,0.11188282563813184,0.11188282563813184,0.11188282563813184,window
