point_id,v,t,lm,w,z2,chern,wilson,ribbon_classification,has_connecting_edge_branch,has_isolated_state,band_window_width,in_window_edge_state_count,span_ratio,min_abs_energy,obc_gap,count_absE_le_0p02,special_score,special_rank,category,physical_score,rationale
v_0p00_t_0p50_lm_0p00,0.0,0.5,0.0,2.0,0,-2.0843349085869001e-16,0.33241484989605846,isolated_midgap_state,0,1,1.9999999999999998,484,0.22474487139158977,0.0181413842043972,0.036282768408795144,16,62.0634555279103,9999,ambiguous_need_review,0.310454,指标互相竞争，需结合波函数和更大尺寸复核
v_0p00_t_0p50_lm_0p10,0.0,0.5,0.1,2.0,1,1.3791339941966603e-16,-0.6010551682867188,isolated_midgap_state,0,1,1.999999999999998,484,0.2328135603980392,0.01491750676177507,0.029835013523550495,8,43.373843694185815,9999,bulk_mixed_nontrivial,0.433203,Z2 非平庸但 ribbon 未形成连接边界分支，边界性被弱化
v_0p00_t_0p50_lm_0p20,0.0,0.5,0.2,2.0,1,-1.7740247744754911e-16,-1.162438580533706,isolated_midgap_state,0,1,1.9999999999999987,484,0.25690180446018157,0.011494827908533786,0.02298965581706769,4,35.56944935785463,9999,bulk_mixed_nontrivial,0.430441,Z2 非平庸但 ribbon 未形成连接边界分支，边界性被弱化
v_0p00_t_0p50_lm_0p30,0.0,0.5,0.3,2.0,1,2.9673774386799666e-17,-0.5911504049841493,isolated_midgap_state,0,1,1.999999999999999,484,0.2960941993256896,0.011236719956207671,0.022473439912415665,8,45.78925834168496,9999,bulk_mixed_nontrivial,0.449024,Z2 非平庸但 ribbon 未形成连接边界分支，边界性被弱化
v_0p00_t_0p50_lm_0p40,0.0,0.5,0.4,2.0,0,2.79140448714701e-16,-2.0110067425603355,isolated_midgap_state,0,1,1.9999999999999967,484,0.34904779809725417,0.008952230677914489,0.01790446135582971,4,38.28732176152059,9999,ambiguous_need_review,0.305093,指标互相竞争，需结合波函数和更大尺寸复核
v_0p00_t_0p50_lm_0p50,0.0,0.5,0.5,2.0,0,-2.583460885202795e-17,2.4507150300590954,isolated_midgap_state,0,1,2.000000000000001,484,0.41421356237309503,0.018449427414241076,0.03689885482849145,8,41.962216745898864,9999,ambiguous_need_review,0.325416,指标互相竞争，需结合波函数和更大尺寸复核
v_0p10_t_0p50_lm_0p00,0.1,0.5,0.0,1.9,0,3.1576243232098886e-16,2.0378627264230187,isolated_midgap_state,0,1,1.7999999999999992,484,0.26072065867641825,0.0056000095586178165,0.03739388503035707,8,59.88997093421983,9999,ambiguous_need_review,0.299323,指标互相竞争，需结合波函数和更大尺寸复核
v_0p10_t_0p50_lm_0p10,0.1,0.5,0.1,1.9,0,1.5620255344096868e-16,0.06525008238166524,isolated_midgap_state,0,1,1.7999999999999985,484,0.2700786444722865,0.002536360836939004,0.030190800892846772,8,75.52736368277667,9999,ambiguous_need_review,0.300913,指标互相竞争，需结合波函数和更大尺寸复核
v_0p10_t_0p50_lm_0p20,0.1,0.5,0.2,1.9,1,1.0839568853986121e-16,-0.7784762832028677,isolated_midgap_state,0,1,1.799999999999998,484,0.2977732054402627,0.0002201989777067945,0.02284267467674869,6,398.76950741359013,6,transition_core_or_precursor,0.444949,小隙/近零能聚集/高 special_rank，属于相变核心或前驱
v_0p10_t_0p50_lm_0p30,0.1,0.5,0.3,1.9,0,-7.36172250379111e-17,-1.8979177989005858,isolated_midgap_state,0,1,1.7999999999999976,484,0.34276346883709197,0.002519115869187641,0.021434108527088047,6,65.55517662469661,9999,ambiguous_need_review,0.308663,指标互相竞争，需结合波函数和更大尺寸复核
v_0p10_t_0p50_lm_0p40,0.1,0.5,0.4,1.9,0,-1.3897789997348688e-16,-0.21095514204453045,isolated_midgap_state,0,1,1.7999999999999967,484,0.40332126800468737,0.0036256494740306944,0.01665020992810094,4,49.66794019593287,9999,ambiguous_need_review,0.314048,指标互相竞争，需结合波函数和更大尺寸复核
v_0p10_t_0p50_lm_0p50,0.1,0.5,0.5,1.9,1,4.2844942584329004e-17,-0.9378009516681998,isolated_midgap_state,0,1,1.5999999999999988,484,0.5373691387791314,0.017247017476547933,0.03449403495309865,4,28.37788239808067,9999,bulk_mixed_nontrivial,0.499155,Z2 非平庸但 ribbon 未形成连接边界分支，边界性被弱化
v_0p20_t_0p50_lm_0p00,0.2,0.5,0.0,1.8,1,7.034695623230308e-17,-0.8713214584719904,isolated_midgap_state,0,1,1.6,484,0.30778293537350637,0.009570756947364213,0.0398073207256639,8,53.86596481314465,9999,bulk_mixed_nontrivial,0.451946,Z2 非平庸但 ribbon 未形成连接边界分支，边界性被弱化
v_0p20_t_0p50_lm_0p10,0.2,0.5,0.1,1.8,1,3.400026805341688e-16,-0.8611186269610395,isolated_midgap_state,0,1,1.5999999999999988,484,0.31875915853204295,0.0029607507962762874,0.03220341611628333,8,70.88241143753046,9999,bulk_mixed_nontrivial,0.45469,Z2 非平庸但 ribbon 未形成连接边界分支，边界性被弱化
v_0p20_t_0p50_lm_0p20,0.2,0.5,0.2,1.8,0,1.423849555074137e-17,0.30604843733977705,isolated_midgap_state,0,1,1.599999999999999,484,0.35122746681102557,0.001999503608288819,0.011002750499433132,8,83.46106175573787,9999,transition_core_or_precursor,0.314709,小隙/近零能聚集/高 special_rank，属于相变核心或前驱
v_0p20_t_0p50_lm_0p30,0.2,0.5,0.3,1.8,0,2.651750126326645e-16,-0.40318006701629505,isolated_midgap_state,0,1,1.5999999999999992,484,0.40371209508816513,0.0015880078793575197,0.010536075902374521,6,89.06907735813711,9999,transition_core_or_precursor,0.318872,小隙/近零能聚集/高 special_rank，属于相变核心或前驱
v_0p20_t_0p50_lm_0p40,0.2,0.5,0.4,1.8,0,-1.3413328025309086e-16,-0.16669402259292482,isolated_midgap_state,0,1,1.4000000000000008,484,0.5418899405915313,0.0033069686525203884,0.018400734435265288,6,56.45132926832412,9999,ambiguous_need_review,0.342017,指标互相竞争，需结合波函数和更大尺寸复核
v_0p20_t_0p50_lm_0p50,0.2,0.5,0.5,1.8,1,-6.482764226736991e-17,1.2065433345747885,isolated_midgap_state,0,1,1.1999999999999977,484,0.7470284778241002,0.015978526657233916,0.03195705331447421,4,28.88420201781797,9999,bulk_mixed_nontrivial,0.550522,Z2 非平庸但 ribbon 未形成连接边界分支，边界性被弱化
v_0p30_t_0p50_lm_0p00,0.3,0.5,0.0,1.7,1,2.895508392458233e-16,-0.7359403131772994,isolated_midgap_state,0,1,1.3999999999999995,484,0.37123736390335416,0.013104402024169955,0.040683169650133605,8,43.57957994274958,9999,bulk_mixed_nontrivial,0.467809,Z2 非平庸但 ribbon 未形成连接边界分支，边界性被弱化
v_0p30_t_0p50_lm_0p10,0.3,0.5,0.1,1.7,1,6.435308752636712e-17,0.69953766521984,isolated_midgap_state,0,1,1.399999999999999,484,0.3843768591719488,0.012261831455696827,0.0317482555595417,6,39.414119303439676,9999,bulk_mixed_nontrivial,0.466383,Z2 非平庸但 ribbon 未形成连接边界分支，边界性被弱化
v_0p30_t_0p50_lm_0p20,0.3,0.5,0.2,1.7,1,-2.804403135151875e-17,-1.2499397281188969,isolated_midgap_state,0,1,1.399999999999999,484,0.42339304305340913,0.005105454702497172,0.022492472216322272,8,54.33675556370138,9999,bulk_mixed_nontrivial,0.480848,Z2 非平庸但 ribbon 未形成连接边界分支，边界性被弱化
v_0p30_t_0p50_lm_0p30,0.3,0.5,0.3,1.7,1,-9.10106224879717e-17,-0.5267055009321215,isolated_midgap_state,0,1,1.1999999999999997,484,0.5670379449471112,0.0009391220867129742,0.008682317443353588,6,123.08739034212766,15,transition_core_or_precursor,0.511592,小隙/近零能聚集/高 special_rank，属于相变核心或前驱
v_0p30_t_0p50_lm_0p40,0.3,0.5,0.4,1.7,0,-1.4991941515504332e-16,0.04375522922613461,isolated_midgap_state,0,1,1.0000000000000007,484,0.7973635574596395,0.009292068242841017,0.02069262741793601,4,33.50897016179593,9999,ambiguous_need_review,0.379065,指标互相竞争，需结合波函数和更大尺寸复核
v_0p30_t_0p50_lm_0p50,0.3,0.5,0.5,1.7,0,5.805654774539584e-17,0.3568637507114099,connecting_edge_branch,1,0,0.799999999999998,324,0.9756435408389025,0.014671602902440736,0.02934320580488966,4,29.4974325045569,9999,ambiguous_need_review,0.665948,指标互相竞争，需结合波函数和更大尺寸复核
v_0p40_t_0p50_lm_0p00,0.4,0.5,0.0,1.6,1,1.3158182161405017e-17,0.5589804485837937,isolated_midgap_state,0,1,1.1999999999999997,384,0.436776596219338,0.008123787261878453,0.04465583716951543,8,55.191108818388365,9999,bulk_mixed_nontrivial,0.484194,Z2 非平庸但 ribbon 未形成连接边界分支，边界性被弱化
v_0p40_t_0p50_lm_0p10,0.4,0.5,0.1,1.6,1,-2.0343009095365998e-16,0.7894893797863543,isolated_midgap_state,0,1,1.1999999999999986,372,0.4438103112121657,0.0007130851737770867,0.006711771294204821,8,161.112215808525,10,transition_core_or_precursor,0.485953,小隙/近零能聚集/高 special_rank，属于相变核心或前驱
v_0p40_t_0p50_lm_0p20,0.4,0.5,0.2,1.6,0,9.233466729980279e-17,2.034262648750338,isolated_midgap_state,0,1,1.0000000000000004,352,0.5546434754891463,0.0014841287604462415,0.011315866618782726,6,90.20228961230869,9999,transition_core_or_precursor,0.344153,小隙/近零能聚集/高 special_rank，属于相变核心或前驱
v_0p40_t_0p50_lm_0p30,0.4,0.5,0.3,1.6,0,3.291776088840412e-16,0.22369153384412527,isolated_midgap_state,0,1,0.8000000000000009,336,0.736021239577765,0.00016812516855208918,0.017283879445887433,4,503.0245203858899,5,transition_core_or_precursor,0.333167,小隙/近零能聚集/高 special_rank，属于相变核心或前驱
v_0p40_t_0p50_lm_0p40,0.4,0.5,0.4,1.6,1,3.852699503379867e-16,-0.8089653157659769,connecting_edge_branch,1,0,0.6000000000000003,272,0.9899238137287213,0.0035142716856303782,0.021608829724584472,6,54.54030064810512,9999,robust_edge_topology,0.80549,Z2=1 且 ribbon(4/5) 连接边界分支清晰，且能隙足够打开
v_0p40_t_0p50_lm_0p50,0.4,0.5,0.5,1.6,1,2.793915009506761e-16,1.2090195034952087,connecting_edge_branch,1,0,0.40000000000000036,148,0.9971397617824124,0.013390143749738096,0.026780287499477133,4,30.214944707367856,9999,robust_edge_topology,0.684216,Z2=1 且 ribbon(4/5) 连接边界分支清晰，且能隙足够打开
v_0p50_t_0p50_lm_0p00,0.5,0.5,0.0,1.5,0,7.730719336754552e-18,0.38209018898106667,isolated_midgap_state,0,1,0.9999999999999964,192,0.3584136624312565,0.010610889283580787,0.044226230959555045,8,46.896011446954965,9999,ambiguous_need_review,0.256461,指标互相竞争，需结合波函数和更大尺寸复核
v_0p50_t_0p50_lm_0p10,0.5,0.5,0.1,1.5,0,-1.6207559500011413e-16,-0.4299916264765358,isolated_midgap_state,0,1,0.7999999999999988,196,0.4566952563828828,0.012717854735775313,0.032716151648660374,6,41.12427053002477,9999,ambiguous_need_review,0.235782,指标互相竞争，需结合波函数和更大尺寸复核
v_0p50_t_0p50_lm_0p20,0.5,0.5,0.2,1.5,1,-2.0861179686129152e-16,-1.1702368316318794,isolated_midgap_state,0,1,0.5999999999999986,204,0.6369033947666219,0.006229592650682212,0.012782494293757232,6,48.535607862861674,9999,bulk_mixed_nontrivial,0.398532,Z2 非平庸但 ribbon 未形成连接边界分支，边界性被弱化
v_0p50_t_0p50_lm_0p30,0.5,0.5,0.3,1.5,0,1.447388558399788e-16,-0.45018273795901237,connecting_edge_branch,1,0,0.40000000000000036,184,0.9738423748787891,0.0017937317595412732,0.012994471056820282,6,78.21458323804247,9999,transition_core_or_precursor,0.508375,小隙/近零能聚集/高 special_rank，属于相变核心或前驱
v_0p50_t_0p50_lm_0p40,0.5,0.5,0.4,1.5,1,2.253187218964506e-16,-2.7542701390286743,isolated_midgap_state,0,1,0.19999999999999965,56,0.9125092048484325,0.0021927723565829307,0.020809869019333634,4,63.36506509398717,9999,ambiguous_need_review,0.277439,指标互相竞争，需结合波函数和更大尺寸复核
v_0p50_t_0p50_lm_0p50,0.5,0.5,0.5,1.5,0,2.2693661593657293e-17,0.4835555737302783,empty_gap,0,0,2.538732675106569e-16,0,0.0,0.012297021555791831,0.024594043111584564,4,26.945192700681325,9999,transition_core_or_precursor,0.0075,小隙/近零能聚集/高 special_rank，属于相变核心或前驱
v_0p60_t_0p50_lm_0p00,0.6,0.5,0.0,1.4,1,1.4264192744298275e-16,0.5194545798115603,isolated_midgap_state,0,1,0.5999999999999991,96,0.3386056883887388,0.021577317036371627,0.04889947713145951,0,26.934584482384228,9999,bulk_mixed_nontrivial,0.279468,Z2 非平庸但 ribbon 未形成连接边界分支，边界性被弱化
v_0p60_t_0p50_lm_0p10,0.6,0.5,0.1,1.4,0,3.768292455017566e-17,-1.6173045978112626,isolated_midgap_state,0,1,0.399999999999999,100,0.5403150706015089,0.0036640670144366012,0.02514815325138141,8,64.21891751849039,9999,ambiguous_need_review,0.136701,指标互相竞争，需结合波函数和更大尺寸复核
v_0p60_t_0p50_lm_0p20,0.6,0.5,0.2,1.4,0,-6.14697361420351e-17,-0.13458302386309223,isolated_midgap_state,0,1,0.19999999999999982,44,0.8586401778994316,0.0009255738628878181,0.012650935256214281,6,126.1662217801202,14,transition_core_or_precursor,0.081373,小隙/近零能聚集/高 special_rank，属于相变核心或前驱
v_0p60_t_0p50_lm_0p30,0.6,0.5,0.3,1.4,0,-2.2832969389453866e-16,-0.4587116566299684,empty_gap,0,0,2.7755575615628914e-16,0,0.0,0.0011574278907789753,0.017257100558579788,10,113.58961508743396,18,transition_core_or_precursor,0.01875,小隙/近零能聚集/高 special_rank，属于相变核心或前驱
v_0p60_t_0p50_lm_0p40,0.6,0.5,0.4,1.4,1,-2.724932920209084e-16,1.1816471913492153,isolated_midgap_state,0,1,0.2000000000000002,56,0.8710028247280597,0.007893000759608138,0.019552309404610828,4,33.20410928644228,9999,bulk_mixed_nontrivial,0.272665,Z2 非平庸但 ribbon 未形成连接边界分支，边界性被弱化
v_0p60_t_0p50_lm_0p50,0.6,0.5,0.5,1.4,0,2.2694041913077677e-16,2.3058893488750183,isolated_midgap_state,0,1,0.39999999999999936,108,0.9600113334609285,0.011376698040972709,0.022753396081952988,4,27.66881291657836,9999,ambiguous_need_review,0.157441,指标互相竞争，需结合波函数和更大尺寸复核
v_0p70_t_0p50_lm_0p00,0.7,0.5,0.0,1.3,0,-4.629618992251468e-18,0.10565043511694173,empty_gap,0,0,0.19999999999999973,0,0.0,0.007004511924018083,0.033236563878259504,12,65.22628204781424,9999,ambiguous_need_review,0.0465,指标互相竞争，需结合波函数和更大尺寸复核
v_0p70_t_0p50_lm_0p10,0.7,0.5,0.1,1.3,1,3.023078603775863e-16,-0.9726210687570239,empty_gap,0,0,3.3306690738754696e-16,0,0.0,0.0053766492985611565,0.011283853294956275,10,67.19616397616998,9999,transition_core_or_precursor,0.13875,小隙/近零能聚集/高 special_rank，属于相变核心或前驱
v_0p70_t_0p50_lm_0p20,0.7,0.5,0.2,1.3,1,-3.1276404829959714e-16,-0.8367282877825787,isolated_midgap_state,0,1,0.19999999999999973,40,0.8872124061371477,0.00780397902458413,0.017200646544142547,8,53.7392701421698,9999,ambiguous_need_review,0.276917,指标互相竞争，需结合波函数和更大尺寸复核
v_0p70_t_0p50_lm_0p30,0.7,0.5,0.3,1.3,1,6.649600622101297e-17,-1.069199427588682,connecting_edge_branch,1,0,0.3999999999999993,112,0.9788414886943769,0.0026935822555086207,0.016162744293471774,6,62.41134067250774,9999,robust_edge_topology,0.66309,Z2=1 且 ribbon(4/5) 连接边界分支清晰，且能隙足够打开
v_0p70_t_0p50_lm_0p40,0.7,0.5,0.4,1.3,0,-1.4995810219377512e-17,1.9960369082929978,connecting_edge_branch,1,0,0.5999999999999981,188,0.9898874459495055,0.0044575957068459515,0.017982526017827384,4,43.283045769372166,9999,ambiguous_need_review,0.547775,指标互相竞争，需结合波函数和更大尺寸复核
v_0p70_t_0p50_lm_0p50,0.7,0.5,0.5,1.3,1,-1.3848964345345464e-16,0.75379263656723,connecting_edge_branch,1,0,0.7999999999999984,220,0.9684223912152957,0.010473164524153202,0.020946329048313353,4,28.50294709627675,9999,robust_edge_topology,0.799769,Z2=1 且 ribbon(4/5) 连接边界分支清晰，且能隙足够打开
v_0p80_t_0p50_lm_0p00,0.8,0.5,0.0,1.2,1,-6.222222839059023e-17,-2.5250575416255665,empty_gap,0,0,5.551115123125783e-17,0,0.0,0.00239062553069642,0.020538125612032963,14,93.38402698723456,9999,transition_core_or_precursor,0.14625,小隙/近零能聚集/高 special_rank，属于相变核心或前驱
v_0p80_t_0p50_lm_0p10,0.8,0.5,0.1,1.2,1,2.300126766501222e-16,1.123513612928537,isolated_midgap_state,0,1,0.21655250605964355,36,0.9240456574755109,0.0071969815353405235,0.014394421286008544,6,50.283869286999824,9999,bulk_mixed_nontrivial,0.275915,Z2 非平庸但 ribbon 未形成连接边界分支，边界性被弱化
v_0p80_t_0p50_lm_0p20,0.8,0.5,0.2,1.2,1,5.713181819195338e-17,-1.2755312187107823,connecting_edge_branch,1,0,0.46491106406735144,108,0.9711512565969911,0.0011666531165534261,0.015636022847224117,6,103.4036162053046,9999,robust_edge_topology,0.671394,Z2=1 且 ribbon(4/5) 连接边界分支清晰，且能隙足够打开
v_0p80_t_0p50_lm_0p30,0.8,0.5,0.3,1.2,1,2.5593260318595935e-16,1.166301025173239,connecting_edge_branch,1,0,0.7416407864998735,228,0.9654471942729221,0.0038213774765994833,0.014980434753148295,6,51.93950900716909,9999,robust_edge_topology,0.798389,Z2=1 且 ribbon(4/5) 连接边界分支清晰，且能隙足够打开
v_0p80_t_0p50_lm_0p40,0.8,0.5,0.4,1.2,1,-9.255766151337647e-17,-0.9598075069860618,connecting_edge_branch,1,0,0.9999999999999998,308,0.9890661157563672,0.0026822680450848684,0.016592273631418745,6,60.44051261506986,9999,robust_edge_topology,0.907265,Z2=1 且 ribbon(4/5) 连接边界分支清晰，且能隙足够打开
v_0p80_t_0p50_lm_0p50,0.8,0.5,0.5,1.2,1,-1.6389250160536648e-16,0.8203710822493647,connecting_edge_branch,1,0,1.1999999999999993,324,0.9738307425660122,0.00957703673159942,0.01915407346319977,4,33.48570389111043,9999,robust_edge_topology,0.902948,Z2=1 且 ribbon(4/5) 连接边界分支清晰，且能隙足够打开
v_0p90_t_0p50_lm_0p00,0.9,0.5,0.0,1.1,0,9.305994957682824e-17,-2.1609807283473175,empty_gap,0,0,-1.3877787807814457e-16,0,0.0,0.002032653098504241,0.01564342773733276,12,93.19094484943392,9999,transition_core_or_precursor,0.0225,小隙/近零能聚集/高 special_rank，属于相变核心或前驱
v_0p90_t_0p50_lm_0p10,0.9,0.5,0.1,1.1,1,2.06228808695378e-16,1.0639008794627014,isolated_midgap_state,0,1,0.21803398874989416,60,0.9842699693946583,0.00534558095344609,0.017519142292122862,6,49.39015818432337,9999,bulk_mixed_nontrivial,0.29797,Z2 非平庸但 ribbon 未形成连接边界分支，边界性被弱化
v_0p90_t_0p50_lm_0p20,0.9,0.5,0.2,1.1,0,-4.441649548505126e-17,2.1093883938796214,connecting_edge_branch,1,0,0.47046999107196186,200,0.9660593633496785,2.20819225034456e-05,0.013822884481229964,6,3639.8810120428107,1,transition_core_or_precursor,0.530542,小隙/近零能聚集/高 special_rank，属于相变核心或前驱
v_0p90_t_0p50_lm_0p30,0.9,0.5,0.3,1.1,1,-4.9680818339204074e-17,2.8565045672784413,connecting_edge_branch,1,0,0.7529964086141668,312,0.9904241211603627,0.0018786838863005552,0.01361537533138731,6,75.98748594669263,9999,robust_edge_topology,0.861039,Z2=1 且 ribbon(4/5) 连接边界分支清晰，且能隙足够打开
v_0p90_t_0p50_lm_0p40,0.9,0.5,0.4,1.1,0,2.3301289057219085e-17,-0.1419614834789964,connecting_edge_branch,1,0,1.046753925605393,348,0.9864911995296919,0.0051881020827558594,0.01497944537360182,4,41.42506185427901,9999,ambiguous_need_review,0.70865,指标互相竞争，需结合波函数和更大尺寸复核
v_0p90_t_0p50_lm_0p50,0.9,0.5,0.5,1.1,1,7.317835458051227e-17,1.1015953386382926,connecting_edge_branch,1,0,1.1732137494637,332,0.9734743503983054,0.00868733277585353,0.017374665551708742,4,34.661988357474236,9999,robust_edge_topology,0.902818,Z2=1 且 ribbon(4/5) 连接边界分支清晰，且能隙足够打开
v_1p00_t_0p50_lm_0p00,1.0,0.5,0.0,1.0,1,6.36737338195123e-17,-0.9617199024770835,empty_gap,0,0,-4.683117399793162e-16,0,0.0,0.00896889843201943,0.022389780194833772,6,110.59939564875452,20,transition_core_or_precursor,0.13125,小隙/近零能聚集/高 special_rank，属于相变核心或前驱
v_1p00_t_0p50_lm_0p10,1.0,0.5,0.1,1.0,1,-1.4416327019495353e-16,0.6495333710308122,connecting_edge_branch,1,0,0.21980390271855615,168,0.9967058964699453,0.0015248777335072467,0.013798352432489598,6,85.80809607566157,9999,robust_edge_topology,0.666831,Z2=1 且 ribbon(4/5) 连接边界分支清晰，且能隙足够打开
v_1p00_t_0p50_lm_0p20,1.0,0.5,0.2,1.0,1,-1.7713081590498925e-17,1.4049821426937201,connecting_edge_branch,1,0,0.4770329614269003,308,0.9416000078372305,0.004204101202076082,0.012461069857516084,6,54.84354225450667,9999,robust_edge_topology,0.787813,Z2=1 且 ribbon(4/5) 连接边界分支清晰，且能隙足够打开
v_1p00_t_0p50_lm_0p30,1.0,0.5,0.3,1.0,0,-1.5637454690778453e-16,0.046579352970934865,connecting_edge_branch,1,0,0.5804039413421536,284,0.9815354087548053,0.0036808004934307725,0.012355009743042291,6,57.590102518443324,9999,ambiguous_need_review,0.607808,指标互相竞争，需结合波函数和更大尺寸复核
v_1p00_t_0p50_lm_0p40,1.0,0.5,0.4,1.0,1,-3.3022580018934083e-16,1.2778421701884743,connecting_edge_branch,1,0,0.694838409859664,272,0.9734095794422251,0.0035861834131895418,0.013495426272004426,6,55.75313411761296,9999,robust_edge_topology,0.818914,Z2=1 且 ribbon(4/5) 连接边界分支清晰，且能隙足够打开
v_1p00_t_0p50_lm_0p50,1.0,0.5,0.5,1.0,1,1.369329814366105e-16,-1.2205433920803637,connecting_edge_branch,1,0,0.8284271247461896,276,0.9754339277651394,0.007800411982372028,0.015600823964744815,4,36.101663140174026,9999,robust_edge_topology,0.842326,Z2=1 且 ribbon(4/5) 连接边界分支清晰，且能隙足够打开
v_1p10_t_0p50_lm_0p00,1.1,0.5,0.0,0.8999999999999999,1,-1.0641190700550177e-16,-1.1597182472124274,empty_gap,0,0,-1.6653345369377348e-16,0,0.0,0.0012973907073126638,0.015451360047679785,12,149.54060253008316,11,transition_core_or_precursor,0.1425,小隙/近零能聚集/高 special_rank，属于相变核心或前驱
v_1p10_t_0p50_lm_0p10,1.1,0.5,0.1,0.8999999999999999,0,-5.207164973174292e-16,-0.10888365923739833,empty_gap,0,0,0.06731685043665686,0,0.0,0.0027854063154910784,0.009658110618162522,20,184.93242371743688,9,transition_core_or_precursor,0.045578,小隙/近零能聚集/高 special_rank，属于相变核心或前驱
v_1p10_t_0p50_lm_0p20,1.1,0.5,0.2,0.8999999999999999,1,-1.1267469930180668e-16,1.4922504110034887,empty_gap,0,0,0.13024818488698003,0,0.0,6.0796025384889346e-05,0.0005401514737851261,42,1601.7740305364464,2,transition_core_or_precursor,0.19563,小隙/近零能聚集/高 special_rank，属于相变核心或前驱
v_1p10_t_0p50_lm_0p30,1.1,0.5,0.3,0.8999999999999999,0,-2.0502229515111894e-16,-0.18135526923855047,empty_gap,0,0,0.2270277873465672,0,0.0,0.00361122865568542,0.009011120615334992,8,72.81087706675864,9999,ambiguous_need_review,0.042243,指标互相竞争，需结合波函数和更大尺寸复核
v_1p10_t_0p50_lm_0p40,1.1,0.5,0.4,0.8999999999999999,1,1.9119646169691056e-16,0.6678455954872183,connecting_edge_branch,1,0,0.34952186258659984,168,0.9683110440815569,0.0008191098663037545,0.011812573817596568,6,135.73436419814848,13,robust_edge_topology,0.684862,Z2=1 且 ribbon(4/5) 连接边界分支清晰，且能隙足够打开
v_1p10_t_0p50_lm_0p50,1.1,0.5,0.5,0.8999999999999999,0,8.388285151258499e-17,-1.9414817708227918,connecting_edge_branch,1,0,0.49072480941474134,196,0.9759418939446174,0.006994229841709321,0.01398845968341876,4,41.72705562225552,9999,ambiguous_need_review,0.528014,指标互相竞争，需结合波函数和更大尺寸复核
v_1p20_t_0p50_lm_0p00,1.2,0.5,0.0,0.8,1,1.9285873312583447e-16,1.4257568058333758,empty_gap,0,0,-9.43689570931383e-16,0,0.0,0.002090636716034046,0.004687208216409654,46,240.06454777587695,8,transition_core_or_precursor,0.18,小隙/近零能聚集/高 special_rank，属于相变核心或前驱
v_1p20_t_0p50_lm_0p10,1.2,0.5,0.1,0.8,1,-7.237263273900457e-18,-1.1446069243425794,isolated_midgap_state,0,1,0.17537887487646744,40,0.892585960055872,0.0019279302626961676,0.005982193077310935,50,254.52272352882014,7,transition_core_or_precursor,0.344605,小隙/近零能聚集/高 special_rank，属于相变核心或前驱
v_1p20_t_0p50_lm_0p20,1.2,0.5,0.2,0.8,1,-2.227876895073707e-16,0.8882516494576871,isolated_midgap_state,0,1,0.22494796151351348,40,0.846856149709447,0.00038685246948217794,0.00204007342886897,56,536.1530025821315,4,transition_core_or_precursor,0.347325,小隙/近零能聚集/高 special_rank，属于相变核心或前驱
v_1p20_t_0p50_lm_0p30,1.2,0.5,0.3,0.8,1,1.6372119972193936e-16,1.4393534743819818,isolated_midgap_state,0,1,0.11937515251342934,20,0.8057002864644149,0.002806568560985787,0.006157321548527571,18,147.24788223069194,12,ambiguous_need_review,0.269882,指标互相竞争，需结合波函数和更大尺寸复核
v_1p20_t_0p50_lm_0p40,1.2,0.5,0.4,0.8,0,3.114432866523564e-16,-0.12340629232523903,empty_gap,0,0,0.01199569738504469,0,0.0,0.001627631322203003,0.012010822609645325,10,103.14361338271385,9999,transition_core_or_precursor,0.020189,小隙/近零能聚集/高 special_rank，属于相变核心或前驱
v_1p20_t_0p50_lm_0p50,1.2,0.5,0.5,0.8,0,-3.7381320361700496e-17,0.4682418922670692,empty_gap,0,0,0.16124969497313763,0,0.0,0.014218217963957832,0.02843643592791684,8,43.736506229282625,9999,ambiguous_need_review,0.03435,指标互相竞争，需结合波函数和更大尺寸复核
v_1p30_t_0p50_lm_0p00,1.3,0.5,0.0,0.7,0,-1.8162164841133095e-16,-0.023670575320475774,empty_gap,0,0,0.20000000000000007,0,0.0,0.00013532055488271548,0.015302276554757155,20,698.6732280944523,3,transition_core_or_precursor,0.0615,小隙/近零能聚集/高 special_rank，属于相变核心或前驱
v_1p30_t_0p50_lm_0p10,1.3,0.5,0.1,0.7,1,-2.0459753621882465e-16,0.9521596417230569,empty_gap,0,0,2.220446049250313e-16,0,0.0,0.0056997654853307225,0.012679379939205884,18,121.76747422253446,16,transition_core_or_precursor,0.15375,小隙/近零能聚集/高 special_rank，属于相变核心或前驱
v_1p30_t_0p50_lm_0p20,1.3,0.5,0.2,0.7,1,-2.6027060978553727e-17,-0.7039065586404538,isolated_midgap_state,0,1,0.19999999999999954,44,0.9060694145903853,0.0058632097872437896,0.011975366109973563,18,117.65441416422401,17,ambiguous_need_review,0.311586,指标互相竞争，需结合波函数和更大尺寸复核
v_1p30_t_0p50_lm_0p30,1.3,0.5,0.3,0.7,1,-2.8891352868332274e-17,0.9991949528989268,isolated_midgap_state,0,1,0.37804555427071107,84,0.9525265969272793,0.0031571647328235575,0.008994027440951926,14,111.00940792474944,19,bulk_mixed_nontrivial,0.364798,Z2 非平庸但 ribbon 未形成连接边界分支，边界性被弱化
v_1p30_t_0p50_lm_0p40,1.3,0.5,0.4,0.7,0,-3.3377219606136665e-17,1.6081180892091533,isolated_midgap_state,0,1,0.31632985715316325,60,0.9540865829658126,0.012790440303870906,0.031098801316587918,4,26.18395101679267,9999,ambiguous_need_review,0.111186,指标互相竞争，需结合波函数和更大尺寸复核
v_1p30_t_0p50_lm_0p50,1.3,0.5,0.5,0.7,1,2.30603843469205e-16,-1.3613199227308943,isolated_midgap_state,0,1,0.15868887685325883,24,0.6745498691491093,0.016095365444402352,0.032190730888807764,4,24.834228781653042,9999,ambiguous_need_review,0.22549,指标互相竞争，需结合波函数和更大尺寸复核
v_1p40_t_0p50_lm_0p00,1.4,0.5,0.0,0.6000000000000001,0,-9.0727258835146e-18,-0.3985399316271235,empty_gap,0,0,0.5999999999999985,0,0.0,0.005992562449850663,0.014213290500888508,14,82.57103035427595,9999,ambiguous_need_review,0.09825,指标互相竞争，需结合波函数和更大尺寸复核
v_1p40_t_0p50_lm_0p10,1.4,0.5,0.1,0.6000000000000001,0,-1.440042295013636e-16,0.35726493121321107,empty_gap,0,0,0.39999999999999925,0,0.0,0.002336213200752525,0.014483237581269164,14,103.38467586090343,9999,ambiguous_need_review,0.07425,指标互相竞争，需结合波函数和更大尺寸复核
v_1p40_t_0p50_lm_0p20,1.4,0.5,0.2,0.6000000000000001,1,1.2755529084183112e-16,-0.565531653451043,empty_gap,0,0,0.19999999999999882,0,0.0,0.005922156558446284,0.016190257359956897,12,81.2142740096928,9999,ambiguous_need_review,0.1665,指标互相竞争，需结合波函数和更大尺寸复核
v_1p40_t_0p50_lm_0p30,1.4,0.5,0.3,0.6000000000000001,0,-2.751522846880535e-18,-0.13156730135869954,empty_gap,0,0,1.3877787807814457e-16,0,0.0,0.002576558793240262,0.01487488732203994,12,91.0815772145994,9999,transition_core_or_precursor,0.0225,小隙/近零能聚集/高 special_rank，属于相变核心或前驱
v_1p40_t_0p50_lm_0p40,1.4,0.5,0.4,0.6000000000000001,0,-1.4566418629894913e-17,-0.031084304014728916,isolated_midgap_state,0,1,0.20000000000000057,56,0.9869645372050339,0.0018422029034959521,0.017684416022606213,6,75.81671098859255,9999,transition_core_or_precursor,0.093261,小隙/近零能聚集/高 special_rank，属于相变核心或前驱
v_1p40_t_0p50_lm_0p50,1.4,0.5,0.5,0.6000000000000001,1,-3.2411212523553904e-16,-1.2598529993380503,isolated_midgap_state,0,1,0.39999999999999974,120,0.9876631318209127,0.013567775530957856,0.02713555106191711,4,26.107393843986692,9999,bulk_mixed_nontrivial,0.365686,Z2 非平庸但 ribbon 未形成连接边界分支，边界性被弱化
v_1p50_t_0p50_lm_0p00,1.5,0.5,0.0,0.5,1,1.9409014262666627e-16,-1.3336566549675153,empty_gap,0,0,0.9999999999999988,0,0.0,0.010095075859156496,1.0172952513393592,2,24.983557077606974,9999,ambiguous_need_review,0.24375,指标互相竞争，需结合波函数和更大尺寸复核
v_1p50_t_0p50_lm_0p10,1.5,0.5,0.1,0.5,0,1.7401332954944107e-16,-0.04165673791217984,empty_gap,0,0,0.8000000000000005,0,0.0,0.010258965459797494,0.8195243401932953,2,24.871194432215095,9999,ambiguous_need_review,0.09975,指标互相竞争，需结合波函数和更大尺寸复核
v_1p50_t_0p50_lm_0p20,1.5,0.5,0.2,0.5,1,2.1044978027133175e-16,2.5022424495553617,empty_gap,0,0,0.5999999999999995,0,0.0,0.010829729678156019,0.6209933041012331,2,24.483623831388154,9999,ambiguous_need_review,0.19575,指标互相竞争，需结合波函数和更大尺寸复核
v_1p50_t_0p50_lm_0p30,1.5,0.5,0.3,0.5,1,-5.927792097005161e-17,0.7519065928456917,empty_gap,0,0,0.3999999999999987,0,0.0,0.0121614199072057,0.42392871536706433,2,19.719658348703124,9999,ambiguous_need_review,0.17175,指标互相竞争，需结合波函数和更大尺寸复核
v_1p50_t_0p50_lm_0p40,1.5,0.5,0.4,0.5,0,3.341444406200986e-17,0.35760552146820224,empty_gap,0,0,0.19999999999999962,0,0.0,0.015697194746108825,0.23123399518880722,2,16.355896866749077,9999,ambiguous_need_review,0.02775,指标互相竞争，需结合波函数和更大尺寸复核
v_1p50_t_0p50_lm_0p50,1.5,0.5,0.5,0.5,1,-6.445021713378665e-17,-1.4886418178510477,empty_gap,0,0,3.5823483842684384e-16,0,0.0,0.03228598281324467,0.06457196562649042,0,7.407042195115506,9999,transition_core_or_precursor,0.12,小隙/近零能聚集/高 special_rank，属于相变核心或前驱
v_1p60_t_0p50_lm_0p00,1.6,0.5,0.0,0.3999999999999999,1,-1.223387171502701e-16,-1.4878728958564347,empty_gap,0,0,1.3999999999999992,0,0.0,0.20662701796995206,1.4120167447936944,0,0.42966327593867,9999,ambiguous_need_review,0.24,指标互相竞争，需结合波函数和更大尺寸复核
v_1p60_t_0p50_lm_0p10,1.6,0.5,0.1,0.3999999999999999,0,2.5635820843000568e-17,-0.37857492665004666,empty_gap,0,0,1.2000000000000002,0,0.0,0.2066687847713679,1.21288624242541,0,0.43656139332180766,9999,trivial_gapped,0.12,边界分支缺失且近零态缺失，平庸绝缘体特征明显
v_1p60_t_0p50_lm_0p20,1.6,0.5,0.2,0.3999999999999999,1,-3.7046554286763076e-17,1.100066946243967,empty_gap,0,0,1.0,0,0.0,0.20680433410646668,1.0132910916854687,0,0.44605188975894305,9999,ambiguous_need_review,0.24,指标互相竞争，需结合波函数和更大尺寸复核
v_1p60_t_0p50_lm_0p30,1.6,0.5,0.3,0.3999999999999999,0,3.20524886559622e-16,0.3046352423998209,empty_gap,0,0,0.7999999999999997,0,0.0,0.2070713792992377,0.8139420178070188,0,0.46005533812144034,9999,trivial_gapped,0.096,边界分支缺失且近零态缺失，平庸绝缘体特征明显
v_1p60_t_0p50_lm_0p40,1.6,0.5,0.4,0.3999999999999999,1,-1.2858937300726046e-16,0.9613945389371923,empty_gap,0,0,0.5999999999999995,0,0.0,0.20756642295006517,0.6150373938526044,0,0.4829736344559826,9999,ambiguous_need_review,0.192,指标互相竞争，需结合波函数和更大尺寸复核
v_1p60_t_0p50_lm_0p50,1.6,0.5,0.5,0.3999999999999999,0,1.5242982539210442e-16,0.4997603941514083,empty_gap,0,0,0.3999999999999999,0,0.0,0.20856427484751539,0.4171285496950323,0,0.5274151315268888,9999,trivial_gapped,0.048,边界分支缺失且近零态缺失，平庸绝缘体特征明显
v_1p70_t_0p50_lm_0p00,1.7,0.5,0.0,0.30000000000000004,1,4.869230660554911e-17,1.011000959764715,empty_gap,0,0,1.799999999999999,0,0.0,0.4043201052881178,1.808138818119935,0,0.23104626934892372,9999,ambiguous_need_review,0.24,指标互相竞争，需结合波函数和更大尺寸复核
v_1p70_t_0p50_lm_0p10,1.7,0.5,0.1,0.30000000000000004,0,1.0448383671742011e-16,2.3911873657103957,empty_gap,0,0,1.599999999999999,0,0.0,0.40433172403444995,1.6084748198704755,0,0.23515970819704698,9999,trivial_gapped,0.12,边界分支缺失且近零态缺失，平庸绝缘体特征明显
v_1p70_t_0p50_lm_0p20,1.7,0.5,0.2,0.30000000000000004,0,2.148877908191263e-16,-1.8404704567511203,empty_gap,0,0,1.4000000000000004,0,0.0,0.4043683113862062,1.4086010259501403,0,0.24043484121635508,9999,trivial_gapped,0.12,边界分支缺失且近零态缺失，平庸绝缘体特征明显
v_1p70_t_0p50_lm_0p30,1.7,0.5,0.3,0.30000000000000004,0,-6.73775406971343e-18,-0.3217563996252791,empty_gap,0,0,1.1999999999999993,0,0.0,0.40443574708442775,1.2087839839892696,0,0.24744305881668235,9999,trivial_gapped,0.12,边界分支缺失且近零态缺失，平庸绝缘体特征明显
v_1p70_t_0p50_lm_0p40,1.7,0.5,0.4,0.30000000000000004,1,7.384636353399224e-17,-0.6367229165274345,empty_gap,0,0,0.9999999999999978,0,0.0,0.4045466774536092,1.009050657730196,0,0.2572139877413247,9999,ambiguous_need_review,0.24,指标互相竞争，需结合波函数和更大尺寸复核
v_1p70_t_0p50_lm_0p50,1.7,0.5,0.5,0.30000000000000004,0,-2.1852558786246046e-17,-0.04666487724240866,empty_gap,0,0,0.799999999999999,0,0.0,0.4047275799508609,0.8094551599017242,0,0.27178769616041953,9999,trivial_gapped,0.096,边界分支缺失且近零态缺失，平庸绝缘体特征明显
v_1p80_t_0p50_lm_0p00,1.8,0.5,0.0,0.19999999999999996,0,1.6130613177481157e-16,0.03081270648951006,empty_gap,0,0,2.1999999999999993,0,0.0,0.6025921496849866,2.2050154370925554,0,0.15997044855983097,9999,trivial_gapped,0.12,边界分支缺失且近零态缺失，平庸绝缘体特征明显
v_1p80_t_0p50_lm_0p10,1.8,0.5,0.1,0.19999999999999996,1,1.5131074351800816e-16,2.8281027979996027,empty_gap,0,0,1.9999999999999991,0,0.0,0.6025950694891447,2.0051254512274133,0,0.16268242593148213,9999,ambiguous_need_review,0.24,指标互相竞争，需结合波函数和更大尺寸复核
v_1p80_t_0p50_lm_0p20,1.8,0.5,0.2,0.19999999999999996,0,1.738693263038742e-16,1.5056300095491195,empty_gap,0,0,1.8000000000000003,0,0.0,0.6026041214492958,1.8051611848367806,0,0.16599514570428292,9999,trivial_gapped,0.12,边界分支缺失且近零态缺失，平庸绝缘体特征明显
v_1p80_t_0p50_lm_0p30,1.8,0.5,0.3,0.19999999999999996,0,-2.43439039665773e-17,0.48122745628085734,empty_gap,0,0,1.6000000000000005,0,0.0,0.6026202596460583,1.6052098423343715,0,0.17013185149608767,9999,trivial_gapped,0.12,边界分支缺失且近零态缺失，平庸绝缘体特征明显
v_1p80_t_0p50_lm_0p40,1.8,0.5,0.4,0.19999999999999996,0,-1.2694554110068292e-16,4.4174370575882155e-17,empty_gap,0,0,1.4000000000000008,0,0.0,0.6026453686866482,1.405275628206533,0,0.17544427935174725,9999,trivial_gapped,0.12,边界分支缺失且近零态缺失，平庸绝缘体特征明显
v_1p80_t_0p50_lm_0p50,1.8,0.5,0.5,0.19999999999999996,0,-1.444723947902268e-16,-8.834874115176499e-18,empty_gap,0,0,1.2,0,0.0,0.6026828803955653,1.205365760791134,0,0.18251718742194004,9999,trivial_gapped,0.12,边界分支缺失且近零态缺失，平庸绝缘体特征明显
v_1p90_t_0p50_lm_0p00,1.9,0.5,0.0,0.10000000000000009,0,2.5881336988175605e-16,-1.5422322900346006,empty_gap,0,0,2.5999999999999988,0,0.0,0.8011935785495454,2.602353982847273,0,0.12290706023663918,9999,trivial_gapped,0.12,边界分支缺失且近零态缺失，平庸绝缘体特征明显
v_1p90_t_0p50_lm_0p10,1.9,0.5,0.1,0.10000000000000009,0,-2.651219881779624e-16,-2.1105201324149525,empty_gap,0,0,2.399999999999999,0,0.0,0.8011940306325207,2.402375204603553,0,0.12482623785088894,9999,trivial_gapped,0.12,边界分支缺失且近零态缺失，平庸绝缘体特征明显
v_1p90_t_0p50_lm_0p20,1.9,0.5,0.2,0.10000000000000009,1,-8.371419608968088e-17,-0.587875176833691,empty_gap,0,0,2.199999999999998,0,0.0,0.8011954194473309,2.202381416253266,0,0.1270940193269756,9999,ambiguous_need_review,0.24,指标互相竞争，需结合波函数和更大尺寸复核
v_1p90_t_0p50_lm_0p30,1.9,0.5,0.3,0.10000000000000009,0,2.6496842470147303e-16,0.48122745628085717,empty_gap,0,0,1.9999999999999982,0,0.0,0.801197848737326,2.002389518639706,0,0.12981467880037265,9999,trivial_gapped,0.12,边界分支缺失且近零态缺失，平庸绝缘体特征明显
v_1p90_t_0p50_lm_0p40,1.9,0.5,0.4,0.10000000000000009,0,1.2315761470562253e-16,-0.2845693257651557,empty_gap,0,0,1.7999999999999972,0,0.0,0.8012015137502816,1.8023999698576931,0,0.1331389703274458,9999,trivial_gapped,0.12,边界分支缺失且近零态缺失，平庸绝缘体特征明显
v_1p90_t_0p50_lm_0p50,1.9,0.5,0.5,0.10000000000000009,0,5.715805062646694e-17,-1.4135798584282297e-16,empty_gap,0,0,1.5999999999999994,0,0.0,0.8012067437691849,1.6024134875383722,0,0.13729288850641055,9999,trivial_gapped,0.12,边界分支缺失且近零态缺失，平庸绝缘体特征明显
v_2p00_t_0p50_lm_0p00,2.0,0.5,0.0,0.0,0,0.0,0.0,connecting_edge_branch,1,0,2.9999999999999987,484,0.9999999999999997,0.9999999999999999,2.9999999999999987,0,0.09999999133333418,9999,ambiguous_need_review,0.7,指标互相竞争，需结合波函数和更大尺寸复核
v_2p00_t_0p50_lm_0p10,2.0,0.5,0.1,0.0,0,0.0,0.0,connecting_edge_branch,1,0,2.799999999999999,363,0.9999999999999993,0.9999999999999989,2.7999999999999985,0,0.10142856266326622,9999,ambiguous_need_review,0.7,指标互相竞争，需结合波函数和更大尺寸复核
v_2p00_t_0p50_lm_0p20,2.0,0.5,0.2,0.0,0,0.0,0.0,connecting_edge_branch,1,0,2.5999999999999996,847,0.9999999999999997,0.9999999999999983,2.599999999999997,0,0.10307691418935011,9999,ambiguous_need_review,0.7,指标互相竞争，需结合波函数和更大尺寸复核
v_2p00_t_0p50_lm_0p30,2.0,0.5,0.3,0.0,0,0.0,0.0,isolated_midgap_state,0,1,2.399999999999999,242,0.0,0.9999999999999998,2.399999999999999,0,0.1049999909583342,9999,ambiguous_need_review,0.21075,指标互相竞争，需结合波函数和更大尺寸复核
v_2p00_t_0p50_lm_0p40,2.0,0.5,0.4,0.0,0,0.0,0.0,isolated_midgap_state,0,1,2.1999999999999966,242,0.0,0.9999999999999973,2.199999999999995,0,0.10727271803305898,9999,ambiguous_need_review,0.21075,指标互相竞争，需结合波函数和更大尺寸复核
v_2p00_t_0p50_lm_0p50,2.0,0.5,0.5,0.0,0,0.0,0.0,connecting_edge_branch,1,0,2.000000000000001,1089,0.9999999999999996,0.9999999999999997,1.9999999999999996,0,0.10999999050000092,9999,ambiguous_need_review,0.7,指标互相竞争，需结合波函数和更大尺寸复核
