center_label,v,lm,t,w,bulk_gap,direct_gap,indirect_gap,min_direct_gap,kx_min,ky_min,chern,z2,wilson,occupied_band_index,unoccupied_band_index,distance_to_center
A,0.8,0.1,0.5,1.2,0.21655250605964244,0.3999999999999993,0.21655250605964244,0.3999999999999993,0.5,0.5,-1.6403926445008266e-16,0,0.10388928172472842,3,4,0.1414213562373095
A,0.8,0.11,0.5,1.2,0.2399999999999992,0.4199999999999996,0.2399999999999992,0.4199999999999996,0.5,0.5,-9.791938531716052e-17,0,-0.045361824591775665,3,4,0.1345362404707371
A,0.8,0.12,0.5,1.2,0.2637646832622677,0.44,0.2637646832622677,0.44,0.5,0.5,1.9653532956681998e-17,0,0.38867319189347777,3,4,0.12806248474865697
A,0.8,0.13,0.5,1.2,0.28784363825366566,0.4600000000000001,0.28784363825366566,0.4600000000000001,0.5,0.5,-5.801190685345596e-17,1,1.0115389686107,3,4,0.12206555615733701
A,0.8,0.13999999999999999,0.5,1.2,0.31223374405994864,0.4800000000000002,0.31223374405994864,0.4800000000000002,0.5,0.5,1.2050641660298152e-17,1,-0.50355335303919,3,4,0.116619037896906
A,0.8,0.14999999999999997,0.5,1.2,0.3369316876852976,0.5,0.3369316876852976,0.5,0.5,0.5,-4.176008323916614e-17,0,0.10231404776321376,3,4,0.11180339887498948
A,0.8,0.15999999999999998,0.5,1.2,0.36193397570080155,0.5199999999999999,0.36193397570080155,0.5199999999999999,0.5,0.5,-5.4144649417561725e-17,0,0.2592119032303082,3,4,0.10770329614269007
A,0.8,0.16999999999999998,0.5,1.2,0.38723694621350807,0.5399999999999998,0.38723694621350807,0.5399999999999998,0.5,0.5,-4.7130642899064634e-18,1,0.8103077437492784,3,4,0.10440306508910549
A,0.8,0.17999999999999997,0.5,1.2,0.412836781069264,0.5599999999999994,0.412836781069264,0.5599999999999994,0.5,0.5,4.705109277722703e-17,0,-0.28163288414128723,3,4,0.10198039027185568
A,0.8,0.18999999999999995,0.5,1.2,0.43872951820476425,0.5799999999999998,0.43872951820476425,0.5799999999999998,0.5,0.5,3.541603040643808e-17,0,1.9435500383939022,3,4,0.10049875621120889
A,0.8,0.19999999999999996,0.5,1.2,0.464911064067351,0.6000000000000001,0.464911064067351,0.6000000000000001,0.5,0.5,-1.4404776844388632e-17,0,-0.37798023393182323,3,4,0.09999999999999998
A,0.8,0.20999999999999996,0.5,1.2,0.49137720602502477,0.6200000000000001,0.49137720602502477,0.6200000000000001,0.5,0.5,-4.9448739088362386e-17,1,0.5390234947134481,3,4,0.10049875621120888
A,0.8,0.21999999999999995,0.5,1.2,0.5181236246936356,0.6399999999999999,0.5181236246936356,0.6399999999999999,0.5,0.5,1.8608239695882212e-17,1,-1.4584343690267307,3,4,0.10198039027185567
A,0.8,0.22999999999999995,0.5,1.2,0.5451459061133862,0.6599999999999997,0.5451459061133862,0.6599999999999997,0.5,0.5,-1.5584243388678184e-18,1,0.7058137436123888,3,4,0.10440306508910546
A,0.8,0.23999999999999994,0.5,1.2,0.57243955371228,0.6799999999999997,0.57243955371228,0.6799999999999997,0.5,0.5,-2.750393359515005e-17,1,-0.7324590590507654,3,4,0.10770329614269003
A,0.8,0.24999999999999992,0.5,1.2,0.5999999999999983,0.6999999999999996,0.5999999999999983,0.6999999999999996,0.5,0.5,-4.890673220908653e-17,0,-0.052639360031973864,3,4,0.11180339887498943
A,0.8,0.2599999999999999,0.5,1.2,0.6278226179417443,0.7199999999999996,0.6278226179417443,0.7199999999999996,0.5,0.5,1.102180653909361e-16,0,-0.19495262457526102,3,4,0.11661903789690593
A,0.8,0.2699999999999999,0.5,1.2,0.6559027319676771,0.74,0.6559027319676771,0.74,0.5,0.5,-3.674594906096706e-17,0,-0.3414732019044798,3,4,0.12206555615733695
A,0.8,0.2799999999999999,0.5,1.2,0.6842356285797464,0.759999999999999,0.6842356285797464,0.759999999999999,0.5,0.5,3.5871135570412375e-17,1,-0.8076834208254461,3,4,0.1280624847486569
A,0.8,0.2899999999999999,0.5,1.2,0.7128165665236897,0.7799999999999996,0.7128165665236897,0.7799999999999996,0.5,0.5,4.5297899162336135e-17,1,-0.8962553183998734,3,4,0.13453624047073703
A,0.8,0.29999999999999993,0.5,1.2,0.7416407864998735,0.8000000000000003,0.7416407864998735,0.8000000000000003,0.5,0.5,-7.403248865496732e-17,1,-0.5633354314674303,3,4,0.14142135623730942
A,0.81,0.1,0.5,1.19,0.21668968670491112,0.3999999999999995,0.21668968670491112,0.3999999999999995,0.5,0.5,-1.9644225450062943e-17,0,-0.4085169065607005,3,4,0.1345362404707371
A,0.81,0.11,0.5,1.19,0.24016527796825995,0.4399999999999994,0.24016527796825995,0.4399999999999994,0.5,0.5,-7.575817622570681e-17,0,0.4087213696450851,3,4,0.12727922061357855
A,0.81,0.12,0.5,1.19,0.26396046064111844,0.47999999999999954,0.26396046064111844,0.47999999999999954,0.5,0.5,1.5574485393406615e-17,0,1.920464002578674,3,4,0.12041594578792295
A,0.81,0.13,0.5,1.19,0.28807224744675897,0.5000000000000001,0.28807224744675897,0.5000000000000001,0.5,0.5,-7.925798142696631e-17,0,0.40932009650148027,3,4,0.11401754250991378
A,0.81,0.13999999999999999,0.5,1.19,0.31249744376010785,0.5199999999999996,0.31249744376010785,0.5199999999999996,0.5,0.5,1.309306808540409e-16,0,0.4924889955797408,3,4,0.10816653826391967
A,0.81,0.14999999999999997,0.5,1.19,0.3372326592785887,0.5399999999999999,0.3372326592785887,0.5399999999999999,0.5,0.5,-6.26080139115265e-17,0,-0.03559930127720788,3,4,0.10295630140987
A,0.81,0.15999999999999998,0.5,1.19,0.3622743201089593,0.5599999999999998,0.3622743201089593,0.5599999999999998,0.5,0.5,-2.5637427670805088e-17,1,1.0967527688680596,3,4,0.09848857801796103
A,0.81,0.16999999999999998,0.5,1.19,0.3876186811776874,0.5799999999999997,0.3876186811776874,0.5799999999999997,0.5,0.5,-2.806541531875384e-17,0,-0.04192210594183543,3,4,0.09486832980505136
A,0.81,0.17999999999999997,0.5,1.19,0.4132618388738536,0.5999999999999993,0.4132618388738536,0.5999999999999993,0.5,0.5,-1.1579920051150133e-17,1,-1.1508202641124987,3,4,0.09219544457292886
A,0.81,0.18999999999999995,0.5,1.19,0.4391997438360281,0.6199999999999999,0.4391997438360281,0.6199999999999999,0.5,0.5,5.3915243310645074e-17,0,0.29994392301427236,3,4,0.09055385138137415
A,0.81,0.19999999999999996,0.5,1.19,0.4654282137979837,0.639999999999999,0.4654282137979837,0.639999999999999,0.5,0.5,2.093730259392445e-17,0,-0.2662929949778667,3,4,0.08999999999999997
A,0.81,0.20999999999999996,0.5,1.19,0.49194294641239505,0.66,0.49194294641239505,0.66,0.5,0.5,-1.3734299056272854e-16,0,0.22547472814126487,3,4,0.09055385138137413
A,0.81,0.21999999999999995,0.5,1.19,0.518739531976519,0.6799999999999994,0.518739531976519,0.6799999999999994,0.5,0.5,-2.050988102973561e-17,0,0.38215562062043595,3,4,0.09219544457292883
A,0.81,0.22999999999999995,0.5,1.19,0.545813465989444,0.6999999999999997,0.545813465989444,0.6999999999999997,0.5,0.5,-2.1709229306470925e-17,0,0.07218646248083478,3,4,0.09486832980505133
A,0.81,0.23999999999999994,0.5,1.19,0.5731601614763444,0.7199999999999998,0.5731601614763444,0.7199999999999998,0.5,0.5,-4.630640783970002e-17,1,-0.9396082379035022,3,4,0.09848857801796099
A,0.81,0.24999999999999992,0.5,1.19,0.6007749610214773,0.7399999999999997,0.6007749610214773,0.7399999999999997,0.5,0.5,2.3790968648015183e-17,1,-1.2126047441460188,3,4,0.10295630140986993
A,0.81,0.2599999999999999,0.5,1.19,0.6286531484580467,0.7599999999999995,0.6286531484580467,0.7599999999999995,0.5,0.5,-1.8453427688332076e-16,0,0.1543254023418968,3,4,0.10816653826391959
A,0.81,0.2699999999999999,0.5,1.19,0.6567899601695734,0.7799999999999997,0.6567899601695734,0.7799999999999997,0.5,0.5,1.0425066191521273e-17,0,-0.44674988130434184,3,4,0.11401754250991371
A,0.81,0.2799999999999999,0.5,1.19,0.6851805959639141,0.7999999999999995,0.6851805959639141,0.7999999999999995,0.5,0.5,-7.826928201206756e-17,1,0.7969799483660044,3,4,0.12041594578792286
A,0.81,0.2899999999999999,0.5,1.19,0.7138202294873708,0.8199999999999996,0.7138202294873708,0.8199999999999996,0.5,0.5,1.2149352767516724e-16,0,-0.02421357923367994,3,4,0.12727922061357846
A,0.81,0.29999999999999993,0.5,1.19,0.742704018152567,0.84,0.742704018152567,0.84,0.5,0.5,2.885389583146394e-17,0,-0.28289929607482384,3,4,0.13453624047073703
A,0.8200000000000001,0.1,0.5,1.18,0.2168291440301737,0.4,0.2168291440301737,0.4,0.5,0.5,8.911847537859789e-17,1,0.5529987267079232,3,4,0.12806248474865695
A,0.8200000000000001,0.11,0.5,1.18,0.24033328704989135,0.43999999999999984,0.24033328704989135,0.43999999999999984,0.5,0.5,1.3258967239858689e-16,1,-1.022818615370465,3,4,0.12041594578792293
A,0.8200000000000001,0.12,0.5,1.18,0.26415945787922873,0.4799999999999996,0.26415945787922873,0.4799999999999996,0.5,0.5,7.100564377487692e-17,1,0.8872567245475177,3,4,0.11313708498984759
A,0.8200000000000001,0.13,0.5,1.18,0.28830459735945707,0.5070501740253998,0.28830459735945707,0.5070501740253998,0.4166666666666667,0.5,-2.786154407013881e-18,0,1.5207002713268751,3,4,0.10630145812734647
A,0.8200000000000001,0.13999999999999999,0.5,1.18,0.31276543486364217,0.5304000028255291,0.31276543486364217,0.5304000028255291,0.5,0.5833333333333334,-1.0122453247995422e-16,0,0.21693551810976547,3,4,0.09999999999999998
A,0.8200000000000001,0.14999999999999997,0.5,1.18,0.33753850041795314,0.5541138359099674,0.33753850041795314,0.5541138359099674,0.5,0.5833333333333334,-1.540325575903896e-17,0,-0.3682190915826366,3,4,0.09433981132056603
A,0.8200000000000001,0.15999999999999998,0.5,1.18,0.36262013724623315,0.5780959510957097,0.36262013724623315,0.5780959510957097,0.5,0.5833333333333334,-3.933310888801462e-17,1,0.5849943408370428,3,4,0.08944271909999157
A,0.8200000000000001,0.16999999999999998,0.5,1.18,0.3880065146406994,0.6022638500300077,0.3880065146406994,0.6022638500300077,0.4166666666666667,0.5,-6.71986982487426e-17,1,0.7811647901274444,3,4,0.08544003745317529
A,0.8200000000000001,0.17999999999999997,0.5,1.18,0.4136936410632888,0.6265464370748373,0.4136936410632888,0.6265464370748373,0.5,0.4166666666666667,2.380007762078483e-16,1,-0.5849713044639677,3,4,0.08246211251235318
A,0.8200000000000001,0.18999999999999995,0.5,1.18,0.4396773773849381,0.6508824788944608,0.4396773773849381,0.6508824788944608,0.5,0.4166666666666667,2.3974441282223113e-17,0,0.09505171198050731,3,4,0.08062257748298546
A,0.8200000000000001,0.19999999999999996,0.5,1.18,0.46595345017380096,0.6752193134236907,0.46595345017380096,0.6752193134236907,0.5833333333333334,0.5,-1.439376453394467e-18,0,0.29907668995997494,3,4,0.07999999999999996
A,0.8200000000000001,0.20999999999999996,0.5,1.18,0.49251746494809306,0.6995117704770604,0.49251746494809306,0.6995117704770604,0.5,0.4166666666666667,-3.0861381808878956e-17,1,-0.8257745918872217,3,4,0.08062257748298544
A,0.8200000000000001,0.21999999999999995,0.5,1.18,0.5193649193144915,0.72,0.5193649193144915,0.72,0.5,0.5,9.347772932756912e-17,1,0.6752673969969543,3,4,0.08246211251235315
A,0.8200000000000001,0.22999999999999995,0.5,1.18,0.5464912159190035,0.7399999999999999,0.5464912159190035,0.7399999999999999,0.5,0.5,-1.179425148042282e-16,1,0.6155306164562395,3,4,0.08544003745317526
A,0.8200000000000001,0.23999999999999994,0.5,1.18,0.5738916751435332,0.7599999999999996,0.5738916751435332,0.7599999999999996,0.5,0.5,4.955459175918959e-17,0,0.2933356250214744,3,4,0.08944271909999152
A,0.8200000000000001,0.24999999999999992,0.5,1.18,0.6015615474880629,0.7799999999999995,0.6015615474880629,0.7799999999999995,0.5,0.5,1.24042149821052e-16,0,-0.27543251334794616,3,4,0.09433981132056596
A,0.8200000000000001,0.2599999999999999,0.5,1.18,0.6294960255851887,0.7999999999999995,0.6294960255851887,0.7999999999999995,0.5,0.5,5.139401285109243e-17,0,-1.8751040108650654,3,4,0.0999999999999999
A,0.8200000000000001,0.2699999999999999,0.5,1.18,0.6576902558006656,0.8199999999999998,0.6576902558006656,0.8199999999999998,0.5,0.5,2.0222298304560854e-16,1,-0.7945244792985184,3,4,0.1063014581273464
A,0.8200000000000001,0.2799999999999999,0.5,1.18,0.686139349380455,0.8400000000000002,0.686139349380455,0.8400000000000002,0.5,0.5,-9.315055112842272e-17,1,1.3047048359072047,3,4,0.11313708498984751
A,0.8200000000000001,0.2899999999999999,0.5,1.18,0.7148383931114868,0.8599999999999991,0.7148383931114868,0.8599999999999991,0.5,0.5,-1.3591579170925783e-16,1,0.6355911099872649,3,4,0.12041594578792286
A,0.8200000000000001,0.29999999999999993,0.5,1.18,0.743782459469832,0.8799999999999994,0.743782459469832,0.8799999999999994,0.5,0.5,-4.1901543725440504e-17,1,1.4934483672102086,3,4,0.1280624847486569
A,0.8300000000000001,0.1,0.5,1.17,0.2169709347747303,0.3999999999999999,0.2169709347747303,0.3999999999999999,0.5,0.5,-4.4016156154670326e-17,0,-1.527809764212735,3,4,0.12206555615733701
A,0.8300000000000001,0.11,0.5,1.17,0.24050409491105862,0.43999999999999984,0.24050409491105862,0.43999999999999984,0.5,0.5,1.0577169080916299e-16,1,0.5991492626703443,3,4,0.11401754250991378
A,0.8300000000000001,0.12,0.5,1.17,0.26436175424366204,0.47999999999999976,0.26436175424366204,0.47999999999999976,0.5,0.5,-6.272853458475051e-17,0,1.7351635787289343,3,4,0.10630145812734647
A,0.8300000000000001,0.13,0.5,1.17,0.28854077944807444,0.5043352460647269,0.28854077944807444,0.5043352460647269,0.5,0.4166666666666667,4.4333820778632116e-17,0,0.12735724564517195,3,4,0.09899494936611662
A,0.8300000000000001,0.13999999999999999,0.5,1.17,0.3130378215168461,0.5288757859753708,0.3130378215168461,0.5288757859753708,0.5,0.4166666666666667,-1.7813211918407903e-16,0,-0.13553560728295508,3,4,0.09219544457292886
A,0.8300000000000001,0.14999999999999997,0.5,1.17,0.3378493283518429,0.5537599036055537,0.3378493283518429,0.5537599036055537,0.5,0.4166666666666667,-1.5720073296845575e-17,0,0.2406254490558851,3,4,0.08602325267042625
A,0.8300000000000001,0.15999999999999998,0.5,1.17,0.3629715577869084,0.578892116710576,0.3629715577869084,0.578892116710576,0.4166666666666667,0.5,-1.4375905005262152e-17,0,0.41394224341815045,3,4,0.08062257748298547
A,0.8300000000000001,0.16999999999999998,0.5,1.17,0.38840059093879215,0.6041903540969087,0.38840059093879215,0.6041903540969087,0.4166666666666667,0.5,-1.1396811986693674e-16,1,1.3843750719931394,3,4,0.07615773105863904
A,0.8300000000000001,0.17999999999999997,0.5,1.17,0.4141323457861892,0.6295839007234281,0.4141323457861892,0.6295839007234281,0.4166666666666667,0.5,-2.0895548615059433e-16,0,-0.3839678573142526,3,4,0.07280109889280514
A,0.8300000000000001,0.18999999999999995,0.5,1.17,0.44016259087975806,0.6550117131988079,0.44016259087975806,0.6550117131988079,0.4166666666666667,0.5,4.934228897788881e-17,1,0.7246783952404708,3,4,0.07071067811865471
A,0.8300000000000001,0.19999999999999996,0.5,1.17,0.4664869590901456,0.6804210500643668,0.4664869590901456,0.6804210500643668,0.4166666666666667,0.5,9.711203486499575e-18,0,-0.19096781292841145,3,4,0.06999999999999995
A,0.8300000000000001,0.20999999999999996,0.5,1.17,0.4931009613060382,0.7057663612008487,0.4931009613060382,0.7057663612008487,0.5833333333333334,0.5,-2.5425999237370174e-17,1,1.1301670316359722,3,4,0.0707106781186547
A,0.8300000000000001,0.21999999999999995,0.5,1.17,0.519999999999999,0.7310083853092819,0.519999999999999,0.7310083853092819,0.5833333333333334,0.5,1.5341964278705617e-17,1,-0.5258565781795367,3,4,0.07280109889280512
A,0.8300000000000001,0.22999999999999995,0.5,1.17,0.547179382586271,0.7561134108951174,0.547179382586271,0.7561134108951174,0.5,0.5833333333333334,-1.8981577208725367e-16,1,1.49614131033005,3,4,0.07615773105863902
A,0.8300000000000001,0.23999999999999994,0.5,1.17,0.5746343345014783,0.7810526631005625,0.5746343345014783,0.7810526631005625,0.5,0.4166666666666667,-9.957097540735792e-18,0,1.6994807944228296,3,4,0.08062257748298542
A,0.8300000000000001,0.24999999999999992,0.5,1.17,0.6023600119463031,0.8058017854029239,0.6023600119463031,0.8058017854029239,0.4166666666666667,0.5,-5.391176876736519e-17,0,-0.15247259109739303,3,4,0.08602325267042617
A,0.8300000000000001,0.2599999999999999,0.5,1.17,0.6303515142334923,0.8303403913346108,0.6303515142334923,0.8303403913346108,0.4166666666666667,0.5,2.614677681947035e-17,0,-0.35180051602913703,3,4,0.09219544457292876
A,0.8300000000000001,0.2699999999999999,0.5,1.17,0.6586038956948704,0.8546516668748108,0.6586038956948704,0.8546516668748108,0.5833333333333334,0.5,5.371416925247049e-17,0,-0.4358719413489454,3,4,0.09899494936611654
A,0.8300000000000001,0.2799999999999999,0.5,1.17,0.6871121771072832,0.8787220089817508,0.6871121771072832,0.8787220089817508,0.4166666666666667,0.5,1.3835401414523685e-16,1,-0.6803234238337671,3,4,0.10630145812734638
A,0.8300000000000001,0.2899999999999999,0.5,1.17,0.715871356604469,0.9000000000000001,0.715871356604469,0.9000000000000001,0.5,0.5,1.2693380169673701e-16,0,-1.6743506824234877,3,4,0.1140175425099137
A,0.8300000000000001,0.29999999999999993,0.5,1.17,0.7448764200486664,0.9199999999999994,0.7448764200486664,0.9199999999999994,0.5,0.5,2.5557100413608454e-17,0,2.382016043916987,3,4,0.12206555615733694
A,0.8400000000000001,0.1,0.5,1.16,0.2171151175649717,0.39999999999999947,0.2171151175649717,0.39999999999999947,0.5,0.5,3.97772933391043e-17,0,0.4467080542377816,3,4,0.11661903789690599
A,0.8400000000000001,0.11,0.5,1.16,0.2406777714516345,0.4399999999999997,0.2406777714516345,0.4399999999999997,0.5,0.5,-2.9946997189507925e-17,1,0.6377304376310904,3,4,0.10816653826391966
A,0.8400000000000001,0.12,0.5,1.16,0.2645674315968668,0.47668655378072466,0.2645674315968668,0.47668655378072466,0.5,0.4166666666666667,-8.899489264974562e-17,0,0.41446114535500944,3,4,0.09999999999999998
A,0.8400000000000001,0.13,0.5,1.16,0.28878088813708597,0.5019038846854912,0.28878088813708597,0.5019038846854912,0.5833333333333334,0.5,-1.2615643084782702e-16,0,0.046075660711475425,3,4,0.09219544457292884
A,0.8400000000000001,0.13999999999999999,0.5,1.16,0.31331471121410304,0.5275545282671416,0.31331471121410304,0.5275545282671416,0.5,0.5833333333333334,-6.878267494143246e-17,0,0.3196444236128593,3,4,0.08485281374238568
A,0.8400000000000001,0.14999999999999997,0.5,1.16,0.3381652640600118,0.5535282971039218,0.3381652640600118,0.5535282971039218,0.5833333333333334,0.5,1.0798990145214821e-16,0,-0.01677447336753288,3,4,0.07810249675906653
A,0.8400000000000001,0.15999999999999998,0.5,1.16,0.3633287165193047,0.5797311997064207,0.3633287165193047,0.5797311997064207,0.4166666666666667,0.5,2.4038539627013988e-17,0,1.6425821457501655,3,4,0.07211102550927975
A,0.8400000000000001,0.16999999999999998,0.5,1.16,0.38880105890092465,0.6060826510888446,0.38880105890092465,0.6060826510888446,0.5,0.4166666666666667,-9.858690301039163e-17,0,0.27386054583495617,3,4,0.06708203932499365
A,0.8400000000000001,0.17999999999999997,0.5,1.16,0.41457811605511613,0.632513215273931,0.41457811605511613,0.632513215273931,0.5,0.4166666666666667,8.148362138383554e-17,0,-0.23561616910710836,3,4,0.06324555320336754
A,0.8400000000000001,0.18999999999999995,0.5,1.16,0.4406555615733693,0.658962799383808,0.4406555615733693,0.658962799383808,0.4166666666666667,0.5,-3.431255815567741e-17,0,0.3423925628168411,3,4,0.06082762530298215
A,0.8400000000000001,0.19999999999999996,0.5,1.16,0.46702893201423634,0.6853792195695755,0.46702893201423634,0.6853792195695755,0.5,0.4166666666666667,-3.502379717323523e-18,0,-1.5437575897994502,3,4,0.05999999999999994
A,0.8400000000000001,0.20999999999999996,0.5,1.16,0.4936936410632902,0.7117170666200378,0.4936936410632902,0.7117170666200378,0.5,0.5833333333333334,-9.188156739658349e-18,0,0.11889569819449936,3,4,0.060827625302982136
A,0.8400000000000001,0.21999999999999995,0.5,1.16,0.5206449935416649,0.737936808945525,0.5206449935416649,0.737936808945525,0.4166666666666667,0.5,-4.5791550968828574e-17,1,0.9587045366281218,3,4,0.06324555320336751
A,0.8400000000000001,0.22999999999999995,0.5,1.16,0.5478781991845187,0.7640040805223371,0.5478781991845187,0.7640040805223371,0.5833333333333334,0.5,-9.909916551063182e-18,0,-0.06361203071266834,3,4,0.06708203932499361
A,0.8400000000000001,0.23999999999999994,0.5,1.16,0.5753883861180161,0.7898891103975278,0.5753883861180161,0.7898891103975278,0.4166666666666667,0.5,5.0615269173322235e-17,1,1.0250046853727521,3,4,0.0721110255092797
A,0.8400000000000001,0.24999999999999992,0.5,1.16,0.6031706139710493,0.8155662582426624,0.6031706139710493,0.8155662582426624,0.4166666666666667,0.5,2.201618480821128e-18,0,0.21697691425171997,3,4,0.07810249675906644
A,0.8400000000000001,0.2599999999999999,0.5,1.16,0.6312198865656546,0.8410136272528586,0.6312198865656546,0.8410136272528586,0.5,0.5833333333333334,2.881110165890344e-17,0,0.10847327453085033,3,4,0.08485281374238558
A,0.8400000000000001,0.2699999999999999,0.5,1.16,0.659531164137864,0.8662127315589325,0.659531164137864,0.8662127315589325,0.5,0.4166666666666667,-1.495003705499262e-17,1,-2.5685167826784534,3,4,0.09219544457292876
A,0.8400000000000001,0.2799999999999999,0.5,1.16,0.6880993750483679,0.8911482004066649,0.6880993750483679,0.8911482004066649,0.5833333333333334,0.5,2.003456521103677e-16,0,0.2083703060861419,3,4,0.0999999999999999
A,0.8400000000000001,0.2899999999999999,0.5,1.16,0.7169194269498766,0.9158075057745692,0.7169194269498766,0.9158075057745692,0.5833333333333334,0.5,4.122911251771223e-17,0,-0.24629558291776207,3,4,0.10816653826391957
A,0.8400000000000001,0.29999999999999993,0.5,1.16,0.7459862173851595,0.9401807039225621,0.7459862173851595,0.9401807039225621,0.5,0.5833333333333334,2.204203459206592e-17,0,-0.02001518733721341,3,4,0.11661903789690592
A,0.8500000000000001,0.1,0.5,1.15,0.2172617529928742,0.3999999999999999,0.2172617529928742,0.3999999999999999,0.5,0.5,5.6069433334743866e-18,1,-0.9050058244065302,3,4,0.11180339887498945
A,0.8500000000000001,0.11,0.5,1.15,0.2408543888972684,0.43999999999999967,0.2408543888972684,0.43999999999999967,0.5,0.5,-1.879166466076633e-17,1,-0.9532865626214823,3,4,0.10295630140986999
A,0.8500000000000001,0.12,0.5,1.15,0.26477657450257197,0.4734339797324876,0.26477657450257197,0.4734339797324876,0.5833333333333334,0.5,-1.1801595360174055e-16,1,0.8007582117180855,3,4,0.09433981132056601
A,0.8500000000000001,0.13,0.5,1.15,0.28902502093891064,0.4997032299323124,0.28902502093891064,0.4997032299323124,0.5,0.5833333333333334,-7.507142060063314e-17,0,-0.2216560146811734,3,4,0.08602325267042624
A,0.8500000000000001,0.13999999999999999,0.5,1.15,0.3135962149314256,0.5263828971932603,0.3135962149314256,0.5263828971932603,0.5,0.4166666666666667,3.0427764776011285e-18,1,0.8684680920465779,3,4,0.07810249675906653
A,0.8500000000000001,0.14999999999999997,0.5,1.15,0.33848643240047066,0.5533652246845367,0.33848643240047066,0.5533652246845367,0.4166666666666667,0.5,-9.755447973990854e-17,0,-0.28541674611604173,3,4,0.07071067811865474
A,0.8500000000000001,0.15999999999999998,0.5,1.15,0.36369175250564467,0.580558755316837,0.36369175250564467,0.580558755316837,0.5,0.4166666666666667,-5.0717294456098933e-17,0,-0.42034288902356803,3,4,0.06403124237432846
A,0.8500000000000001,0.16999999999999998,0.5,1.15,0.38920807202086455,0.6078852736340431,0.38920807202086455,0.6078852736340431,0.5,0.4166666666666667,1.4953540028076043e-16,1,0.6415052844301119,3,4,0.05830951894845296
A,0.8500000000000001,0.17999999999999997,0.5,1.15,0.41503111993010194,0.6352773841847263,0.41503111993010194,0.6352773841847263,0.5,0.5833333333333334,1.9647750742414317e-17,0,-0.48929075365974145,3,4,0.053851648071344994
A,0.8500000000000001,0.18999999999999995,0.5,1.15,0.44115647213726983,0.662676610805859,0.44115647213726983,0.662676610805859,0.5833333333333334,0.5,4.141004738751585e-17,0,0.018171582388411614,3,4,0.0509901951359278
A,0.8500000000000001,0.19999999999999996,0.5,1.15,0.46757956618859114,0.6900319140571066,0.46757956618859114,0.6900319140571066,0.4166666666666667,0.5,-5.3763216470533657e-17,1,-1.0912654325817046,3,4,0.04999999999999993
A,0.8500000000000001,0.20999999999999996,0.5,1.15,0.4942957159118043,0.7172985400126599,0.4942957159118043,0.7172985400126599,0.5,0.4166666666666667,3.6645637723930584e-17,0,0.09417230061270143,3,4,0.05099019513592777
A,0.8500000000000001,0.21999999999999995,0.5,1.15,0.5213001258832057,0.744437128971812,0.5213001258832057,0.744437128971812,0.4166666666666667,0.5,2.285589624561303e-16,1,-0.9118746461329664,3,4,0.05385164807134495
A,0.8500000000000001,0.22999999999999995,0.5,1.15,0.5485879056409356,0.7714130259774612,0.5485879056409356,0.7714130259774612,0.4166666666666667,0.5,-4.572396883326003e-17,0,0.45479324761757706,3,4,0.05830951894845292
A,0.8500000000000001,0.23999999999999994,0.5,1.15,0.5761540835707268,0.7981957460568109,0.5761540835707268,0.7981957460568109,0.4166666666666667,0.5,2.7568478570633103e-17,1,-1.2272097387578704,3,4,0.06403124237432839
A,0.8500000000000001,0.24999999999999992,0.5,1.15,0.6039936203984438,0.8247585560367513,0.6039936203984438,0.8247585560367513,0.4166666666666667,0.5,3.453669491493038e-17,0,0.17078073169427202,3,4,0.07071067811865464
A,0.8500000000000001,0.2599999999999999,0.5,1.15,0.632101422231984,0.8510781420226983,0.632101422231984,0.8510781420226983,0.4166666666666667,0.5,-1.564666709871098e-16,1,-0.877580328087406,3,4,0.07810249675906641
A,0.8500000000000001,0.2699999999999999,0.5,1.15,0.6604723531033637,0.8771343375626528,0.6604723531033637,0.8771343375626528,0.4166666666666667,0.5,2.909875253042136e-18,1,-1.3950587907367904,3,4,0.08602325267042614
A,0.8500000000000001,0.2799999999999999,0.5,1.15,0.6891012469699169,0.9029098924898658,0.6891012469699169,0.9029098924898658,0.4166666666666667,0.5,-7.346968343794454e-17,1,0.6607953899077655,3,4,0.09433981132056592
A,0.8500000000000001,0.2899999999999999,0.5,1.15,0.7179829191413982,0.9283902667081498,0.7179829191413982,0.9283902667081498,0.5833333333333334,0.5,3.9117538970851016e-17,1,0.9979753505974768,3,4,0.1029563014098699
A,0.8500000000000001,0.29999999999999993,0.5,1.15,0.7471121771072832,0.9535634369279813,0.7471121771072832,0.9535634369279813,0.5,0.4166666666666667,1.0800818160174366e-16,0,-0.2535009567083346,3,4,0.11180339887498938
A,0.8600000000000001,0.1,0.5,1.14,0.21741090369842211,0.4,0.21741090369842211,0.4,0.5,0.5,6.995190236001111e-17,1,-0.8921810545886457,3,4,0.10770329614269006
A,0.8600000000000001,0.11,0.5,1.14,0.24103402189599896,0.43999999999999995,0.24103402189599896,0.43999999999999995,0.5,0.5,8.14112790977143e-18,1,0.8059665339152122,3,4,0.09848857801796103
A,0.8600000000000001,0.12,0.5,1.14,0.26498927033685543,0.47044460250208403,0.26498927033685543,0.47044460250208403,0.4166666666666667,0.5,-3.4662837368069578e-18,1,0.5881009489035787,3,4,0.08944271909999157
A,0.8600000000000001,0.13,0.5,1.14,0.2892732785794764,0.49768652188571594,0.2892732785794764,0.49768652188571594,0.5,0.4166666666666667,8.620752670893504e-18,0,0.2748146116125148,3,4,0.08062257748298546
A,0.8600000000000001,0.13999999999999999,0.5,1.14,0.31388244726633435,0.5253149241875074,0.31388244726633435,0.5253149241875074,0.5,0.4166666666666667,7.342244786528163e-17,0,0.1915342493878555,3,4,0.07211102550927977
A,0.8600000000000001,0.14999999999999997,0.5,1.14,0.3388129622633089,0.5532255023185852,0.3388129622633089,0.5532255023185852,0.5,0.4166666666666667,3.780711447433091e-17,1,1.339276327332087,3,4,0.06403124237432847
A,0.8600000000000001,0.15999999999999998,0.5,1.14,0.36406080924925366,0.5813301635541547,0.36406080924925366,0.5813301635541547,0.5,0.4166666666666667,-8.61321166104419e-17,0,-0.41031144257415214,3,4,0.056568542494923775
A,0.8600000000000001,0.16999999999999998,0.5,1.14,0.38962178863704355,0.6095537603345109,0.38962178863704355,0.6095537603345109,0.4166666666666667,0.5,-2.0861203857976027e-17,1,0.8987967952943653,3,4,0.049999999999999954
A,0.8600000000000001,0.17999999999999997,0.5,1.14,0.4154915307102752,0.6378315474196558,0.4154915307102752,0.6378315474196558,0.5833333333333334,0.5,-9.676633719807502e-17,1,-0.7976578415236549,3,4,0.044721359549995746
A,0.8600000000000001,0.18999999999999995,0.5,1.14,0.44166551086398376,0.6661072156554684,0.44166551086398376,0.6661072156554684,0.5833333333333334,0.5,-7.835110564808465e-18,0,-0.4104736849868976,3,4,0.04123105625617655
A,0.8600000000000001,0.19999999999999996,0.5,1.14,0.4681390648431155,0.6943313784995231,0.4681390648431155,0.6943313784995231,0.5,0.5833333333333334,-1.692162370444383e-17,1,0.7588129956772048,3,4,0.039999999999999925
A,0.8600000000000001,0.20999999999999996,0.5,1.14,0.49490740387899346,0.7224604119712931,0.49490740387899346,0.7224604119712931,0.5,0.4166666666666667,2.066790499981934e-17,0,-0.021477451618225764,3,4,0.04123105625617652
A,0.8600000000000001,0.21999999999999995,0.5,1.14,0.5219656296312096,0.7504555694636414,0.5219656296312096,0.7504555694636414,0.5,0.4166666666666667,-9.296575284890572e-17,1,-0.6377317575407224,3,4,0.0447213595499957
A,0.8600000000000001,0.22999999999999995,0.5,1.14,0.5493087488503439,0.7782823094939523,0.5493087488503439,0.7782823094939523,0.5,0.4166666666666667,1.0738437985116556e-17,1,1.4383545041256662,3,4,0.049999999999999906
A,0.8600000000000001,0.23999999999999994,0.5,1.14,0.5769316876852971,0.8059097874076145,0.5769316876852971,0.8059097874076145,0.5833333333333334,0.5,3.6112986851899116e-17,0,-0.1806465442992901,3,4,0.05656854249492369
A,0.8600000000000001,0.24999999999999992,0.5,1.14,0.6048293055676336,0.833310471956338,0.6048293055676336,0.833310471956338,0.5,0.4166666666666667,1.4835496750969594e-16,0,0.28567123924210364,3,4,0.06403124237432836
A,0.8600000000000001,0.2599999999999999,0.5,1.14,0.6329964086141658,0.8604598552564826,0.6329964086141658,0.8604598552564826,0.5833333333333334,0.5,-2.660241862619666e-17,0,0.2905729626298669,3,4,0.07211102550927966
A,0.8600000000000001,0.2699999999999999,0.5,1.14,0.6614277624977167,0.887336230505775,0.6614277624977167,0.887336230505775,0.5,0.4166666666666667,1.737546784869267e-16,0,0.33062070575242186,3,4,0.08062257748298537
A,0.8600000000000001,0.2799999999999999,0.5,1.14,0.6901181047445941,0.9139205165061423,0.6901181047445941,0.9139205165061423,0.5833333333333334,0.5,-4.1300414829297994e-17,1,-0.9890772541951903,3,4,0.08944271909999146
A,0.8600000000000001,0.2899999999999999,0.5,1.14,0.7190621564255575,0.9401961118972333,0.7190621564255575,0.9401961118972333,0.5833333333333334,0.5,-5.485085837865797e-17,1,-1.1736031665724598,3,4,0.09848857801796093
A,0.8600000000000001,0.29999999999999993,0.5,1.14,0.7482546332150306,0.9661487653323757,0.7482546332150306,0.9661487653323757,0.5,0.4166666666666667,9.937248550035804e-17,1,0.789066565154216,3,4,0.10770329614268997
A,0.8700000000000001,0.1,0.5,1.13,0.2175626344561756,0.3999999999999998,0.2175626344561756,0.3999999999999998,0.5,0.5,-1.9338039803996198e-16,0,-0.14305573566442215,3,4,0.10440306508910548
A,0.8700000000000001,0.11,0.5,1.13,0.24121674761966438,0.43999999999999984,0.24121674761966438,0.43999999999999984,0.5,0.5,-3.991526958045602e-17,0,-0.05137897709232953,3,4,0.09486832980505136
A,0.8700000000000001,0.12,0.5,1.13,0.26520560940466276,0.4676757723050643,0.26520560940466276,0.4676757723050643,0.4166666666666667,0.5,3.694666125854096e-17,0,-0.07168074976493324,3,4,0.0854400374531753
A,0.8700000000000001,0.13,0.5,1.13,0.28952576512986505,0.4958126995704616,0.28952576512986505,0.4958126995704616,0.4166666666666667,0.5,9.379380065995546e-18,0,-0.16552800376923021,3,4,0.07615773105863906
A,0.8700000000000001,0.13999999999999999,0.5,1.13,0.31417352658441683,0.5243113524840657,0.31417352658441683,0.5243113524840657,0.4166666666666667,0.5,9.276446995903358e-17,0,0.22247953588149724,3,4,0.06708203932499368
A,0.8700000000000001,0.14999999999999997,0.5,1.13,0.3391449867317557,0.5530716653832853,0.3391449867317557,0.5530716653832853,0.5833333333333334,0.5,-1.0972447735109138e-17,0,0.30911438914460326,3,4,0.058309518948453
A,0.8700000000000001,0.15999999999999998,0.5,1.13,0.36443603486950216,0.5820095337973035,0.36443603486950216,0.5820095337973035,0.5,0.4166666666666667,-1.1730524590301292e-16,0,-0.2734658661177067,3,4,0.049999999999999975
A,0.8700000000000001,0.16999999999999998,0.5,1.13,0.3900423721205937,0.6110533952762958,0.3900423721205937,0.6110533952762958,0.5,0.4166666666666667,2.5786622818461493e-17,1,-1.4274522956939821,3,4,0.04242640687119281
A,0.8700000000000001,0.17999999999999997,0.5,1.13,0.4159595271340407,0.6401416098048589,0.4159595271340407,0.6401416098048589,0.4166666666666667,0.5,-2.8115344858482047e-17,1,-1.408768276927225,3,4,0.03605551275463985
A,0.8700000000000001,0.18999999999999995,0.5,1.13,0.44218287187830313,0.6692204584195683,0.44218287187830313,0.6692204584195683,0.5833333333333334,0.5,-6.270486037474901e-18,0,-0.31024971837864074,3,4,0.031622776601683736
A,0.8700000000000001,0.19999999999999996,0.5,1.13,0.4687076374162288,0.6982426176615448,0.4687076374162288,0.6982426176615448,0.5,0.5833333333333334,2.002513411989842e-17,0,-1.6207563828659532,3,4,0.029999999999999916
A,0.8700000000000001,0.20999999999999996,0.5,1.13,0.4955289295574776,0.7271660001969447,0.4955289295574776,0.7271660001969447,0.5,0.4166666666666667,1.4841065356481836e-18,0,-0.31011112015857195,3,4,0.0316227766016837
A,0.8700000000000001,0.21999999999999995,0.5,1.13,0.5226417442921873,0.7559528777288014,0.5226417442921873,0.7559528777288014,0.5833333333333334,0.5,9.975624537764777e-17,1,0.9704219274573327,3,4,0.036055512754639786
A,0.8700000000000001,0.22999999999999995,0.5,1.13,0.5500409829181961,0.7845692219782042,0.5500409829181961,0.7845692219782042,0.5833333333333334,0.5,-5.083812800638997e-19,1,-1.2443852232091424,3,4,0.04242640687119275
A,0.8700000000000001,0.23999999999999994,0.5,1.13,0.5777214667830803,0.8129842141853071,0.5777214667830803,0.8129842141853071,0.4166666666666667,0.5,-6.437735717961092e-17,1,-1.3977386494457753,3,4,0.04999999999999989
A,0.8700000000000001,0.24999999999999992,0.5,1.13,0.6056779515715236,0.8411698844003883,0.6056779515715236,0.8411698844003883,0.5833333333333334,0.5,-2.4820726955270785e-17,1,-0.7981794306217507,3,4,0.05830951894845288
A,0.8700000000000001,0.2599999999999999,0.5,1.13,0.6339051410778861,0.8691008497725043,0.6339051410778861,0.8691008497725043,0.5,0.4166666666666667,1.1033862522172386e-17,1,0.5726076413854158,3,4,0.06708203932499356
A,0.8700000000000001,0.2699999999999999,0.5,1.13,0.6623977004130903,0.896754126886992,0.6623977004130903,0.896754126886992,0.5,0.5833333333333334,1.6443913956223488e-16,0,-0.4973510576829518,3,4,0.07615773105863895
A,0.8700000000000001,0.2799999999999999,0.5,1.13,0.6911502686040222,0.9241089975763704,0.6911502686040222,0.9241089975763704,0.5833333333333334,0.5,9.166945037288855e-17,0,-0.16792499696984112,3,4,0.08544003745317519
A,0.8700000000000001,0.2899999999999999,0.5,1.13,0.7201574705523717,0.9511469110158376,0.7201574705523717,0.9511469110158376,0.5,0.4166666666666667,1.4766927149450983e-16,0,-0.21421169080048644,3,4,0.09486832980505128
A,0.8700000000000001,0.29999999999999993,0.5,1.13,0.7494139283281229,0.9778514076808207,0.7494139283281229,0.9778514076808207,0.4166666666666667,0.5,-6.346044794059922e-17,1,1.0797915030522092,3,4,0.1044030650891054
A,0.8800000000000001,0.1,0.5,1.1199999999999999,0.2177170122662306,0.3999999999999997,0.2177170122662306,0.3999999999999997,0.5,0.5,1.6646071743210848e-16,0,0.17782121586992214,3,4,0.10198039027185568
A,0.8800000000000001,0.11,0.5,1.1199999999999999,0.24140264587042132,0.43658435750391295,0.24140264587042132,0.43658435750391295,0.5,0.4166666666666667,1.3179397180706255e-16,0,-0.2085155963681115,3,4,0.09219544457292886
A,0.8800000000000001,0.12,0.5,1.1199999999999999,0.265425685062107,0.46508921053439,0.265425685062107,0.46508921053439,0.5833333333333334,0.5,-8.838532817634883e-17,0,-0.34486121262200387,3,4,0.0824621125123532
A,0.8800000000000001,0.13,0.5,1.1199999999999999,0.2897825881443844,0.49404584830222054,0.2897825881443844,0.49404584830222054,0.5,0.4166666666666667,1.422416749718358e-16,0,0.2637445236118822,3,4,0.07280109889280516
A,0.8800000000000001,0.13999999999999999,0.5,1.1199999999999999,0.3144695751729439,0.5233388324674386,0.3144695751729439,0.5233388324674386,0.5,0.5833333333333334,-6.258886178091338e-17,1,-0.9121818120777984,3,4,0.06324555320336758
A,0.8800000000000001,0.14999999999999997,0.5,1.1199999999999999,0.339482643250859,0.5528729207118871,0.339482643250859,0.5528729207118871,0.5,0.5833333333333334,-8.315440942830268e-18,1,1.085169439253051,3,4,0.05385164807134505
A,0.8800000000000001,0.15999999999999998,0.5,1.1199999999999999,0.36481758228488237,0.582568432179418,0.36481758228488237,0.582568432179418,0.5,0.4166666666666667,2.4527459900257188e-17,1,-0.5930874173136742,3,4,0.04472135954999579
A,0.8800000000000001,0.16999999999999998,0.5,1.1199999999999999,0.39046999107196106,0.6123577392320441,0.39046999107196106,0.6123577392320441,0.5833333333333334,0.5,1.4331206853633693e-16,0,-0.31998725631136526,3,4,0.03605551275463986
A,0.8800000000000001,0.17999999999999997,0.5,1.1199999999999999,0.4164352935882184,0.6421826145853976,0.4164352935882184,0.6421826145853976,0.5833333333333334,0.5,3.672491604448926e-17,0,-0.3103996334261198,3,4,0.028284271247461867
A,0.8800000000000001,0.18999999999999995,0.5,1.1199999999999999,0.44270875535780074,0.6719922245546027,0.44270875535780074,0.6719922245546027,0.5833333333333334,0.5,-9.376357624656407e-17,1,1.4630532223923947,3,4,0.02236067977499784
A,0.8800000000000001,0.19999999999999996,0.5,1.1199999999999999,0.46928549978547957,0.701741610587502,0.46928549978547957,0.701741610587502,0.5,0.4166666666666667,-1.8904635804924307e-17,1,0.8723257737596984,3,4,0.019999999999999907
A,0.8800000000000001,0.20999999999999996,0.5,1.1199999999999999,0.49616052434445357,0.731390541362741,0.49616052434445357,0.731390541362741,0.4166666666666667,0.5,9.108111025243262e-17,1,-0.7343939637373285,3,4,0.022360679774997793
A,0.8800000000000001,0.21999999999999995,0.5,1.1199999999999999,0.5233287165193043,0.7609026478859129,0.5233287165193043,0.7609026478859129,0.5,0.5833333333333334,-3.311166921799793e-17,0,-1.8474249309805093,3,4,0.02828427124746179
A,0.8800000000000001,0.22999999999999995,0.5,1.1199999999999999,0.5507848694132236,0.7902447762277907,0.5507848694132236,0.7902447762277907,0.5,0.4166666666666667,2.4620695079963244e-17,0,-0.3224430429284303,3,4,0.03605551275463979
A,0.8800000000000001,0.23999999999999994,0.5,1.1199999999999999,0.5785236969382238,0.819386508692435,0.5785236969382238,0.819386508692435,0.4166666666666667,0.5,5.002326571825865e-19,0,-0.3673481874324651,3,4,0.04472135954999568
A,0.8800000000000001,0.24999999999999992,0.5,1.1199999999999999,0.6065398485169567,0.8482998158255156,0.6065398485169567,0.8482998158255156,0.4166666666666667,0.5,8.135234796358702e-17,1,0.5262522397725781,3,4,0.05385164807134492
A,0.8800000000000001,0.2599999999999999,0.5,1.1199999999999999,0.6348279232346496,0.8769588099783512,0.6348279232346496,0.8769588099783512,0.5833333333333334,0.5,-5.286392843532865e-18,1,1.2427952574190972,3,4,0.06324555320336744
A,0.8800000000000001,0.2699999999999999,0.5,1.1199999999999999,0.6633824833895633,0.905339577048135,0.6633824833895633,0.905339577048135,0.5833333333333334,0.5,-1.3134063976694612e-16,0,-0.08023536595380024,3,4,0.07280109889280506
A,0.8800000000000001,0.2799999999999999,0.5,1.1199999999999999,0.6921980673998811,0.9298032710958082,0.6921980673998811,0.9298032710958082,0.5,0.3333333333333333,-8.167266422317168e-17,1,-1.087042484809104,3,4,0.0824621125123531
A,0.8800000000000001,0.2899999999999999,0.5,1.1199999999999999,0.721269202034204,0.9506929356026128,0.721269202034204,0.9506929356026128,0.5,0.3333333333333333,8.051021534026342e-17,0,0.4311281318802407,3,4,0.09219544457292876
A,0.8800000000000001,0.29999999999999993,0.5,1.1199999999999999,0.7505904139414865,0.971565072784473,0.7505904139414865,0.971565072784473,0.5,0.6666666666666666,-5.654248868667326e-17,1,1.469784160091825,3,4,0.1019803902718556
A,0.8900000000000001,0.1,0.5,1.1099999999999999,0.2178741064498281,0.3999999999999995,0.2178741064498281,0.3999999999999995,0.5,0.5,-1.5698180308293193e-18,0,0.46749886464130447,3,4,0.10049875621120889
A,0.8900000000000001,0.11,0.5,1.1099999999999999,0.24159179919262297,0.4333669851963148,0.24159179919262297,0.4333669851963148,0.5,0.4166666666666667,-3.462522260070319e-17,0,-0.03740116694605903,3,4,0.09055385138137416
A,0.8900000000000001,0.12,0.5,1.1099999999999999,0.2656495938448616,0.4626506051551432,0.2656495938448616,0.4626506051551432,0.5833333333333334,0.5,-2.788587799938313e-17,0,-0.48822459389927086,3,4,0.0806225774829855
A,0.8900000000000001,0.13,0.5,1.1099999999999999,0.29004385880544026,0.49235456004306766,0.29004385880544026,0.49235456004306766,0.5833333333333334,0.5,-1.7886531569891656e-17,0,0.4930363906863533,3,4,0.07071067811865474
A,0.8900000000000001,0.13999999999999999,0.5,1.1099999999999999,0.3147707194019236,0.5223690440338955,0.3147707194019236,0.5223690440338955,0.5,0.4166666666666667,1.496593671739694e-17,0,1.5424835364364131,3,4,0.060827625302982205
A,0.8900000000000001,0.14999999999999997,0.5,1.1099999999999999,0.3398260738042076,0.5526040342744207,0.3398260738042076,0.5526040342744207,0.5,0.4166666666666667,-3.90051003573046e-17,1,1.288200782953071,3,4,0.050990195135927875
A,0.8900000000000001,0.15999999999999998,0.5,1.1099999999999999,0.3652056094046625,0.5829845437419221,0.3652056094046625,0.5829845437419221,0.5,0.5833333333333334,5.4769721086080764e-17,1,-0.914857672335877,3,4,0.04123105625617662
A,0.8900000000000001,0.16999999999999998,0.5,1.1099999999999999,0.3909048195265614,0.6134470817182088,0.3909048195265614,0.6134470817182088,0.5,0.4166666666666667,-1.2624187212258275e-17,0,-0.39414308987772684,3,4,0.031622776601683784
A,0.8900000000000001,0.17999999999999997,0.5,1.1099999999999999,0.41691902032660333,0.6439370080965613,0.41691902032660333,0.6439370080965613,0.4166666666666667,0.5,-2.1574055818098502e-17,0,-0.3862829493051603,3,4,0.022360679774997894
A,0.8900000000000001,0.18999999999999995,0.5,1.1099999999999999,0.4432433677630566,0.674406548992694,0.4432433677630566,0.674406548992694,0.4166666666666667,0.5,2.2189005392593316e-17,0,-0.19408964410766189,3,4,0.014142135623730925
A,0.8900000000000001,0.19999999999999996,0.5,1.1099999999999999,0.469872874508095,0.7048133037646602,0.469872874508095,0.7048133037646602,0.5,0.4166666666666667,9.512726649417108e-17,0,0.0364533851284867,3,4,0.009999999999999898
A,0.8900000000000001,0.20999999999999996,0.5,1.1099999999999999,0.49680242669114794,0.7351191199641738,0.49680242669114794,0.7351191199641738,0.5,0.4166666666666667,4.146469217315459e-17,0,0.13712539809008573,3,4,0.014142135623730845
A,0.8900000000000001,0.21999999999999995,0.5,1.1099999999999999,0.5240268003692378,0.7652892464454721,0.5240268003692378,0.7652892464454721,0.5833333333333334,0.5,8.74680190764008e-17,1,2.6745140047088625,3,4,0.022360679774997793
A,0.8900000000000001,0.22999999999999995,0.5,1.1099999999999999,0.5515406776301827,0.7952916990611045,0.5515406776301827,0.7952916990611045,0.4166666666666667,0.5,4.7764752455582964e-17,1,1.494968991523575,3,4,0.03162277660168371
A,0.8900000000000001,0.23999999999999994,0.5,1.1099999999999999,0.5793386622447816,0.8250967906390928,0.5793386622447816,0.8250967906390928,0.5,0.5833333333333334,-2.7536557857253115e-19,1,-0.647296292245738,3,4,0.041231056256176506
A,0.8900000000000001,0.24999999999999992,0.5,1.1099999999999999,0.6074152947946718,0.8546767891844507,0.6074152947946718,0.8546767891844507,0.4166666666666667,0.5,3.1837399842604614e-17,1,1.2381192351695816,3,4,0.050990195135927736
A,0.8900000000000001,0.2599999999999999,0.5,1.1099999999999999,0.6357650672131254,0.8764854183186428,0.6357650672131254,0.8764854183186428,0.6666666666666666,0.5,-5.228157721006772e-17,1,0.7989029290402908,3,4,0.060827625302982066
A,0.8900000000000001,0.2699999999999999,0.5,1.1099999999999999,0.664382436686457,0.8976736646361954,0.664382436686457,0.8976736646361954,0.5,0.3333333333333333,1.8635640054450135e-16,1,-0.8441859625703801,3,4,0.07071067811865464
A,0.8900000000000001,0.2799999999999999,0.5,1.1099999999999999,0.6932618388738538,0.918886885994826,0.6932618388738538,0.918886885994826,0.5,0.3333333333333333,1.5820522376039771e-16,0,-0.11889182983701393,3,4,0.08062257748298539
A,0.8900000000000001,0.2899999999999999,0.5,1.1099999999999999,0.7223977004130899,0.9400966482725998,0.7223977004130899,0.9400966482725998,0.3333333333333333,0.5,3.1457009632547135e-17,1,-0.5469814395769798,3,4,0.09055385138137408
A,0.8900000000000001,0.29999999999999993,0.5,1.1099999999999999,0.7517844506887852,0.9612764044023518,0.7517844506887852,0.9612764044023518,0.6666666666666666,0.5,5.584178207384581e-17,1,0.975088907862037,3,4,0.10049875621120881
A,0.9000000000000001,0.1,0.5,1.0999999999999999,0.21803398874989383,0.39999999999999997,0.21803398874989383,0.39999999999999997,0.5,0.5,1.200814190895786e-17,1,0.6759769209555334,3,4,0.1
A,0.9000000000000001,0.11,0.5,1.0999999999999999,0.24178429299041182,0.43033522520162154,0.24178429299041182,0.43033522520162154,0.5,0.4166666666666667,1.1165673005616218e-16,1,-1.3896676220217377,3,4,0.09000000000000001
A,0.9000000000000001,0.12,0.5,1.0999999999999999,0.2658774356030049,0.4603291459244555,0.2658774356030049,0.4603291459244555,0.5,0.4166666666666667,8.553793248469665e-17,0,0.2820667984000184,3,4,0.08000000000000002
A,0.9000000000000001,0.13,0.5,1.0999999999999999,0.29030969207558266,0.49071125778402364,0.29030969207558266,0.49071125778402364,0.4166666666666667,0.5,9.122826128375062e-18,0,-0.022994223277689966,3,4,0.07
A,0.9000000000000001,0.13999999999999999,0.5,1.0999999999999999,0.3150770898930162,0.521377806852684,0.3150770898930162,0.521377806852684,0.4166666666666667,0.5,9.842015534455188e-17,1,-1.2194584339967722,3,4,0.060000000000000026
A,0.9000000000000001,0.14999999999999997,0.5,1.0999999999999999,0.3401754250991376,0.5522442266666607,0.3401754250991376,0.5522442266666607,0.5,0.4166666666666667,8.162695635843037e-17,0,-0.17707352357525594,3,4,0.050000000000000044
A,0.9000000000000001,0.15999999999999998,0.5,1.0999999999999999,0.36560027932957484,0.5832403548413378,0.36560027932957484,0.5832403548413378,0.4166666666666667,0.5,-7.759357080040627e-17,1,0.8365143182722233,3,4,0.040000000000000036
A,0.9000000000000001,0.16999999999999998,0.5,1.0999999999999999,0.3913470371699394,0.61430691497171,0.3913470371699394,0.61430691497171,0.4166666666666667,0.5,-5.788767179783747e-17,1,-0.9423594441186021,3,4,0.030000000000000027
A,0.9000000000000001,0.17999999999999997,0.5,1.0999999999999999,0.41741090369842254,0.6453929142041929,0.41741090369842254,0.6453929142041929,0.4166666666666667,0.5,3.416686048015576e-17,0,0.21838374453790896,3,4,0.020000000000000046
A,0.9000000000000001,0.18999999999999995,0.5,1.0999999999999999,0.44378692207809156,0.6764537058559771,0.44378692207809156,0.6764537058559771,0.5833333333333334,0.5,1.3915458989121326e-16,1,-0.6870231261372204,3,4,0.010000000000000064
A,0.9000000000000001,0.19999999999999996,0.5,1.0999999999999999,0.47046999107196097,0.7074495386402917,0.47046999107196097,0.7074495386402917,0.4166666666666667,0.5,1.8895567809049636e-16,1,-0.8620313871375301,3,4,1.2412670766236366e-16
A,0.9000000000000001,0.20999999999999996,0.5,1.0999999999999999,0.4974548823628012,0.7383444655386113,0.4974548823628012,0.7383444655386113,0.4166666666666667,0.5,-1.0650514155310228e-17,1,-1.2133311017759214,3,4,0.009999999999999953
A,0.9000000000000001,0.21999999999999995,0.5,1.0999999999999999,0.5247362575695902,0.7691055217194327,0.5247362575695902,0.7691055217194327,0.4166666666666667,0.5,-1.302451523587584e-16,1,-0.877526488342163,3,4,0.019999999999999934
A,0.9000000000000001,0.22999999999999995,0.5,1.0999999999999999,0.5523086848631085,0.799702106489214,0.5523086848631085,0.799702106489214,0.4166666666666667,0.5,-1.4306879057278723e-17,1,0.7896686425910568,3,4,0.029999999999999943
A,0.9000000000000001,0.23999999999999994,0.5,1.0999999999999999,0.5801666550941991,0.8219505623821768,0.5801666550941991,0.8219505623821768,0.6666666666666666,0.5,-5.499217553648749e-18,1,1.245329650758556,3,4,0.039999999999999925
A,0.9000000000000001,0.24999999999999992,0.5,1.0999999999999999,0.6083045973594559,0.8433416864684817,0.6083045973594559,0.8433416864684817,0.5,0.6666666666666666,-6.883597143623538e-18,1,-0.7538590698110111,3,4,0.049999999999999906
A,0.9000000000000001,0.2599999999999999,0.5,1.0999999999999999,0.6367168939404086,0.8648058428890003,0.6367168939404086,0.8648058428890003,0.5,0.6666666666666666,-3.6676640848379554e-17,1,0.5877773324397634,3,4,0.05999999999999989
A,0.9000000000000001,0.2699999999999999,0.5,1.0999999999999999,0.66539789456323,0.88631087763745,0.66539789456323,0.88631087763745,0.5,0.3333333333333333,-8.913229290224461e-17,0,-0.3527135586594185,3,4,0.0699999999999999
A,0.9000000000000001,0.2799999999999999,0.5,1.0999999999999999,0.694341929936755,0.9078269308547902,0.694341929936755,0.9078269308547902,0.5,0.6666666666666666,-3.1867885194110275e-17,0,-0.3234055826092811,3,4,0.0799999999999999
A,0.9000000000000001,0.2899999999999999,0.5,1.0999999999999999,0.7235433245367837,0.9253605867401468,0.7235433245367837,0.9253605867401468,0.75,0.5,-6.26030389430779e-17,0,0.25670924042218335,3,4,0.08999999999999991
A,0.9000000000000001,0.29999999999999993,0.5,1.0999999999999999,0.7529964086141661,0.9394127154511133,0.7529964086141661,0.9394127154511133,0.16666666666666666,0.5,-5.833259055912232e-17,0,2.4796673197016506,3,4,0.09999999999999992
A,0.9100000000000001,0.1,0.5,1.0899999999999999,0.2181967334368019,0.3972974684500281,0.2181967334368019,0.3972974684500281,0.5,0.4166666666666667,6.740666212259114e-17,1,-0.7053741493890547,3,4,0.10049875621120892
A,0.9100000000000001,0.11,0.5,1.0899999999999999,0.2419802156513386,0.4274581937778248,0.2419802156513386,0.4274581937778248,0.5,0.4166666666666667,9.18581841036211e-17,1,-0.8001925613188168,3,4,0.09055385138137419
A,0.9100000000000001,0.12,0.5,1.0899999999999999,0.266109313642708,0.4580970317018698,0.266109313642708,0.4580970317018698,0.4166666666666667,0.5,4.157354857357646e-17,0,-0.05383942661412164,3,4,0.08062257748298553
A,0.9100000000000001,0.13,0.5,1.0899999999999999,0.2905802068571439,0.48909152078734514,0.2905802068571439,0.48909152078734514,0.5833333333333334,0.5,-1.2191050503638786e-16,1,1.154418340271015,3,4,0.07071067811865478
A,0.9100000000000001,0.13999999999999999,0.5,1.0899999999999999,0.3153888216967499,0.5203442205111225,0.3153888216967499,0.5203442205111225,0.5,0.5833333333333334,-7.955018500927669e-17,1,-0.6008540751916674,3,4,0.06082762530298224
A,0.9100000000000001,0.14999999999999997,0.5,1.0899999999999999,0.3405308487608804,0.5517761250557108,0.3405308487608804,0.5517761250557108,0.4166666666666667,0.5,-2.1536505016627686e-17,0,-0.25122212009535017,3,4,0.05099019513592792
A,0.9100000000000001,0.15999999999999998,0.5,1.0899999999999999,0.36600176056201517,0.5833219134876302,0.36600176056201517,0.5833219134876302,0.5,0.5833333333333334,5.499522725684833e-17,1,0.9056505201113871,3,4,0.04123105625617667
A,0.9100000000000001,0.16999999999999998,0.5,1.0899999999999999,0.3917968295629477,0.614926499561008,0.3917968295629477,0.614926499561008,0.4166666666666667,0.5,2.518938450357602e-17,0,0.32464481717723503,3,4,0.031622776601683854
A,0.9100000000000001,0.17999999999999997,0.5,1.0899999999999999,0.4179111463872101,0.6465425035706931,0.4179111463872101,0.6465425035706931,0.5833333333333334,0.5,-9.800153526643264e-18,1,0.863565306280435,3,4,0.02236067977499799
A,0.9100000000000001,0.18999999999999995,0.5,1.0899999999999999,0.44433963806151827,0.6781283829215456,0.44433963806151827,0.6781283829215456,0.5833333333333334,0.5,-3.606816650359901e-17,0,-0.0794061710060712,3,4,0.01414213562373108
A,0.9100000000000001,0.19999999999999996,0.5,1.0899999999999999,0.47107708615750343,0.7096470379321743,0.47107708615750343,0.7096470379321743,0.5,0.5833333333333334,8.888646610976892e-18,1,1.3691557344407737,3,4,0.01000000000000012
A,0.9100000000000001,0.20999999999999996,0.5,1.0899999999999999,0.4981181447096862,0.7410647646200323,0.4981181447096862,0.7410647646200323,0.5833333333333334,0.5,1.8357478685555736e-16,1,-0.9821686870032474,3,4,0.014142135623731003
A,0.9100000000000001,0.21999999999999995,0.5,1.0899999999999999,0.52545735779738,0.7664434278225796,0.52545735779738,0.7664434278225796,0.3333333333333333,0.5,1.1287574398156326e-16,1,-1.2235208016307468,3,4,0.022360679774997894
A,0.9100000000000001,0.22999999999999995,0.5,1.0899999999999999,0.5530891766895676,0.7879325282048105,0.5530891766895676,0.7879325282048105,0.3333333333333333,0.5,-9.270587119639244e-17,1,0.8760006758904125,3,4,0.03162277660168378
A,0.9100000000000001,0.23999999999999994,0.5,1.0899999999999999,0.5810079764636332,0.8095496163767913,0.5810079764636332,0.8095496163767913,0.3333333333333333,0.5,7.725748854739951e-17,1,-0.8793218065221857,3,4,0.04123105625617656
A,0.9100000000000001,0.24999999999999992,0.5,1.0899999999999999,0.6092080720208626,0.8312578699455926,0.6092080720208626,0.8312578699455926,0.6666666666666666,0.5,-1.023217082312985e-16,0,0.48129399834559716,3,4,0.05099019513592778
A,0.9100000000000001,0.2599999999999999,0.5,1.0899999999999999,0.6376837334335499,0.8530233168597008,0.6376837334335499,0.8530233168597008,0.5,0.3333333333333333,2.3627710646726635e-17,0,-0.23787070358702667,3,4,0.06082762530298211
A,0.9100000000000001,0.2699999999999999,0.5,1.0899999999999999,0.6664292005702586,0.870558813606782,0.6664292005702586,0.870558813606782,0.75,0.5,7.389170992607577e-17,0,-0.05608506396723765,3,4,0.07071067811865467
A,0.9100000000000001,0.2799999999999999,0.5,1.0899999999999999,0.6954386969571336,0.8844280990872635,0.6954386969571336,0.8844280990872635,0.16666666666666666,0.5,9.830455394249351e-18,1,0.9755185868414228,3,4,0.08062257748298542
A,0.9100000000000001,0.2899999999999999,0.5,1.0899999999999999,0.7247064428438033,0.8939292117329243,0.7247064428438033,0.8939292117329243,0.0,0.5,-5.539487246302765e-17,0,-0.3963266982532841,3,4,0.09055385138137409
A,0.9100000000000001,0.29999999999999993,0.5,1.0899999999999999,0.754226667452518,0.9034494363416385,0.754226667452518,0.9034494363416385,1.0,0.5,-1.987967431917455e-18,1,-1.058147311600547,3,4,0.10049875621120884
A,0.9200000000000002,0.1,0.5,1.0799999999999998,0.21836241741967793,0.39392403260277503,0.21836241741967793,0.39392403260277503,0.5,0.4166666666666667,3.954654298375826e-17,1,-1.187514576934147,3,4,0.10198039027185572
A,0.9200000000000002,0.11,0.5,1.0799999999999998,0.24217965867638816,0.4247074732424805,0.24217965867638816,0.4247074732424805,0.4166666666666667,0.5,-6.265967545957374e-17,1,0.5631584247580579,3,4,0.09219544457292891
A,0.9200000000000002,0.12,0.5,1.0799999999999998,0.26634533487514583,0.4559289727957876,0.26634533487514583,0.4559289727957876,0.5,0.4166666666666667,3.828593767887072e-17,0,0.4953519454992945,3,4,0.08246211251235326
A,0.9200000000000002,0.13,0.5,1.0799999999999998,0.29085552615990473,0.4874734345183073,0.29085552615990473,0.4874734345183073,0.4166666666666667,0.5,2.2431674967725645e-16,0,-0.4002859802426425,3,4,0.07280109889280523
A,0.9200000000000002,0.13999999999999999,0.5,1.0799999999999998,0.31570605447850714,0.5192498596456713,0.31570605447850714,0.5192498596456713,0.4166666666666667,0.5,-1.128718494086961e-16,0,1.7784961259515673,3,4,0.06324555320336765
A,0.9200000000000002,0.14999999999999997,0.5,1.0799999999999998,0.34089250153616346,0.5511847992499476,0.34089250153616346,0.5511847992499476,0.5,0.5833333333333334,1.1697959923605174e-16,0,-0.03648514907758773,3,4,0.053851648071345126
A,0.9200000000000002,0.15999999999999998,0.5,1.0799999999999998,0.36641022722629685,0.5832177000235947,0.36641022722629685,0.5832177000235947,0.5833333333333334,0.5,7.552576629987914e-18,0,0.3766188995661288,3,4,0.044721359549995884
A,0.9200000000000002,0.16999999999999998,0.5,1.0799999999999998,0.3922543883774526,0.6152975617484528,0.3922543883774526,0.6152975617484528,0.5833333333333334,0.5,-7.484566104453685e-17,1,-0.5856388406076003,3,4,0.03605551275463999
A,0.9200000000000002,0.17999999999999997,0.5,1.0799999999999998,0.4184199576606149,0.6473805091577757,0.4184199576606149,0.6473805091577757,0.5833333333333334,0.5,-8.593611502553365e-17,1,0.6435087244612483,3,4,0.028284271247462023
A,0.9200000000000002,0.18999999999999995,0.5,1.0799999999999998,0.4449017425089363,0.6794280074900126,0.4449017425089363,0.6794280074900126,0.4166666666666667,0.5,2.3172927074670755e-17,0,0.2690973378593638,3,4,0.02236067977499804
A,0.9200000000000002,0.19999999999999996,0.5,1.0799999999999998,0.4716944039110358,0.7102224841416767,0.4716944039110358,0.7102224841416767,0.3333333333333333,0.5,-7.075894756847624e-17,1,0.5473253964732195,3,4,0.02000000000000013
A,0.9200000000000002,0.20999999999999996,0.5,1.0799999999999998,0.49879247494967677,0.7316928614826573,0.49879247494967677,0.7316928614826573,0.6666666666666666,0.5,-1.121754552521921e-16,1,1.2628521383140296,3,4,0.02236067977499799
A,0.9200000000000002,0.21999999999999995,0.5,1.0799999999999998,0.5261903789690593,0.7533551713181514,0.5261903789690593,0.7533551713181514,0.3333333333333333,0.5,6.002032946929187e-17,1,0.6178568250994305,3,4,0.028284271247461946
A,0.9200000000000002,0.22999999999999995,0.5,1.0799999999999998,0.5538824472663344,0.7751665759803685,0.5538824472663344,0.7751665759803685,0.3333333333333333,0.5,-1.32192264618211e-16,0,0.2366784541200744,3,4,0.03605551275463992
A,0.9200000000000002,0.23999999999999994,0.5,1.0799999999999998,0.581862936215532,0.7970878480242487,0.581862936215532,0.7970878480242487,0.6666666666666666,0.5,1.1612658309331562e-16,1,1.2044030835041275,3,4,0.04472135954999579
A,0.9200000000000002,0.24999999999999992,0.5,1.0799999999999998,0.6101260437449465,0.8157283586722512,0.6101260437449465,0.8157283586722512,0.5,0.75,-4.5398881834966776e-17,0,1.7061279248093397,3,4,0.053851648071345
A,0.9200000000000002,0.2599999999999999,0.5,1.0799999999999998,0.6386659251017349,0.8299250467901939,0.6386659251017349,0.8299250467901939,0.16666666666666666,0.5,4.643296024583804e-17,0,0.2577468539132529,3,4,0.06324555320336751
A,0.9200000000000002,0.2699999999999999,0.5,1.0799999999999998,0.6674767078498856,0.8393462672878121,0.6674767078498856,0.8393462672878121,1.0,0.5,-1.0674745025267487e-16,1,0.8000525044343777,3,4,0.07280109889280512
A,0.9200000000000002,0.2799999999999999,0.5,1.0799999999999998,0.6965525060596425,0.8484220654975703,0.6965525060596425,0.8484220654975703,0.0,0.5,1.0780185835819364e-17,0,-0.1682892942660784,3,4,0.08246211251235315
A,0.9200000000000002,0.2899999999999999,0.5,1.0799999999999998,0.7258874336577552,0.8577569930956821,0.7258874336577552,0.8577569930956821,0.0,0.5,-7.21367743569889e-17,0,-0.3270774023960066,3,4,0.09219544457292882
A,0.9200000000000002,0.29999999999999993,0.5,1.0799999999999998,0.755475616918439,0.8673451763563667,0.755475616918439,0.8673451763563667,0.5,0.0,1.8514630222172905e-17,1,1.1490631030953193,3,4,0.10198039027185564
A,0.9300000000000002,0.1,0.5,1.0699999999999998,0.21853112036358385,0.390709635288289,0.21853112036358385,0.390709635288289,0.4166666666666667,0.5,-1.17426688616125e-16,0,0.2930934483777104,3,4,0.10440306508910555
A,0.9300000000000002,0.11,0.5,1.0699999999999998,0.24238271681677503,0.42205674909612023,0.24238271681677503,0.42205674909612023,0.5,0.4166666666666667,1.3242043882440268e-17,1,-0.9104508779995356,3,4,0.09486832980505143
A,0.9300000000000002,0.12,0.5,1.0699999999999998,0.266585609973064,0.45380170307342943,0.266585609973064,0.45380170307342943,0.5,0.5833333333333334,-1.0791989600566717e-17,0,0.22675349948056028,3,4,0.08544003745317537
A,0.9300000000000002,0.13,0.5,1.0699999999999998,0.29113577727726114,0.4858369782413736,0.29113577727726114,0.4858369782413736,0.4166666666666667,0.5,1.3331190109976908e-16,1,-0.5457223028874538,3,4,0.07615773105863914
A,0.9300000000000002,0.13999999999999999,0.5,1.0699999999999998,0.31602893271378674,0.5180780354560739,0.31602893271378674,0.5180780354560739,0.5,0.5833333333333334,-3.1478492975769206e-17,0,0.3166104128826032,3,4,0.06708203932499378
A,0.9300000000000002,0.14999999999999997,0.5,1.0699999999999998,0.34126054550676704,0.5504568926515563,0.34126054550676704,0.5504568926515563,0.4166666666666667,0.5,-3.389347597226296e-17,1,-1.407752328094774,3,4,0.05830951894845311
A,0.9300000000000002,0.15999999999999998,0.5,1.0699999999999998,0.36682585929946904,0.5829176199740396,0.36682585929946904,0.5829176199740396,0.5,0.5833333333333334,2.175263931407404e-18,1,-0.6474654911075421,3,4,0.050000000000000114
A,0.9300000000000002,0.16999999999999998,0.5,1.0699999999999998,0.39271991164314723,0.6154131379704902,0.39271991164314723,0.6154131379704902,0.5833333333333334,0.5,4.739662354627633e-17,0,0.3376008782303226,3,4,0.042426406871192965
A,0.9300000000000002,0.17999999999999997,0.5,1.0699999999999998,0.4189375536317316,0.6479029100558716,0.4189375536317316,0.6479029100558716,0.5833333333333334,0.5,-9.027875673703244e-17,1,0.9431506016448019,3,4,0.036055512754640036
A,0.9300000000000002,0.18999999999999995,0.5,1.0699999999999998,0.4454734695271393,0.6748836293806093,0.4454734695271393,0.6748836293806093,0.6666666666666666,0.5,6.669873929533704e-17,1,-1.1847889641519553,3,4,0.031622776601683944
A,0.9300000000000002,0.19999999999999996,0.5,1.0699999999999998,0.4723221962301166,0.6964702916316285,0.4723221962301166,0.6964702916316285,0.3333333333333333,0.5,4.281776071329017e-18,1,-0.521394578704351,3,4,0.030000000000000138
A,0.9300000000000002,0.20999999999999996,0.5,1.0699999999999998,0.4994781424629161,0.7182741874351749,0.4994781424629161,0.7182741874351749,0.3333333333333333,0.5,-1.340830664949781e-16,1,-0.8966502996316283,3,4,0.03162277660168391
A,0.9300000000000002,0.21999999999999995,0.5,1.0699999999999998,0.5269356075426146,0.7402492120091413,0.5269356075426146,0.7402492120091413,0.5,0.3333333333333333,7.357272987089406e-17,1,0.9036971058207051,3,4,0.03605551275463997
A,0.9300000000000002,0.22999999999999995,0.5,1.0699999999999998,0.5546887996370521,0.761002864672085,0.5546887996370521,0.761002864672085,0.25,0.5,-6.031559404943082e-17,0,-0.054456472909626706,3,4,0.04242640687119291
A,0.9300000000000002,0.23999999999999994,0.5,1.0699999999999998,0.5827318534089526,0.7757381506313361,0.5827318534089526,0.7757381506313361,0.75,0.5,5.472658877552227e-17,0,1.799562385695421,3,4,0.050000000000000024
A,0.9300000000000002,0.24999999999999992,0.5,1.0699999999999998,0.611058846967413,0.7856065587200891,0.611058846967413,0.7856065587200891,0.0,0.5,-1.1529317105902964e-17,0,0.15026189833117776,3,4,0.058309518948452994
A,0.9300000000000002,0.2599999999999999,0.5,1.0699999999999998,0.6396638180595374,0.7942115298122132,0.6396638180595374,0.7942115298122132,0.0,0.5,4.3678733501279146e-18,0,0.3269435111579844,3,4,0.06708203932499365
A,0.9300000000000002,0.2699999999999999,0.5,1.0699999999999998,0.6685407794480747,0.8030884912007497,0.6685407794480747,0.8030884912007497,0.0,0.5,-1.725869236291499e-17,1,1.0468070200218202,3,4,0.07615773105863904
A,0.9300000000000002,0.2799999999999999,0.5,1.0699999999999998,0.6976837334335503,0.8122314451862256,0.6976837334335503,0.8122314451862256,0.0,0.5,6.113365685708634e-17,1,0.785630534378658,3,4,0.08544003745317527
A,0.9300000000000002,0.2899999999999999,0.5,1.0699999999999998,0.7270866854912175,0.8216343972438932,0.7270866854912175,0.8216343972438932,1.0,0.5,-4.167232000780222e-18,0,-0.2677185016826763,3,4,0.09486832980505135
A,0.9300000000000002,0.29999999999999993,0.5,1.0699999999999998,0.7567436570041836,0.8312913687568586,0.7567436570041836,0.8312913687568586,0.0,0.5,-7.00975609632023e-17,0,0.012517621614686421,3,4,0.10440306508910546
A,0.9400000000000002,0.1,0.5,1.0599999999999998,0.21870292481294346,0.3876271027491691,0.21870292481294346,0.3876271027491691,0.5,0.4166666666666667,-8.586749353850622e-18,0,-0.3435640911872899,3,4,0.10770329614269014
A,0.9400000000000002,0.11,0.5,1.0599999999999998,0.24258948821794785,0.41948144195778203,0.24258948821794785,0.41948144195778203,0.4166666666666667,0.5,-1.2037804819121632e-16,0,0.005378557342098789,3,4,0.09848857801796111
A,0.9400000000000002,0.12,0.5,1.0599999999999998,0.2668302535354814,0.45169350983791023,0.2668302535354814,0.45169350983791023,0.5,0.5833333333333334,-2.289163885921448e-17,0,-0.028857973961342907,3,4,0.08944271909999167
A,0.9400000000000002,0.13,0.5,1.0599999999999998,0.29142109197137855,0.48416345485926715,0.29142109197137855,0.48416345485926715,0.5833333333333334,0.5,-1.0031545574923507e-16,0,-0.4083408669941565,3,4,0.08062257748298557
A,0.9400000000000002,0.13999999999999999,0.5,1.0599999999999998,0.3163576058932588,0.5168131247552745,0.3163576058932588,0.5168131247552745,0.4166666666666667,0.5,8.98409397376887e-18,0,0.13945231863316296,3,4,0.07211102550927989
A,0.9400000000000002,0.14999999999999997,0.5,1.0599999999999998,0.34163514831363195,0.5495798463973391,0.34163514831363195,0.5495798463973391,0.5,0.4166666666666667,4.5569470970292637e-17,1,1.310026130492015,3,4,0.06403124237432861
A,0.9400000000000002,0.15999999999999998,0.5,1.0599999999999998,0.36724884285331205,0.5824121156964965,0.36724884285331205,0.5824121156964965,0.4166666666666667,0.5,-3.727163196774145e-17,0,-0.36054157360220895,3,4,0.05656854249492393
A,0.9400000000000002,0.16999999999999998,0.5,1.0599999999999998,0.3931936040060584,0.615266563189582,0.3931936040060584,0.615266563189582,0.5,0.5833333333333334,-1.7007398589223557e-16,1,1.103387126484822,3,4,0.050000000000000135
A,0.9400000000000002,0.17999999999999997,0.5,1.0599999999999998,0.41946415753252164,0.6391585285086503,0.41946415753252164,0.6391585285086503,0.3333333333333333,0.5,3.745474470858563e-17,0,-0.08835385695516623,3,4,0.04472135954999595
A,0.9400000000000002,0.18999999999999995,0.5,1.0599999999999998,0.44605506082073865,0.6608292683695667,0.44605506082073865,0.6608292683695667,0.5,0.6666666666666666,-6.899467474012114e-17,1,-0.5919965711032069,3,4,0.04123105625617676
A,0.9400000000000002,0.19999999999999996,0.5,1.0599999999999998,0.4729607230614829,0.6827441103262297,0.4729607230614829,0.6827441103262297,0.3333333333333333,0.5,2.9023726604006356e-17,0,0.18434118745033973,3,4,0.04000000000000015
A,0.9400000000000002,0.20999999999999996,0.5,1.0599999999999998,0.5001754250991375,0.704853180681962,0.5001754250991375,0.704853180681962,0.3333333333333333,0.5,1.199197372414759e-16,1,0.5038980652271967,3,4,0.041231056256176735
A,0.9400000000000002,0.21999999999999995,0.5,1.0599999999999998,0.5276933388322841,0.7209530595470807,0.5276933388322841,0.7209530595470807,0.75,0.5,1.4304980380006374e-16,0,0.41030370919549985,3,4,0.0447213595499959
A,0.9400000000000002,0.22999999999999995,0.5,1.0599999999999998,0.5555085460523406,0.73276624460809,0.5555085460523406,0.73276624460809,1.0,0.5,-3.671249909375869e-17,1,1.225973347241329,3,4,0.050000000000000086
A,0.9400000000000002,0.23999999999999994,0.5,1.0599999999999998,0.5836150566231076,0.7408727551788566,0.5836150566231076,0.7408727551788566,0.0,0.5,1.0851823760764121e-17,1,1.3533941444194355,3,4,0.05656854249492385
A,0.9400000000000002,0.24999999999999992,0.5,1.0599999999999998,0.6120068259186877,0.7492645244744369,0.6120068259186877,0.7492645244744369,1.0,0.5,1.2652728087379786e-16,0,-0.25650281214118814,3,4,0.0640312423743285
A,0.9400000000000002,0.2599999999999999,0.5,1.0599999999999998,0.6406777714516343,0.7579354700073839,0.6406777714516343,0.7579354700073839,0.0,0.5,-2.1101885622272316e-17,0,-0.039008232303966904,3,4,0.07211102550927977
A,0.9400000000000002,0.2699999999999999,0.5,1.0599999999999998,0.6696217886370432,0.766879487192792,0.6696217886370432,0.766879487192792,0.5,0.0,-2.0095033320149877e-17,0,1.5370281127738372,3,4,0.08062257748298547
A,0.9400000000000002,0.2799999999999999,0.5,1.0599999999999998,0.6988327656516549,0.7760904642074031,0.6988327656516549,0.7760904642074031,1.0,0.5,1.9319903990956002e-17,1,-1.4241717331859562,3,4,0.08944271909999157
A,0.9400000000000002,0.2899999999999999,0.5,1.0599999999999998,0.7283045973594555,0.7855622959152053,0.7283045973594555,0.7855622959152053,1.0,0.5,-3.51364068273817e-17,0,0.15863262513642903,3,4,0.09848857801796103
A,0.9400000000000002,0.29999999999999993,0.5,1.0599999999999998,0.7580311982868082,0.795288896842557,0.7580311982868082,0.795288896842557,1.0,0.5,-1.6720123050531497e-16,1,-1.1370220932201816,3,4,0.10770329614269006
A,0.9500000000000002,0.1,0.5,1.0499999999999998,0.21887791632159698,0.38465083087855534,0.21887791632159698,0.38465083087855534,0.5833333333333334,0.5,2.2873326292587767e-17,0,0.016537215808358964,3,4,0.11180339887498957
A,0.9500000000000002,0.11,0.5,1.0499999999999998,0.24280007457121178,0.41695834093860434,0.24280007457121178,0.41695834093860434,0.5,0.5833333333333334,7.200617013806683e-17,0,-0.20359000369321645,3,4,0.10295630140987008
A,0.9500000000000002,0.12,0.5,1.0499999999999998,0.2670793842609738,0.4495837843122774,0.2670793842609738,0.4495837843122774,0.5833333333333334,0.5,-7.693128130472036e-18,0,0.3371594493844365,3,4,0.09433981132056614
A,0.9500000000000002,0.13,0.5,1.0499999999999998,0.2917116066678759,0.4824349615231631,0.2917116066678759,0.4824349615231631,0.4166666666666667,0.5,1.0133135001217179e-16,1,-0.7243223901340363,3,4,0.08602325267042636
A,0.9500000000000002,0.13999999999999999,0.5,1.0499999999999998,0.31669222873820146,0.5154399606576852,0.31669222873820146,0.5154399606576852,0.5,0.5833333333333334,9.841747653886603e-18,1,-0.9348072358081684,3,4,0.07810249675906666
A,0.9500000000000002,0.14999999999999997,0.5,1.0499999999999998,0.34201648339207724,0.5485412066503547,0.34201648339207724,0.5485412066503547,0.4166666666666667,0.5,-3.3973610730302137e-17,0,0.2891776762842783,3,4,0.07071067811865489
A,0.9500000000000002,0.15999999999999998,0.5,1.0499999999999998,0.3676793703081051,0.5816913833531223,0.3676793703081051,0.5816913833531223,0.5833333333333334,0.5,-3.765475091426079e-17,1,0.9655755164378553,3,4,0.06403124237432863
A,0.9500000000000002,0.16999999999999998,0.5,1.0499999999999998,0.3936756769993609,0.6030986013275541,0.3936756769993609,0.6030986013275541,0.3333333333333333,0.5,-1.4759785038827447e-17,1,0.6411328910503002,3,4,0.058309518948453154
A,0.9500000000000002,0.17999999999999997,0.5,1.0499999999999998,0.4199999999999994,0.6248220048908701,0.4199999999999994,0.6248220048908701,0.6666666666666666,0.5,-1.0037755074239283e-16,0,-0.47841513548845344,3,4,0.0538516480713452
A,0.9500000000000002,0.18999999999999995,0.5,1.0499999999999998,0.4466467659918233,0.6468182378437912,0.4466467659918233,0.6468182378437912,0.3333333333333333,0.5,-5.0597888717600025e-17,0,-1.5288633674533285,3,4,0.050990195135928014
A,0.9500000000000002,0.19999999999999996,0.5,1.0499999999999998,0.47361025271221013,0.6664862060672949,0.47361025271221013,0.6664862060672949,0.25,0.5,7.234365011696015e-17,0,0.3331242549250435,3,4,0.050000000000000155
A,0.9500000000000002,0.20999999999999996,0.5,1.0499999999999998,0.5008846094982443,0.6801352638386844,0.5008846094982443,0.6801352638386844,0.16666666666666666,0.5,6.7577320787569635e-18,0,-0.09607257298250343,3,4,0.05099019513592799
A,0.9500000000000002,0.21999999999999995,0.5,1.0499999999999998,0.5284638773364738,0.6884638773364724,0.5284638773364738,0.6884638773364724,1.0,0.5,1.3694656783893908e-16,1,1.4349576660580559,3,4,0.05385164807134516
A,0.9500000000000002,0.22999999999999995,0.5,1.0499999999999998,0.5563420083029313,0.6963420083029304,0.5563420083029313,0.6963420083029304,1.0,0.5,-3.720855197157272e-17,0,-0.14628412171070518,3,4,0.058309518948453105
A,0.9500000000000002,0.23999999999999994,0.5,1.0499999999999998,0.5845128842936302,0.70451288429363,0.5845128842936302,0.70451288429363,0.5,1.0,-8.636102846417033e-17,0,0.1459633094511111,3,4,0.06403124237432856
A,0.9500000000000002,0.24999999999999992,0.5,1.0499999999999998,0.6129703349612999,0.712970334961299,0.6129703349612999,0.712970334961299,0.0,0.5,-1.6586127008719682e-17,1,0.8304724133006959,3,4,0.0707106781186548
A,0.9500000000000002,0.2599999999999999,0.5,1.0499999999999998,0.641708154789407,0.7217081547894058,0.641708154789407,0.7217081547894058,0.0,0.5,1.585274357108044e-17,0,0.10155559192727535,3,4,0.07810249675906655
A,0.9500000000000002,0.2699999999999999,0.5,1.0499999999999998,0.6707201192492642,0.730720119249264,0.6707201192492642,0.730720119249264,1.0,0.5,7.11197861975145e-17,1,1.1257186053748356,3,4,0.08602325267042628
A,0.9500000000000002,0.2799999999999999,0.5,1.0499999999999998,0.6999999999999995,0.7399999999999989,0.6999999999999995,0.7399999999999989,0.0,0.5,1.2790163679219013e-16,0,-0.1764233189630305,3,4,0.09433981132056604
A,0.9500000000000002,0.2899999999999999,0.5,1.0499999999999998,0.7295415791042821,0.7495415791042821,0.7295415791042821,0.7495415791042821,0.0,0.5,1.1401357758684649e-16,1,0.8119090590077663,3,4,0.10295630140987
A,0.9500000000000002,0.29999999999999993,0.5,1.0499999999999998,0.75933866224478,0.7593386622447802,0.75933866224478,0.7593386622447802,0.0,0.5,-1.1439632090267908e-16,0,-0.3449680355908215,3,4,0.11180339887498948
A,0.9600000000000002,0.1,0.5,1.0399999999999998,0.2190561835898977,0.3817564972825716,0.2190561835898977,0.3817564972825716,0.5833333333333334,0.5,-5.290081890048454e-17,0,0.14863870278180386,3,4,0.1166190378969061
A,0.9600000000000002,0.11,0.5,1.0399999999999998,0.24301458127346443,0.4144652417456587,0.24301458127346443,0.4144652417456587,0.4166666666666667,0.5,7.950241882432165e-17,1,1.1137462598263121,3,4,0.10816653826391978
A,0.9600000000000002,0.12,0.5,1.0399999999999998,0.26733312513010477,0.44745259184401837,0.26733312513010477,0.44745259184401837,0.4166666666666667,0.5,1.5758028141414047e-16,0,-0.06582900456261204,3,4,0.10000000000000012
A,0.9600000000000002,0.13,0.5,1.0399999999999998,0.2920074626605912,0.4806338955098844,0.2920074626605912,0.4806338955098844,0.4166666666666667,0.5,-9.09721415531091e-18,0,-1.52652759510224,3,4,0.09219544457292898
A,0.9600000000000002,0.13999999999999999,0.5,1.0399999999999998,0.3170329614269,0.5139432746211688,0.3170329614269,0.5139432746211688,0.5833333333333334,0.5,8.328231187184274e-17,1,-0.598331659332016,3,4,0.08485281374238583
A,0.9600000000000002,0.14999999999999997,0.5,1.0399999999999998,0.3424047302187845,0.5453791854383604,0.3424047302187845,0.5453791854383604,0.3333333333333333,0.5,-1.8084966815795242e-17,1,0.6605160932564392,3,4,0.07810249675906669
A,0.9600000000000002,0.15999999999999998,0.5,1.0399999999999998,0.3681176406988349,0.5667539810094097,0.3681176406988349,0.5667539810094097,0.6666666666666666,0.5,-5.5141888454992855e-17,0,0.06149976002408269,3,4,0.07211102550927995
A,0.9600000000000002,0.16999999999999998,0.5,1.0399999999999998,0.39416634932719335,0.5884994508757523,0.39416634932719335,0.5884994508757523,0.6666666666666666,0.5,-5.586951805726054e-17,1,-0.9257899956406361,3,4,0.06708203932499385
A,0.9600000000000002,0.17999999999999997,0.5,1.0399999999999998,0.4205453193758074,0.6105486957989881,0.4205453193758074,0.6105486957989881,0.6666666666666666,0.5,1.2580900319485506e-17,0,-0.09932580422896115,3,4,0.06324555320336776
A,0.9600000000000002,0.18999999999999995,0.5,1.0399999999999998,0.44724884285331235,0.6264322653670347,0.44724884285331235,0.6264322653670347,0.5,0.25,-1.132252062777864e-16,0,-0.032030594493141475,3,4,0.06082762530298237
A,0.9600000000000002,0.19999999999999996,0.5,1.0399999999999998,0.47427106217472914,0.6370461659244431,0.47427106217472914,0.6370461659244431,0.5,0.0,5.835004648545581e-17,0,-0.077117110074347,3,4,0.060000000000000164
A,0.9600000000000002,0.20999999999999996,0.5,1.0399999999999998,0.501605991424795,0.6443810951745093,0.501605991424795,0.6443810951745093,1.0,0.5,1.1323571777063112e-17,1,-0.7511999527085517,3,4,0.06082762530298235
A,0.9600000000000002,0.21999999999999995,0.5,1.0399999999999998,0.5292475370794476,0.652022640829161,0.5292475370794476,0.652022640829161,0.0,0.5,-6.081377043627672e-18,1,0.7073514726003913,3,4,0.06324555320336772
A,0.9600000000000002,0.22999999999999995,0.5,1.0399999999999998,0.5571895180663593,0.6599646218160733,0.5571895180663593,0.6599646218160733,0.5,0.0,2.579899260828437e-17,1,1.138004006297563,3,4,0.0670820393249938
A,0.9600000000000002,0.23999999999999994,0.5,1.0399999999999998,0.585425685062107,0.6682007888118213,0.585425685062107,0.6682007888118213,1.0,0.5,3.138131381998334e-17,1,-1.051631283839169,3,4,0.07211102550927988
A,0.9600000000000002,0.24999999999999992,0.5,1.0399999999999998,0.6139497389401314,0.6767248426898457,0.6139497389401314,0.6767248426898457,0.0,0.5,-1.0485472776345714e-16,1,0.9173450048330613,3,4,0.07810249675906661
A,0.9600000000000002,0.2599999999999999,0.5,1.0399999999999998,0.6427553482998898,0.6855304520496039,0.6427553482998898,0.6855304520496039,1.0,0.5,3.226537482783917e-18,0,-0.30165475026327354,3,4,0.08485281374238574
A,0.9600000000000002,0.2699999999999999,0.5,1.0399999999999998,0.6718361660232188,0.694611269772932,0.6718361660232188,0.694611269772932,0.0,0.5,6.68656850915922e-17,1,1.3993812537204218,3,4,0.0921954445729289
A,0.9600000000000002,0.2799999999999999,0.5,1.0399999999999998,0.7011858448186707,0.7039609485683853,0.7011858448186707,0.7039609485683853,0.5,0.0,1.6932829300571122e-18,1,0.7826536771916933,3,4,0.10000000000000002
A,0.9600000000000002,0.2899999999999999,0.5,1.0399999999999998,0.7135731554780489,0.7135731554780492,0.7135731554780489,0.7135731554780492,1.0,0.5,5.865593383938363e-18,0,0.20791072994078744,3,4,0.1081665382639197
A,0.9600000000000002,0.29999999999999993,0.5,1.0399999999999998,0.7234415853340039,0.7234415853340039,0.7234415853340039,0.7234415853340039,1.0,0.5,5.775972666194801e-17,0,-0.21302773660214383,3,4,0.11661903789690603
A,0.9700000000000002,0.1,0.5,1.0299999999999998,0.21923781860929858,0.378920768514385,0.21923781860929858,0.378920768514385,0.4166666666666667,0.5,-2.782589377175647e-17,1,-0.9271387989671253,3,4,0.12206555615733714
A,0.9700000000000002,0.11,0.5,1.0299999999999998,0.243233117595529,0.4119805903457793,0.243233117595529,0.4119805903457793,0.5833333333333334,0.5,-1.0104676652020208e-16,0,-0.024768331937544498,3,4,0.11401754250991392
A,0.9700000000000002,0.12,0.5,1.0299999999999998,0.26759160359753054,0.4452802584549189,0.26759160359753054,0.4452802584549189,0.5833333333333334,0.5,-4.629906589226776e-17,0,0.43199352944996927,3,4,0.10630145812734662
A,0.9700000000000002,0.13,0.5,1.0299999999999998,0.29230880632704814,0.4787424874589009,0.29230880632704814,0.4787424874589009,0.5,0.4166666666666667,1.2133505072655775e-16,1,-1.0962331994948755,3,4,0.09899494936611677
A,0.9700000000000002,0.13999999999999999,0.5,1.0299999999999998,0.3173799698326736,0.5088476976477916,0.3173799698326736,0.5088476976477916,0.3333333333333333,0.5,1.155650260381638e-17,1,-0.675312740364115,3,4,0.09219544457292903
A,0.9700000000000002,0.14999999999999997,0.5,1.0299999999999998,0.3428000745712122,0.5301736923510888,0.3428000745712122,0.5301736923510888,0.3333333333333333,0.5,4.5460453075133065e-18,1,0.6149334963661957,3,4,0.08602325267042643
A,0.9700000000000002,0.15999999999999998,0.5,1.0299999999999998,0.36856385995452245,0.5519114729151279,0.36856385995452245,0.5519114729151279,0.3333333333333333,0.5,-1.0953331675862706e-16,0,-0.1446150281287287,3,4,0.08062257748298567
A,0.9700000000000002,0.16999999999999998,0.5,1.0299999999999998,0.39466584716215647,0.572567960064127,0.39466584716215647,0.572567960064127,0.25,0.5,1.1743168270335482e-16,0,0.04061324333105068,3,4,0.07615773105863925
A,0.9700000000000002,0.17999999999999997,0.5,1.0299999999999998,0.42110036201991874,0.5858374772568198,0.42110036201991874,0.5858374772568198,0.16666666666666666,0.5,1.1844953266368804e-16,1,-0.651951636768424,3,4,0.07280109889280537
A,0.9700000000000002,0.18999999999999995,0.5,1.0299999999999998,0.4478615577567136,0.5934450628165895,0.4478615577567136,0.5934450628165895,1.0,0.5,-6.426541075753108e-17,0,-1.5433815199657124,3,4,0.07071067811865493
A,0.9700000000000002,0.19999999999999996,0.5,1.0299999999999998,0.47494343746637013,0.6005269425262444,0.47494343746637013,0.6005269425262444,0.0,0.5,1.0214415654049633e-16,0,0.08716145229911325,3,4,0.07000000000000017
A,0.9700000000000002,0.20999999999999996,0.5,1.0299999999999998,0.5023398761170073,0.6079233811768822,0.5023398761170073,0.6079233811768822,1.0,0.5,-1.1357845420681362e-16,0,-0.40638388444511014,3,4,0.07071067811865492
A,0.9700000000000002,0.21999999999999995,0.5,1.0299999999999998,0.5300446419674506,0.6156281470273267,0.5300446419674506,0.6156281470273267,0.0,0.5,6.63191530825574e-17,0,0.27675768846338755,3,4,0.07280109889280532
A,0.9700000000000002,0.22999999999999995,0.5,1.0299999999999998,0.5580514172678466,0.6236349223277224,0.5580514172678466,0.6236349223277224,1.0,0.5,-1.0970006247953161e-16,1,-0.5505838634631727,3,4,0.07615773105863922
A,0.9700000000000002,0.23999999999999994,0.5,1.0299999999999998,0.586353818139401,0.6319373231992769,0.586353818139401,0.6319373231992769,0.0,0.5,-4.4552902917891785e-17,0,0.11383946033022109,3,4,0.08062257748298561
A,0.9700000000000002,0.24999999999999992,0.5,1.0299999999999998,0.6149454135459902,0.6405289186058649,0.6149454135459902,0.6405289186058649,1.0,0.5,-1.6948483663717166e-17,0,0.18182117499616954,3,4,0.08602325267042635
A,0.9700000000000002,0.2599999999999999,0.5,1.0299999999999998,0.6438197432874854,0.6494032483473609,0.6438197432874854,0.6494032483473609,1.0,0.5,-2.7942223821373513e-17,1,0.8940131309458207,3,4,0.09219544457292893
A,0.9700000000000002,0.2699999999999999,0.5,1.0299999999999998,0.6585538400211748,0.6585538400211752,0.6585538400211748,0.6585538400211752,1.0,0.5,1.3782244543705165e-17,1,-1.2700480765173852,3,4,0.0989949493661167
A,0.9700000000000002,0.2799999999999999,0.5,1.0299999999999998,0.6679742249139679,0.6679742249139682,0.6679742249139679,0.6679742249139682,0.0,0.5,2.0147287669356327e-16,0,-0.3854658565875171,3,4,0.10630145812734654
A,0.9700000000000002,0.2899999999999999,0.5,1.0299999999999998,0.6776579527999473,0.6776579527999476,0.6776579527999473,0.6776579527999476,1.0,0.5,-1.4785246995760851e-16,0,-1.5604414533439992,3,4,0.11401754250991383
A,0.9700000000000002,0.29999999999999993,0.5,1.0299999999999998,0.6875986056353665,0.6875986056353669,0.6875986056353665,0.6875986056353669,1.0,0.5,-1.1212368012546997e-16,1,-0.5173609392199716,3,4,0.12206555615733707
A,0.9800000000000002,0.1,0.5,1.0199999999999998,0.21942291681490148,0.3761210053076819,0.21942291681490148,0.3761210053076819,0.4166666666666667,0.5,1.0451401823391205e-16,0,-0.48816753670816787,3,4,0.12806248474865708
A,0.9800000000000002,0.11,0.5,1.0199999999999998,0.243455796859646,0.409483131369457,0.243455796859646,0.409483131369457,0.5,0.4166666666666667,9.452291874535817e-17,0,-0.4893824258176097,3,4,0.12041594578792308
A,0.9800000000000002,0.12,0.5,1.0199999999999998,0.2678549517943779,0.44304696891362916,0.2678549517943779,0.44304696891362916,0.4166666666666667,0.5,-1.3198566962501165e-17,0,-0.20178087134810194,3,4,0.11313708498984774
A,0.9800000000000002,0.13,0.5,1.0199999999999998,0.2926157893552601,0.47216231361801575,0.2926157893552601,0.47216231361801575,0.3333333333333333,0.5,-5.485017284269839e-18,1,0.6305622392104244,3,4,0.10630145812734663
A,0.9800000000000002,0.13999999999999999,0.5,1.0199999999999998,0.317733425774187,0.49340590630465786,0.317733425774187,0.49340590630465786,0.5,0.6666666666666666,-1.5144298457190896e-16,0,0.40308818058661067,3,4,0.10000000000000016
A,0.9800000000000002,0.14999999999999997,0.5,1.0199999999999998,0.3432027088001606,0.5151071341036406,0.3432027088001606,0.5151071341036406,0.3333333333333333,0.5,-9.67617270520972e-18,1,0.5677978804398598,3,4,0.09433981132056622
A,0.9800000000000002,0.15999999999999998,0.5,1.0199999999999998,0.3690182411914199,0.5326939450921674,0.3690182411914199,0.5326939450921674,0.25,0.5,-6.973709066186385e-17,0,-1.7997342552489441,3,4,0.08944271909999177
A,0.9800000000000002,0.16999999999999998,0.5,1.0199999999999998,0.39517440445724733,0.5436001113107743,0.39517440445724733,0.5436001113107743,1.0,0.5,-3.2123413391120704e-17,0,-0.38582648492928134,3,4,0.0854400374531755
A,0.9800000000000002,0.17999999999999997,0.5,1.0199999999999998,0.4216653826391961,0.5500910894927221,0.4216653826391961,0.5500910894927221,1.0,0.5,1.7699905018550432e-17,0,0.45017205413149963,3,4,0.0824621125123534
A,0.9800000000000002,0.18999999999999995,0.5,1.0199999999999998,0.4484851859350211,0.5569108927885482,0.4484851859350211,0.5569108927885482,0.0,0.5,-6.173299642781017e-17,1,-0.5262881128331564,3,4,0.08062257748298568
A,0.9800000000000002,0.19999999999999996,0.5,1.0199999999999998,0.47562767398418637,0.5640533808377133,0.47562767398418637,0.5640533808377133,1.0,0.5,-1.3531656082206197e-17,0,0.3116444116216176,3,4,0.08000000000000018
A,0.9800000000000002,0.20999999999999996,0.5,1.0199999999999998,0.5030865786510128,0.57151228550454,0.5030865786510128,0.57151228550454,0.0,0.5,-2.5547074988938904e-17,1,-1.1158311515154866,3,4,0.08062257748298567
A,0.9800000000000002,0.21999999999999995,0.5,1.0199999999999998,0.5308555261599032,0.5792812330134303,0.5308555261599032,0.5792812330134303,1.0,0.5,-3.5714474486172e-17,1,-0.5697355224311842,3,4,0.08246211251235337
A,0.9800000000000002,0.22999999999999995,0.5,1.0199999999999998,0.5589280584559478,0.5873537653094731,0.5589280584559478,0.5873537653094731,1.0,0.5,-9.802340590963565e-18,0,1.520539855882364,3,4,0.08544003745317547
A,0.9800000000000002,0.23999999999999994,0.5,1.0199999999999998,0.5872976536833548,0.595723360536881,0.5872976536833548,0.595723360536881,1.0,0.5,1.9167760971247816e-17,1,-0.808104560256664,3,4,0.08944271909999171
A,0.9800000000000002,0.24999999999999992,0.5,1.0199999999999998,0.6043834525465592,0.6043834525465593,0.6043834525465592,0.6043834525465593,1.0,0.5,-1.5387717794570387e-17,1,-0.858725195139379,3,4,0.09433981132056614
A,0.9800000000000002,0.2599999999999999,0.5,1.0199999999999998,0.613327449362463,0.613327449362463,0.613327449362463,0.613327449362463,1.0,0.5,-5.43416646617688e-17,1,-0.5593502280248379,3,4,0.10000000000000007
A,0.9800000000000002,0.2699999999999999,0.5,1.0199999999999998,0.6225487505538061,0.6225487505538063,0.6225487505538061,0.6225487505538063,1.0,0.5,1.7901116964429464e-17,0,0.16216609377674074,3,4,0.10630145812734657
A,0.9800000000000002,0.2799999999999999,0.5,1.0199999999999998,0.6320407634766334,0.6320407634766334,0.6320407634766334,0.6320407634766334,0.0,0.5,-1.262300277941175e-17,0,0.2790196321963071,3,4,0.11313708498984766
A,0.9800000000000002,0.2899999999999999,0.5,1.0199999999999998,0.6417969183633352,0.641796918363336,0.6417969183633352,0.641796918363336,0.0,0.5,2.4904118676645725e-17,0,0.09384921838424187,3,4,0.12041594578792301
A,0.9800000000000002,0.29999999999999993,0.5,1.0199999999999998,0.6518106822524863,0.6518106822524863,0.6518106822524863,0.6518106822524863,0.0,0.5,-7.501850145713938e-17,0,0.47399872945616156,3,4,0.12806248474865703
A,0.9900000000000002,0.1,0.5,1.0099999999999998,0.2196115772464871,0.3733349676123163,0.2196115772464871,0.3733349676123163,0.5,0.4166666666666667,-1.6388215589895083e-17,1,-1.0410885294215455,3,4,0.13453624047073723
A,0.9900000000000002,0.11,0.5,1.0099999999999998,0.24368273662666828,0.4069515595554651,0.24368273662666828,0.4069515595554651,0.5,0.4166666666666667,-1.49723304139716e-16,1,0.5306200673770254,3,4,0.1272792206135787
A,0.9900000000000002,0.12,0.5,1.0099999999999998,0.26812330674154394,0.4353707707559752,0.26812330674154394,0.4353707707559752,0.5,0.6666666666666666,-2.855111803700755e-17,0,0.02279584083896622,3,4,0.12041594578792311
A,0.9900000000000002,0.13,0.5,1.0099999999999998,0.2929285689825544,0.45649826192272214,0.2929285689825544,0.45649826192272214,0.3333333333333333,0.5,6.646183503715353e-17,0,0.12674774183692541,3,4,0.11401754250991396
A,0.9900000000000002,0.13999999999999999,0.5,1.0099999999999998,0.31809350727880986,0.47813507175217224,0.31809350727880986,0.47813507175217224,0.6666666666666666,0.5,9.918578780288233e-18,0,-0.053217100767009466,3,4,0.10816653826391985
A,0.9900000000000002,0.14999999999999997,0.5,1.0099999999999998,0.3436128321162374,0.4929013628960407,0.3436128321162374,0.4929013628960407,0.75,0.5,1.585880783046961e-17,1,0.8396869322121239,3,4,0.1029563014098702
A,0.9900000000000002,0.15999999999999998,0.5,1.0099999999999998,0.36948100502085435,0.5007832248178957,0.36948100502085435,0.5007832248178957,1.0,0.5,-1.1575800774194866e-16,0,-0.26133225774216895,3,4,0.09848857801796124
A,0.9900000000000002,0.16999999999999998,0.5,1.0099999999999998,0.39569226327303175,0.506994483070072,0.39569226327303175,0.506994483070072,1.0,0.5,1.2374300876291485e-18,0,-1.5618390248612715,3,4,0.09486832980505157
A,0.9900000000000002,0.17999999999999997,0.5,1.0099999999999998,0.42224064463160343,0.5135428644286453,0.42224064463160343,0.5135428644286453,0.0,0.5,-7.206368763443251e-17,1,-0.9479080069583683,3,4,0.09219544457292907
A,0.9900000000000002,0.18999999999999995,0.5,1.0099999999999998,0.44912001186151573,0.5204222316585576,0.44912001186151573,0.5204222316585576,0.0,0.5,-2.84821158429948e-17,0,0.24398346394027928,3,4,0.09055385138137437
A,0.9900000000000002,0.19999999999999996,0.5,1.0099999999999998,0.47632407687577155,0.527626296672812,0.47632407687577155,0.527626296672812,1.0,0.5,-5.95071668495911e-17,1,-0.6284551533147752,3,4,0.09000000000000019
A,0.9900000000000002,0.20999999999999996,0.5,1.0099999999999998,0.5038464243210727,0.5351486441181144,0.5038464243210727,0.5351486441181144,0.0,0.5,1.049659854359912e-16,0,-0.0945937534985689,3,4,0.09055385138137435
A,0.9900000000000002,0.21999999999999995,0.5,1.0099999999999998,0.5316805344563362,0.5429827542533777,0.5316805344563362,0.5429827542533777,1.0,0.5,-1.7774902551245318e-17,1,0.5320729429797044,3,4,0.09219544457292904
A,0.9900000000000002,0.22999999999999995,0.5,1.0099999999999998,0.5511220249906585,0.5511220249906591,0.5511220249906585,0.5511220249906591,0.0,0.5,1.55214166707624e-16,0,0.11636358179031765,3,4,0.09486832980505154
A,0.9900000000000002,0.23999999999999994,0.5,1.0099999999999998,0.5595597929884764,0.5595597929884764,0.5595597929884764,0.5595597929884764,0.0,0.5,-2.2518208129989354e-17,0,-0.47921168250467794,3,4,0.0984885780179612
A,0.9900000000000002,0.24999999999999992,0.5,1.0099999999999998,0.5682893537076278,0.5682893537076278,0.5682893537076278,0.5682893537076278,1.0,0.5,5.272196160318011e-17,1,-0.5723204207646883,3,4,0.10295630140987012
A,0.9900000000000002,0.2599999999999999,0.5,1.0099999999999998,0.5773039803590561,0.5773039803590561,0.5773039803590561,0.5773039803590561,1.0,0.5,2.846061116329708e-17,0,-0.0012915291669739204,3,4,0.10816653826391978
A,0.9900000000000002,0.2699999999999999,0.5,1.0099999999999998,0.5865969416918017,0.5865969416918021,0.5865969416918017,0.5865969416918021,0.0,0.5,-2.0474483987134065e-17,0,0.08280993896011135,3,4,0.11401754250991389
A,0.9900000000000002,0.2799999999999999,0.5,1.0099999999999998,0.5961615185862912,0.5961615185862912,0.5961615185862912,0.5961615185862912,0.5,0.0,1.8323787880073284e-16,1,-0.8248278408101614,3,4,0.12041594578792303
A,0.9900000000000002,0.2899999999999999,0.5,1.0099999999999998,0.6059910194340937,0.6059910194340943,0.6059910194340937,0.6059910194340943,1.0,0.5,2.5145462202463526e-17,0,0.07082265254314013,3,4,0.12727922061357863
A,0.9900000000000002,0.29999999999999993,0.5,1.0099999999999998,0.6160787942996134,0.6160787942996139,0.6160787942996134,0.6160787942996139,0.0,0.5,4.5245571912520355e-17,0,0.07410219940833111,3,4,0.13453624047073717
A,1.0000000000000002,0.1,0.5,0.9999999999999998,0.21980390271855635,0.370540520908587,0.21980390271855635,0.370540520908587,0.4166666666666667,0.5,6.525548544872907e-17,1,-0.8925819672726114,3,4,0.14142135623730964
A,1.0000000000000002,0.11,0.5,0.9999999999999998,0.2439140588936155,0.39852077575786776,0.2439140588936155,0.39852077575786776,0.5,0.6666666666666666,2.814870262430527e-17,0,-0.13432832623434848,3,4,0.13453624047073726
A,1.0000000000000002,0.12,0.5,0.9999999999999998,0.26839681057459397,0.41949825109611844,0.26839681057459397,0.41949825109611844,0.3333333333333333,0.5,9.273637628845979e-18,0,0.47013509755854843,3,4,0.12806248474865714
A,1.0000000000000002,0.13,0.5,0.9999999999999998,0.2932473082471586,0.4403128293446324,0.2932473082471586,0.4403128293446324,0.75,0.5,-2.6885193460992617e-17,1,0.8816990810872727,3,4,0.12206555615733719
A,1.0000000000000002,0.13999999999999999,0.5,0.9999999999999998,0.3184603988597735,0.452195749839046,0.3184603988597735,0.452195749839046,0.16666666666666666,0.5,2.7851622169856253e-17,1,0.5479444113240829,3,4,0.1166190378969062
A,1.0000000000000002,0.14999999999999997,0.5,0.9999999999999998,0.3440306508910538,0.4582442132641467,0.3440306508910538,0.4582442132641467,1.0,0.5,7.068209425171594e-17,0,1.5723073357470116,3,4,0.11180339887498969
A,1.0000000000000002,0.15999999999999998,0.5,0.9999999999999998,0.3699523798725346,0.46416594224562796,0.3699523798725346,0.46416594224562796,1.0,0.5,1.276260219770762e-16,0,0.18599943814609388,3,4,0.10770329614269028
A,1.0000000000000002,0.16999999999999998,0.5,0.9999999999999998,0.3962196741208708,0.4704332364939652,0.3962196741208708,0.4704332364939652,0.5,0.0,3.3584452980874134e-17,1,1.1581611243422512,3,4,0.1044030650891057
A,1.0000000000000002,0.17999999999999997,0.5,0.9999999999999998,0.422826420446913,0.4770399828200071,0.422826420446913,0.4770399828200071,0.0,0.5,4.5596192386128266e-17,0,0.36189461714380244,3,4,0.1019803902718559
A,1.0000000000000002,0.18999999999999995,0.5,0.9999999999999998,0.4497663296253056,0.4839798919984,0.4497663296253056,0.4839798919984,0.5,1.0,2.9236867196372786e-17,0,-0.17686424708820273,3,4,0.10049875621120911
A,1.0000000000000002,0.19999999999999996,0.5,0.9999999999999998,0.47703296142690027,0.49124652379999445,0.47703296142690027,0.49124652379999445,0.0,0.5,1.4027629526668743e-16,1,0.880302537487721,3,4,0.1000000000000002
A,1.0000000000000002,0.20999999999999996,0.5,0.9999999999999998,0.4988333114095932,0.4988333114095932,0.4988333114095932,0.4988333114095932,1.0,0.5,9.631123768840202e-17,0,0.41837909626718794,3,4,0.1004987562112091
A,1.0000000000000002,0.21999999999999995,0.5,0.9999999999999998,0.5067335850729057,0.5067335850729067,0.5067335850729057,0.5067335850729067,1.0,0.5,-5.219271272061774e-17,1,1.0705472429815766,3,4,0.10198039027185588
A,1.0000000000000002,0.22999999999999995,0.5,0.9999999999999998,0.5149405948384538,0.5149405948384538,0.5149405948384538,0.5149405948384538,0.0,0.5,1.1579191632996651e-16,0,2.1017293804922046,3,4,0.10440306508910567
A,1.0000000000000002,0.23999999999999994,0.5,0.9999999999999998,0.5234475322820563,0.5234475322820563,0.5234475322820563,0.5234475322820563,0.0,0.5,-1.2420134025031502e-17,1,0.7591990392363729,3,4,0.10770329614269024
A,1.0000000000000002,0.24999999999999992,0.5,0.9999999999999998,0.532247551122986,0.532247551122987,0.532247551122986,0.532247551122987,1.0,0.5,-1.393142981016708e-16,1,-0.899384445762439,3,4,0.11180339887498962
A,1.0000000000000002,0.2599999999999999,0.5,0.9999999999999998,0.5413337866615204,0.5413337866615211,0.5413337866615204,0.5413337866615211,1.0,0.5,6.141630921895707e-17,0,1.79070757704698,3,4,0.11661903789690613
A,1.0000000000000002,0.2699999999999999,0.5,0.9999999999999998,0.5506993739871227,0.5506993739871227,0.5506993739871227,0.5506993739871227,0.0,0.5,-1.9295259711971723e-17,1,-0.5485061228629897,3,4,0.12206555615733714
A,1.0000000000000002,0.2799999999999999,0.5,0.9999999999999998,0.5603374649246451,0.5603374649246455,0.5603374649246451,0.5603374649246455,0.5,0.0,-5.693574542733346e-17,0,-0.18043904057935142,3,4,0.12806248474865706
A,1.0000000000000002,0.2899999999999999,0.5,0.9999999999999998,0.5702412437025663,0.5702412437025667,0.5702412437025663,0.5702412437025667,0.0,0.5,1.3342921214621816e-17,0,0.02811221814983108,3,4,0.1345362404707372
A,1.0000000000000002,0.29999999999999993,0.5,0.9999999999999998,0.580403941342153,0.580403941342153,0.580403941342153,0.580403941342153,0.0,0.5,-8.599487502397754e-17,1,1.1905695918725072,3,4,0.1414213562373096
