v,Lx,Ly,bulk_gap,energy_window,state_index,energy,abs_energy
0.1,10,10,1.5113389222328681,0.4534016766698604,388,-9.388731712119138e-11,9.388731712119138e-11
0.1,10,10,1.5113389222328681,0.4534016766698604,389,-9.388729174675937e-11,9.388729174675937e-11
0.1,10,10,1.5113389222328681,0.4534016766698604,390,-9.363878839370095e-11,9.363878839370095e-11
0.1,10,10,1.5113389222328681,0.4534016766698604,391,-9.363868417655233e-11,9.363868417655233e-11
0.1,10,10,1.5113389222328681,0.4534016766698604,392,-9.363868301517758e-11,9.363868301517758e-11
0.1,10,10,1.5113389222328681,0.4534016766698604,393,-9.363846345413867e-11,9.363846345413867e-11
0.1,10,10,1.5113389222328681,0.4534016766698604,394,-9.346505964569028e-11,9.346505964569028e-11
0.1,10,10,1.5113389222328681,0.4534016766698604,395,-9.346489408678819e-11,9.346489408678819e-11
0.1,10,10,1.5113389222328681,0.4534016766698604,396,-9.346486789253063e-11,9.346486789253063e-11
0.1,10,10,1.5113389222328681,0.4534016766698604,397,-9.346485632052533e-11,9.346485632052533e-11
0.1,10,10,1.5113389222328681,0.4534016766698604,398,-4.1048461363357e-16,4.1048461363357e-16
0.1,10,10,1.5113389222328681,0.4534016766698604,399,-1.6380307836034317e-16,1.6380307836034317e-16
0.1,10,10,1.5113389222328681,0.4534016766698604,400,1.789500339494069e-17,1.789500339494069e-17
0.1,10,10,1.5113389222328681,0.4534016766698604,401,3.791641179525239e-16,3.791641179525239e-16
0.1,10,10,1.5113389222328681,0.4534016766698604,402,9.34646990824102e-11,9.34646990824102e-11
0.1,10,10,1.5113389222328681,0.4534016766698604,403,9.346475189922789e-11,9.346475189922789e-11
0.1,10,10,1.5113389222328681,0.4534016766698604,404,9.346485085019319e-11,9.346485085019319e-11
0.1,10,10,1.5113389222328681,0.4534016766698604,405,9.346487890717365e-11,9.346487890717365e-11
0.1,10,10,1.5113389222328681,0.4534016766698604,406,9.363858819737837e-11,9.363858819737837e-11
0.1,10,10,1.5113389222328681,0.4534016766698604,407,9.363860249870671e-11,9.363860249870671e-11
0.1,10,10,1.5113389222328681,0.4534016766698604,408,9.363868364721652e-11,9.363868364721652e-11
0.1,10,10,1.5113389222328681,0.4534016766698604,409,9.363871245455394e-11,9.363871245455394e-11
0.1,10,10,1.5113389222328681,0.4534016766698604,410,9.388719222072373e-11,9.388719222072373e-11
0.1,10,10,1.5113389222328681,0.4534016766698604,411,9.388736416855811e-11,9.388736416855811e-11
0.2,10,10,1.3147228770131711,0.39441686310395135,387,-9.275087053526767e-08,9.275087053526767e-08
0.2,10,10,1.3147228770131711,0.39441686310395135,388,-9.275087047073429e-08,9.275087047073429e-08
0.2,10,10,1.3147228770131711,0.39441686310395135,389,-9.275087027434349e-08,9.275087027434349e-08
0.2,10,10,1.3147228770131711,0.39441686310395135,390,-9.21131432596722e-08,9.21131432596722e-08
0.2,10,10,1.3147228770131711,0.39441686310395135,391,-9.211314320999075e-08,9.211314320999075e-08
0.2,10,10,1.3147228770131711,0.39441686310395135,392,-9.21131431631253e-08,9.21131431631253e-08
0.2,10,10,1.3147228770131711,0.39441686310395135,393,-9.2113142809041e-08,9.2113142809041e-08
0.2,10,10,1.3147228770131711,0.39441686310395135,394,-9.161366483538511e-08,9.161366483538511e-08
0.2,10,10,1.3147228770131711,0.39441686310395135,395,-9.161366467603071e-08,9.161366467603071e-08
0.2,10,10,1.3147228770131711,0.39441686310395135,396,-9.161366459825629e-08,9.161366459825629e-08
0.2,10,10,1.3147228770131711,0.39441686310395135,397,-9.161366449398272e-08,9.161366449398272e-08
0.2,10,10,1.3147228770131711,0.39441686310395135,398,-3.082306658688173e-14,3.082306658688173e-14
0.2,10,10,1.3147228770131711,0.39441686310395135,399,-3.025132657465539e-14,3.025132657465539e-14
0.2,10,10,1.3147228770131711,0.39441686310395135,400,3.0282004944158704e-14,3.0282004944158704e-14
0.2,10,10,1.3147228770131711,0.39441686310395135,401,3.0549111681892606e-14,3.0549111681892606e-14
0.2,10,10,1.3147228770131711,0.39441686310395135,402,9.161366432540955e-08,9.161366432540955e-08
0.2,10,10,1.3147228770131711,0.39441686310395135,403,9.16136645073944e-08,9.16136645073944e-08
0.2,10,10,1.3147228770131711,0.39441686310395135,404,9.161366458028483e-08,9.161366458028483e-08
0.2,10,10,1.3147228770131711,0.39441686310395135,405,9.161366488951991e-08,9.161366488951991e-08
0.2,10,10,1.3147228770131711,0.39441686310395135,406,9.211314307486527e-08,9.211314307486527e-08
0.2,10,10,1.3147228770131711,0.39441686310395135,407,9.211314321581013e-08,9.211314321581013e-08
0.2,10,10,1.3147228770131711,0.39441686310395135,408,9.211314326277311e-08,9.211314326277311e-08
0.2,10,10,1.3147228770131711,0.39441686310395135,409,9.211314361148414e-08,9.211314361148414e-08
0.2,10,10,1.3147228770131711,0.39441686310395135,410,9.275087053630435e-08,9.275087053630435e-08
0.3,10,10,1.1190422434238938,0.3357126730271681,388,-5.04809478002629e-06,5.04809478002629e-06
0.3,10,10,1.1190422434238938,0.3357126730271681,389,-5.048094779922647e-06,5.048094779922647e-06
0.3,10,10,1.1190422434238938,0.3357126730271681,390,-4.982406817732059e-06,4.982406817732059e-06
0.3,10,10,1.1190422434238938,0.3357126730271681,391,-4.982406817728555e-06,4.982406817728555e-06
0.3,10,10,1.1190422434238938,0.3357126730271681,392,-4.982406817696746e-06,4.982406817696746e-06
0.3,10,10,1.1190422434238938,0.3357126730271681,393,-4.982406817314331e-06,4.982406817314331e-06
0.3,10,10,1.1190422434238938,0.3357126730271681,394,-4.92251937165615e-06,4.92251937165615e-06
0.3,10,10,1.1190422434238938,0.3357126730271681,395,-4.922519371392458e-06,4.922519371392458e-06
0.3,10,10,1.1190422434238938,0.3357126730271681,396,-4.922519371314752e-06,4.922519371314752e-06
0.3,10,10,1.1190422434238938,0.3357126730271681,397,-4.922519371278456e-06,4.922519371278456e-06
0.3,10,10,1.1190422434238938,0.3357126730271681,398,-9.130789397923243e-11,9.130789397923243e-11
0.3,10,10,1.1190422434238938,0.3357126730271681,399,-9.130741516177903e-11,9.130741516177903e-11
0.3,10,10,1.1190422434238938,0.3357126730271681,400,9.130718625087243e-11,9.130718625087243e-11
0.3,10,10,1.1190422434238938,0.3357126730271681,401,9.130827334875593e-11,9.130827334875593e-11
0.3,10,10,1.1190422434238938,0.3357126730271681,402,4.922519371287064e-06,4.922519371287064e-06
0.3,10,10,1.1190422434238938,0.3357126730271681,403,4.922519371397792e-06,4.922519371397792e-06
0.3,10,10,1.1190422434238938,0.3357126730271681,404,4.9225193715008615e-06,4.9225193715008615e-06
0.3,10,10,1.1190422434238938,0.3357126730271681,405,4.9225193715181215e-06,4.9225193715181215e-06
0.3,10,10,1.1190422434238938,0.3357126730271681,406,4.982406817522763e-06,4.982406817522763e-06
0.3,10,10,1.1190422434238938,0.3357126730271681,407,4.982406817639626e-06,4.982406817639626e-06
0.3,10,10,1.1190422434238938,0.3357126730271681,408,4.982406817827204e-06,4.982406817827204e-06
0.3,10,10,1.1190422434238938,0.3357126730271681,409,4.982406818187247e-06,4.982406818187247e-06
0.3,10,10,1.1190422434238938,0.3357126730271681,410,5.048094779970922e-06,5.048094779970922e-06
0.3,10,10,1.1190422434238938,0.3357126730271681,411,5.048094780034529e-06,5.048094780034529e-06
0.4,10,10,0.9247395985822477,0.2774218795746743,388,-8.250915034780053e-05,8.250915034780053e-05
0.4,10,10,0.9247395985822477,0.2774218795746743,389,-8.250915034705179e-05,8.250915034705179e-05
0.4,10,10,0.9247395985822477,0.2774218795746743,390,-8.078069528148371e-05,8.078069528148371e-05
0.4,10,10,0.9247395985822477,0.2774218795746743,391,-8.078069528122452e-05,8.078069528122452e-05
0.4,10,10,0.9247395985822477,0.2774218795746743,392,-8.078069528119869e-05,8.078069528119869e-05
0.4,10,10,0.9247395985822477,0.2774218795746743,393,-8.078069528071565e-05,8.078069528071565e-05
0.4,10,10,0.9247395985822477,0.2774218795746743,394,-7.88686739100006e-05,7.88686739100006e-05
0.4,10,10,0.9247395985822477,0.2774218795746743,395,-7.886867390982938e-05,7.886867390982938e-05
0.4,10,10,0.9247395985822477,0.2774218795746743,396,-7.88686739097541e-05,7.88686739097541e-05
0.4,10,10,0.9247395985822477,0.2774218795746743,397,-7.886867390939726e-05,7.886867390939726e-05
0.4,10,10,0.9247395985822477,0.2774218795746743,398,-2.453344016421461e-08,2.453344016421461e-08
0.4,10,10,0.9247395985822477,0.2774218795746743,399,-2.4533439308370077e-08,2.4533439308370077e-08
0.4,10,10,0.9247395985822477,0.2774218795746743,400,2.4533439525406407e-08,2.4533439525406407e-08
0.4,10,10,0.9247395985822477,0.2774218795746743,401,2.453344019703607e-08,2.453344019703607e-08
0.4,10,10,0.9247395985822477,0.2774218795746743,402,7.886867390957248e-05,7.886867390957248e-05
0.4,10,10,0.9247395985822477,0.2774218795746743,403,7.886867390957931e-05,7.886867390957931e-05
0.4,10,10,0.9247395985822477,0.2774218795746743,404,7.886867390981287e-05,7.886867390981287e-05
0.4,10,10,0.9247395985822477,0.2774218795746743,405,7.886867390984372e-05,7.886867390984372e-05
0.4,10,10,0.9247395985822477,0.2774218795746743,406,8.078069528100964e-05,8.078069528100964e-05
0.4,10,10,0.9247395985822477,0.2774218795746743,407,8.07806952813111e-05,8.07806952813111e-05
0.4,10,10,0.9247395985822477,0.2774218795746743,408,8.078069528145685e-05,8.078069528145685e-05
0.4,10,10,0.9247395985822477,0.2774218795746743,409,8.078069528149927e-05,8.078069528149927e-05
0.4,10,10,0.9247395985822477,0.2774218795746743,410,8.250915034769417e-05,8.250915034769417e-05
0.4,10,10,0.9247395985822477,0.2774218795746743,411,8.250915034781917e-05,8.250915034781917e-05
0.5,10,10,0.7325810821533132,0.21977432464599395,388,-0.0006854441756125327,0.0006854441756125327
0.5,10,10,0.7325810821533132,0.21977432464599395,389,-0.0006854441756124709,0.0006854441756124709
0.5,10,10,0.7325810821533132,0.21977432464599395,390,-0.0006650494262290522,0.0006650494262290522
0.5,10,10,0.7325810821533132,0.21977432464599395,391,-0.0006650494262285915,0.0006650494262285915
0.5,10,10,0.7325810821533132,0.21977432464599395,392,-0.0006650494262284478,0.0006650494262284478
0.5,10,10,0.7325810821533132,0.21977432464599395,393,-0.0006650494262284455,0.0006650494262284455
0.5,10,10,0.7325810821533132,0.21977432464599395,394,-0.000636609967116807,0.000636609967116807
0.5,10,10,0.7325810821533132,0.21977432464599395,395,-0.0006366099671164971,0.0006366099671164971
0.5,10,10,0.7325810821533132,0.21977432464599395,396,-0.000636609967116371,0.000636609967116371
0.5,10,10,0.7325810821533132,0.21977432464599395,397,-0.0006366099671160173,0.0006366099671160173
0.5,10,10,0.7325810821533132,0.21977432464599395,398,-1.6963922875754156e-06,1.6963922875754156e-06
0.5,10,10,0.7325810821533132,0.21977432464599395,399,-1.6963922868779326e-06,1.6963922868779326e-06
0.5,10,10,0.7325810821533132,0.21977432464599395,400,1.6963922870496142e-06,1.6963922870496142e-06
0.5,10,10,0.7325810821533132,0.21977432464599395,401,1.6963922876474017e-06,1.6963922876474017e-06
0.5,10,10,0.7325810821533132,0.21977432464599395,402,0.0006366099671160486,0.0006366099671160486
0.5,10,10,0.7325810821533132,0.21977432464599395,403,0.0006366099671162549,0.0006366099671162549
0.5,10,10,0.7325810821533132,0.21977432464599395,404,0.0006366099671166851,0.0006366099671166851
0.5,10,10,0.7325810821533132,0.21977432464599395,405,0.0006366099671168585,0.0006366099671168585
0.5,10,10,0.7325810821533132,0.21977432464599395,406,0.000665049426228309,0.000665049426228309
0.5,10,10,0.7325810821533132,0.21977432464599395,407,0.0006650494262285649,0.0006650494262285649
0.5,10,10,0.7325810821533132,0.21977432464599395,408,0.0006650494262285857,0.0006650494262285857
0.5,10,10,0.7325810821533132,0.21977432464599395,409,0.0006650494262289211,0.0006650494262289211
0.5,10,10,0.7325810821533132,0.21977432464599395,410,0.0006854441756124232,0.0006854441756124232
0.5,10,10,0.7325810821533132,0.21977432464599395,411,0.0006854441756126065,0.0006854441756126065
0.6,10,10,0.5440047606874248,0.16320142820622743,389,-0.003626480811068316,0.003626480811068316
0.6,10,10,0.5440047606874248,0.16320142820622743,390,-0.0034899353133259216,0.0034899353133259216
0.6,10,10,0.5440047606874248,0.16320142820622743,391,-0.0034899353133256155,0.0034899353133256155
0.6,10,10,0.5440047606874248,0.16320142820622743,392,-0.003489935313325602,0.003489935313325602
0.6,10,10,0.5440047606874248,0.16320142820622743,393,-0.003489935313325508,0.003489935313325508
0.6,10,10,0.5440047606874248,0.16320142820622743,394,-0.0032449514149959116,0.0032449514149959116
0.6,10,10,0.5440047606874248,0.16320142820622743,395,-0.003244951414995862,0.003244951414995862
0.6,10,10,0.5440047606874248,0.16320142820622743,396,-0.003244951414995752,0.003244951414995752
0.6,10,10,0.5440047606874248,0.16320142820622743,397,-0.003244951414995216,0.003244951414995216
0.6,10,10,0.5440047606874248,0.16320142820622743,398,-4.7370918409889015e-05,4.7370918409889015e-05
0.6,10,10,0.5440047606874248,0.16320142820622743,399,-4.737091840966625e-05,4.737091840966625e-05
0.6,10,10,0.5440047606874248,0.16320142820622743,400,4.7370918409789654e-05,4.7370918409789654e-05
0.6,10,10,0.5440047606874248,0.16320142820622743,401,4.737091840999387e-05,4.737091840999387e-05
0.6,10,10,0.5440047606874248,0.16320142820622743,402,0.0032449514149953144,0.0032449514149953144
0.6,10,10,0.5440047606874248,0.16320142820622743,403,0.0032449514149954528,0.0032449514149954528
0.6,10,10,0.5440047606874248,0.16320142820622743,404,0.0032449514149956835,0.0032449514149956835
0.6,10,10,0.5440047606874248,0.16320142820622743,405,0.0032449514149959498,0.0032449514149959498
0.6,10,10,0.5440047606874248,0.16320142820622743,406,0.0034899353133254086,0.0034899353133254086
0.6,10,10,0.5440047606874248,0.16320142820622743,407,0.0034899353133256102,0.0034899353133256102
0.6,10,10,0.5440047606874248,0.16320142820622743,408,0.0034899353133257794,0.0034899353133257794
0.6,10,10,0.5440047606874248,0.16320142820622743,409,0.003489935313325925,0.003489935313325925
0.6,10,10,0.5440047606874248,0.16320142820622743,410,0.003626480811067841,0.003626480811067841
0.6,10,10,0.5440047606874248,0.16320142820622743,411,0.0036264808110683714,0.0036264808110683714
0.6,10,10,0.5440047606874248,0.16320142820622743,412,0.003626480811068423,0.003626480811068423
0.7,10,10,0.3620052322956887,0.10860156968870661,388,-0.01358760767032381,0.01358760767032381
0.7,10,10,0.3620052322956887,0.10860156968870661,389,-0.013587607670323541,0.013587607670323541
0.7,10,10,0.3620052322956887,0.10860156968870661,390,-0.013006910602738212,0.013006910602738212
0.7,10,10,0.3620052322956887,0.10860156968870661,391,-0.013006910602738212,0.013006910602738212
0.7,10,10,0.3620052322956887,0.10860156968870661,392,-0.013006910602738203,0.013006910602738203
0.7,10,10,0.3620052322956887,0.10860156968870661,393,-0.013006910602737926,0.013006910602737926
0.7,10,10,0.3620052322956887,0.10860156968870661,394,-0.011689144866553912,0.011689144866553912
0.7,10,10,0.3620052322956887,0.10860156968870661,395,-0.011689144866553756,0.011689144866553756
0.7,10,10,0.3620052322956887,0.10860156968870661,396,-0.011689144866553057,0.011689144866553057
0.7,10,10,0.3620052322956887,0.10860156968870661,397,-0.011689144866552965,0.011689144866552965
0.7,10,10,0.3620052322956887,0.10860156968870661,398,-0.0006598064499968975,0.0006598064499968975
0.7,10,10,0.3620052322956887,0.10860156968870661,399,-0.0006598064499958367,0.0006598064499958367
0.7,10,10,0.3620052322956887,0.10860156968870661,400,0.0006598064499955345,0.0006598064499955345
0.7,10,10,0.3620052322956887,0.10860156968870661,401,0.0006598064499959448,0.0006598064499959448
0.7,10,10,0.3620052322956887,0.10860156968870661,402,0.011689144866553522,0.011689144866553522
0.7,10,10,0.3620052322956887,0.10860156968870661,403,0.011689144866553546,0.011689144866553546
0.7,10,10,0.3620052322956887,0.10860156968870661,404,0.011689144866553872,0.011689144866553872
0.7,10,10,0.3620052322956887,0.10860156968870661,405,0.011689144866554162,0.011689144866554162
0.7,10,10,0.3620052322956887,0.10860156968870661,406,0.013006910602737964,0.013006910602737964
0.7,10,10,0.3620052322956887,0.10860156968870661,407,0.013006910602738028,0.013006910602738028
0.7,10,10,0.3620052322956887,0.10860156968870661,408,0.013006910602738219,0.013006910602738219
0.7,10,10,0.3620052322956887,0.10860156968870661,409,0.013006910602738396,0.013006910602738396
0.7,10,10,0.3620052322956887,0.10860156968870661,410,0.013587607670323359,0.013587607670323359
0.7,10,10,0.3620052322956887,0.10860156968870661,411,0.013587607670323631,0.013587607670323631
0.8,10,10,0.19367418534244046,0.058102255602732134,388,-0.03785476541095651,0.03785476541095651
0.8,10,10,0.19367418534244046,0.058102255602732134,389,-0.037854765410956254,0.037854765410956254
0.8,10,10,0.19367418534244046,0.058102255602732134,390,-0.0361841227014774,0.0361841227014774
0.8,10,10,0.19367418534244046,0.058102255602732134,391,-0.03618412270147729,0.03618412270147729
0.8,10,10,0.19367418534244046,0.058102255602732134,392,-0.036184122701477237,0.036184122701477237
0.8,10,10,0.19367418534244046,0.058102255602732134,393,-0.03618412270147689,0.03618412270147689
0.8,10,10,0.19367418534244046,0.058102255602732134,394,-0.031690860539050535,0.031690860539050535
0.8,10,10,0.19367418534244046,0.058102255602732134,395,-0.03169086053904943,0.03169086053904943
0.8,10,10,0.19367418534244046,0.058102255602732134,396,-0.03169086053904937,0.03169086053904937
0.8,10,10,0.19367418534244046,0.058102255602732134,397,-0.031690860539049154,0.031690860539049154
0.8,10,10,0.19367418534244046,0.058102255602732134,398,-0.0050094559790495674,0.0050094559790495674
0.8,10,10,0.19367418534244046,0.058102255602732134,399,-0.005009455979049306,0.005009455979049306
0.8,10,10,0.19367418534244046,0.058102255602732134,400,0.005009455979049223,0.005009455979049223
0.8,10,10,0.19367418534244046,0.058102255602732134,401,0.0050094559790495735,0.0050094559790495735
0.8,10,10,0.19367418534244046,0.058102255602732134,402,0.03169086053904872,0.03169086053904872
0.8,10,10,0.19367418534244046,0.058102255602732134,403,0.031690860539049064,0.031690860539049064
0.8,10,10,0.19367418534244046,0.058102255602732134,404,0.03169086053904919,0.03169086053904919
0.8,10,10,0.19367418534244046,0.058102255602732134,405,0.03169086053904959,0.03169086053904959
0.8,10,10,0.19367418534244046,0.058102255602732134,406,0.036184122701476855,0.036184122701476855
0.8,10,10,0.19367418534244046,0.058102255602732134,407,0.03618412270147737,0.03618412270147737
0.8,10,10,0.19367418534244046,0.058102255602732134,408,0.03618412270147742,0.03618412270147742
0.8,10,10,0.19367418534244046,0.058102255602732134,409,0.03618412270147747,0.03618412270147747
0.8,10,10,0.19367418534244046,0.058102255602732134,410,0.03785476541095647,0.03785476541095647
0.8,10,10,0.19367418534244046,0.058102255602732134,411,0.03785476541095649,0.03785476541095649
0.9,10,10,0.057937972660556177,0.01738139179816685,400,0.02177402190916344,0.02177402190916344
0.9,10,10,0.057937972660556177,0.01738139179816685,401,0.021774021909163686,0.021774021909163686
1.0,10,10,7.622553749832773e-32,0.01,399,-0.059459891950197775,0.059459891950197775
1.0,10,10,7.622553749832773e-32,0.01,400,0.05945989195019771,0.05945989195019771
1.1,10,10,0.05793797266055629,0.017381391798166886,399,-0.11737864182794704,0.11737864182794704
1.1,10,10,0.05793797266055629,0.017381391798166886,400,0.11737864182794698,0.11737864182794698
1.2,10,10,0.1936741853424404,0.05810225560273212,399,-0.18943818512872712,0.18943818512872712
1.2,10,10,0.1936741853424404,0.05810225560273212,400,0.1894381851287271,0.1894381851287271
1.3,10,10,0.3620052322956887,0.10860156968870661,399,-0.27031557933703754,0.27031557933703754
1.3,10,10,0.3620052322956887,0.10860156968870661,400,0.27031557933703815,0.27031557933703815
1.4,10,10,0.5440047606874245,0.16320142820622735,400,0.35667028815637414,0.35667028815637414
1.4,10,10,0.5440047606874245,0.16320142820622735,401,0.3566702881563748,0.3566702881563748
1.5,10,10,0.7325810821533132,0.21977432464599395,399,-0.4465437809310453,0.4465437809310453
1.5,10,10,0.7325810821533132,0.21977432464599395,400,0.4465437809310477,0.4465437809310477
