v,lm,t,w,Delta_M,band_character_sign,signed_mass_proxy,overlap_val_ref_val,overlap_val_ref_con,vx_est,vy_est,comment
0.55,0.1,0.3,1.0,0.09999999999999981,1,0.049999999999999906,1.0000000000000004,6.572386570585023e-16,1.3877787807814457e-14,6.938893903907228e-15,signed_mass_proxy from M-point component continuity
0.551,0.1,0.3,1.0,0.0979999999999992,1,0.0489999999999996,0.9429799145092252,1.383984206655288e-15,0.0,2.42861286636753e-14,signed_mass_proxy from M-point component continuity
0.552,0.1,0.3,1.0,0.09599999999999964,1,0.04799999999999982,0.7649693285502567,1.841065555140928e-15,1.734723475976807e-14,1.734723475976807e-14,signed_mass_proxy from M-point component continuity
0.553,0.1,0.3,1.0,0.0939999999999998,1,0.0469999999999999,0.9023440783681904,4.78838353334937e-16,1.3877787807814457e-14,3.469446951953614e-14,signed_mass_proxy from M-point component continuity
0.554,0.1,0.3,1.0,0.09199999999999986,1,0.04599999999999993,0.7076580694741827,1.2050751678031182e-15,5.204170427930421e-14,2.0816681711721685e-14,signed_mass_proxy from M-point component continuity
0.555,0.1,0.3,1.0,0.08999999999999866,1,0.04499999999999933,0.6063932448777585,2.395078288179028e-16,3.469446951953614e-14,3.469446951953614e-15,signed_mass_proxy from M-point component continuity
0.556,0.1,0.3,1.0,0.08799999999999963,1,0.04399999999999982,0.7941689628907078,2.1027693699966682e-16,2.42861286636753e-14,2.42861286636753e-14,signed_mass_proxy from M-point component continuity
0.557,0.1,0.3,1.0,0.08599999999999985,1,0.04299999999999993,0.958568872238103,1.7388697900154311e-15,3.469446951953614e-15,1.734723475976807e-14,signed_mass_proxy from M-point component continuity
0.558,0.1,0.3,1.0,0.08399999999999844,1,0.04199999999999922,0.6063134564076538,5.708385828401327e-17,1.734723475976807e-14,2.42861286636753e-14,signed_mass_proxy from M-point component continuity
0.559,0.1,0.3,1.0,0.08199999999999971,1,0.040999999999999856,0.226675717734153,4.522278337923255e-16,2.0816681711721685e-14,2.42861286636753e-14,signed_mass_proxy from M-point component continuity
0.56,0.1,0.3,1.0,0.0799999999999996,1,0.0399999999999998,0.8250754825884464,1.7589908478558313e-15,2.7755575615628914e-14,6.938893903907228e-15,signed_mass_proxy from M-point component continuity
0.561,0.1,0.3,1.0,0.0779999999999996,1,0.0389999999999998,0.63450180814606,4.676226350111147e-16,6.938893903907228e-15,5.898059818321144e-14,signed_mass_proxy from M-point component continuity
0.562,0.1,0.3,1.0,0.07599999999999979,1,0.037999999999999895,0.7643530009688396,6.419735502706819e-16,4.163336342344337e-14,2.42861286636753e-14,signed_mass_proxy from M-point component continuity
0.563,0.1,0.3,1.0,0.07400000000000032,1,0.03700000000000016,0.9517672173350055,3.525566418677228e-15,3.8163916471489756e-14,1.3877787807814457e-14,signed_mass_proxy from M-point component continuity
0.564,0.1,0.3,1.0,0.07199999999999965,1,0.035999999999999824,0.8363848065384046,5.174813758162897e-16,1.0408340855860843e-14,3.469446951953614e-15,signed_mass_proxy from M-point component continuity
0.565,0.1,0.3,1.0,0.07000000000000009,1,0.035000000000000045,0.5496335008179519,6.103583927466066e-16,3.469446951953614e-14,1.0408340855860843e-14,signed_mass_proxy from M-point component continuity
0.566,0.1,0.3,1.0,0.06800000000000014,1,0.03400000000000007,0.845811718715499,1.0117010023185701e-15,1.734723475976807e-14,1.734723475976807e-14,signed_mass_proxy from M-point component continuity
0.567,0.1,0.3,1.0,0.06599999999999978,1,0.03299999999999989,0.5940013796403987,7.73646174607526e-16,2.0816681711721685e-14,1.734723475976807e-14,signed_mass_proxy from M-point component continuity
0.568,0.1,0.3,1.0,0.06400000000000003,1,0.032000000000000015,0.9067137516923663,1.7121325615163252e-15,8.673617379884035e-14,3.469446951953614e-15,signed_mass_proxy from M-point component continuity
0.569,0.1,0.3,1.0,0.06199999999999989,1,0.030999999999999944,0.6545877508934377,1.999557034049793e-16,2.7755575615628914e-14,5.898059818321144e-14,signed_mass_proxy from M-point component continuity
0.57,0.1,0.3,1.0,0.059999999999999915,1,0.029999999999999957,0.8122636075086785,2.325572310478605e-15,2.42861286636753e-14,2.7755575615628914e-14,signed_mass_proxy from M-point component continuity
0.571,0.1,0.3,1.0,0.05800000000000019,1,0.029000000000000095,0.7342346454026215,2.8467663360949794e-16,1.3877787807814457e-14,4.5102810375396984e-14,signed_mass_proxy from M-point component continuity
0.572,0.1,0.3,1.0,0.05600000000000038,1,0.02800000000000019,0.6057995287469689,3.891207070963179e-15,1.0408340855860843e-14,1.734723475976807e-14,signed_mass_proxy from M-point component continuity
0.573,0.1,0.3,1.0,0.05399999999999988,1,0.02699999999999994,0.7937144429871134,1.0789324223927529e-15,4.85722573273506e-14,7.632783294297951e-14,signed_mass_proxy from M-point component continuity
0.574,0.1,0.3,1.0,0.05199999999999996,1,0.02599999999999998,0.6508453271400931,2.322978567239248e-16,3.122502256758253e-14,1.3877787807814457e-14,signed_mass_proxy from M-point component continuity
0.575,0.1,0.3,1.0,0.04999999999999977,1,0.024999999999999883,0.6159626633657637,2.6050840703962423e-16,4.5102810375396984e-14,1.734723475976807e-14,signed_mass_proxy from M-point component continuity
0.576,0.1,0.3,1.0,0.04799999999999979,1,0.023999999999999896,0.9511275840443987,1.2615521329080324e-15,2.0816681711721685e-14,3.469446951953614e-14,signed_mass_proxy from M-point component continuity
0.577,0.1,0.3,1.0,0.04599999999999929,1,0.022999999999999646,0.6406222127661042,7.208355213716579e-16,6.245004513516506e-14,4.85722573273506e-14,signed_mass_proxy from M-point component continuity
0.578,0.1,0.3,1.0,0.0439999999999999,1,0.02199999999999995,0.3352142604881828,1.3723498911903845e-15,4.85722573273506e-14,8.673617379884035e-14,signed_mass_proxy from M-point component continuity
0.579,0.1,0.3,1.0,0.041999999999999954,1,0.020999999999999977,0.6595781747916994,1.4260415638581983e-15,5.551115123125783e-14,2.42861286636753e-14,signed_mass_proxy from M-point component continuity
0.58,0.1,0.3,1.0,0.04000000000000001,1,0.020000000000000004,0.7963655219394519,1.6690268798664875e-15,3.469446951953614e-14,3.469446951953614e-15,signed_mass_proxy from M-point component continuity
0.581,0.1,0.3,1.0,0.03799999999999995,1,0.018999999999999975,0.4774449472054517,3.2270093695648904e-15,7.28583859910259e-14,4.5102810375396984e-14,signed_mass_proxy from M-point component continuity
0.582,0.1,0.3,1.0,0.03600000000000003,1,0.018000000000000016,0.7875211938586718,1.3944100394870553e-15,7.28583859910259e-14,1.0408340855860843e-14,signed_mass_proxy from M-point component continuity
0.583,0.1,0.3,1.0,0.03399999999999964,1,0.01699999999999982,0.821995422784577,7.015397050572688e-15,2.0816681711721685e-14,4.85722573273506e-14,signed_mass_proxy from M-point component continuity
0.584,0.1,0.3,1.0,0.03199999999999989,1,0.015999999999999945,0.5991560486584502,2.0458722458826334e-15,1.3877787807814457e-14,6.938893903907228e-15,signed_mass_proxy from M-point component continuity
0.585,0.1,0.3,1.0,0.029999999999999666,1,0.014999999999999833,0.5365867910919521,2.7040268043879454e-15,4.163336342344337e-14,5.204170427930421e-14,signed_mass_proxy from M-point component continuity
0.586,0.1,0.3,1.0,0.02799999999999972,1,0.01399999999999986,0.95318917460492,1.991870261432476e-15,1.3877787807814457e-14,5.204170427930421e-14,signed_mass_proxy from M-point component continuity
0.587,0.1,0.3,1.0,0.02599999999999958,1,0.01299999999999979,0.5398659709339866,1.2308930576108667e-15,1.3877787807814457e-14,3.8163916471489756e-14,signed_mass_proxy from M-point component continuity
0.588,0.1,0.3,1.0,0.023999999999999855,1,0.011999999999999927,0.7752181549231143,8.647483814693388e-15,1.734723475976807e-14,5.204170427930421e-14,signed_mass_proxy from M-point component continuity
0.589,0.1,0.3,1.0,0.021999999999999992,1,0.010999999999999996,0.9720680438738717,5.6231785024474065e-15,1.3877787807814457e-14,1.3877787807814457e-14,signed_mass_proxy from M-point component continuity
0.59,0.1,0.3,1.0,0.019999999999999796,1,0.009999999999999898,0.2701381662888987,4.340597039073271e-15,7.979727989493313e-14,6.245004513516506e-14,signed_mass_proxy from M-point component continuity
0.591,0.1,0.3,1.0,0.017999999999999655,1,0.008999999999999828,0.5736370878723032,2.261104519006021e-15,6.591949208711867e-14,6.938893903907228e-14,signed_mass_proxy from M-point component continuity
0.592,0.1,0.3,1.0,0.015999999999999848,1,0.007999999999999924,0.787621312732282,5.731410934317257e-15,4.5102810375396984e-14,3.122502256758253e-14,signed_mass_proxy from M-point component continuity
0.593,0.1,0.3,1.0,0.013999999999999652,1,0.006999999999999826,0.7782100183414032,3.119250027148308e-15,4.163336342344337e-14,1.0408340855860843e-14,signed_mass_proxy from M-point component continuity
0.594,0.1,0.3,1.0,0.011999999999999872,1,0.005999999999999936,0.4225616204677618,4.983163026090996e-15,4.5102810375396984e-14,3.469446951953614e-14,signed_mass_proxy from M-point component continuity
0.595,0.1,0.3,1.0,0.009999999999999842,1,0.004999999999999921,0.8336306862449804,2.2303127437419957e-15,6.938893903907228e-15,6.938893903907228e-15,signed_mass_proxy from M-point component continuity
0.596,0.1,0.3,1.0,0.007999999999999452,1,0.003999999999999726,0.9623159958703696,1.5035088077322763e-14,2.7755575615628914e-14,3.122502256758253e-14,signed_mass_proxy from M-point component continuity
0.597,0.1,0.3,1.0,0.005999999999999506,1,0.002999999999999753,0.9616241576576988,2.4715745307790816e-14,3.122502256758253e-14,1.0408340855860843e-14,signed_mass_proxy from M-point component continuity
0.598,0.1,0.3,1.0,0.0039999999999997815,1,0.0019999999999998908,0.6334966301369608,4.2426470760561816e-15,6.938893903907228e-15,4.163336342344337e-14,signed_mass_proxy from M-point component continuity
0.599,0.1,0.3,1.0,0.0020000000000000295,1,0.0010000000000000148,0.8273398658243101,3.7492943094210496e-14,7.28583859910259e-14,5.204170427930421e-14,signed_mass_proxy from M-point component continuity
0.6,0.1,0.3,1.0,1.942890293094024e-16,1,9.71445146547012e-17,0.3976251846969523,0.08452733813177539,4.5102810375396984e-14,2.42861286636753e-14,signed_mass_proxy from M-point component continuity
0.601,0.1,0.3,1.0,0.001999999999999863,-1,-0.0009999999999999315,1.1359999290313427e-13,0.6655371046137445,3.469446951953614e-14,3.8163916471489756e-14,signed_mass_proxy from M-point component continuity
0.602,0.1,0.3,1.0,0.003999999999999504,-1,-0.001999999999999752,1.8878910113779458e-14,0.10263037008543488,3.469446951953614e-15,3.469446951953614e-15,signed_mass_proxy from M-point component continuity
0.603,0.1,0.3,1.0,0.005999999999999589,-1,-0.0029999999999997945,1.7169775755282562e-14,0.9862942821033965,1.0408340855860843e-14,2.7755575615628914e-14,signed_mass_proxy from M-point component continuity
0.604,0.1,0.3,1.0,0.007999999999999452,-1,-0.003999999999999726,1.1175904583009077e-14,0.43317823227026875,1.734723475976807e-14,1.3877787807814457e-14,signed_mass_proxy from M-point component continuity
0.605,0.1,0.3,1.0,0.009999999999999454,-1,-0.004999999999999727,1.3340265018695528e-14,0.9580804792222364,0.0,4.85722573273506e-14,signed_mass_proxy from M-point component continuity
0.606,0.1,0.3,1.0,0.011999999999999983,-1,-0.0059999999999999915,8.16372020266293e-15,0.9978291043707146,6.938893903907228e-15,1.0408340855860843e-14,signed_mass_proxy from M-point component continuity
0.607,0.1,0.3,1.0,0.013999999999999208,-1,-0.006999999999999604,5.915030087895289e-15,0.11710949370514355,1.0408340855860843e-14,6.938893903907228e-15,signed_mass_proxy from M-point component continuity
0.608,0.1,0.3,1.0,0.01599999999999996,-1,-0.00799999999999998,5.846704952636756e-15,0.9957014068714417,2.42861286636753e-14,2.42861286636753e-14,signed_mass_proxy from M-point component continuity
0.609,0.1,0.3,1.0,0.017999999999999544,-1,-0.008999999999999772,3.8576722395050574e-15,0.5434159822074199,1.3877787807814457e-14,2.42861286636753e-14,signed_mass_proxy from M-point component continuity
0.61,0.1,0.3,1.0,0.01999999999999938,-1,-0.00999999999999969,4.9096818274166645e-15,0.12128185161762009,3.122502256758253e-14,1.0408340855860843e-14,signed_mass_proxy from M-point component continuity
0.611,0.1,0.3,1.0,0.02199999999999991,-1,-0.010999999999999954,8.526892254564652e-16,0.1364687982503062,1.0408340855860843e-14,6.938893903907228e-15,signed_mass_proxy from M-point component continuity
0.612,0.1,0.3,1.0,0.023999999999999827,-1,-0.011999999999999914,9.063763595915645e-15,0.8990647737564934,1.0408340855860843e-14,3.469446951953614e-15,signed_mass_proxy from M-point component continuity
0.613,0.1,0.3,1.0,0.0259999999999998,-1,-0.0129999999999999,9.436829364595924e-15,0.9734888247796885,1.0408340855860843e-14,6.938893903907228e-15,signed_mass_proxy from M-point component continuity
0.614,0.1,0.3,1.0,0.027999999999999636,-1,-0.013999999999999818,1.0275398387450982e-15,0.14271656050111792,1.734723475976807e-14,5.898059818321144e-14,signed_mass_proxy from M-point component continuity
0.615,0.1,0.3,1.0,0.029999999999999805,-1,-0.014999999999999902,8.585089156253e-15,0.9961715217911594,3.8163916471489756e-14,3.122502256758253e-14,signed_mass_proxy from M-point component continuity
0.616,0.1,0.3,1.0,0.03199999999999989,-1,-0.015999999999999945,4.153233226862236e-15,0.9943811170030227,3.8163916471489756e-14,1.3877787807814457e-14,signed_mass_proxy from M-point component continuity
0.617,0.1,0.3,1.0,0.033999999999999975,-1,-0.016999999999999987,4.422732170700989e-15,0.9926291621289947,6.938893903907228e-15,3.469446951953614e-15,signed_mass_proxy from M-point component continuity
0.618,0.1,0.3,1.0,0.03599999999999978,-1,-0.01799999999999989,1.0383149581460195e-15,0.18844256162115502,1.734723475976807e-14,1.734723475976807e-14,signed_mass_proxy from M-point component continuity
0.619,0.1,0.3,1.0,0.03799999999999998,-1,-0.01899999999999999,1.6086085335200904e-15,0.5096292404748393,1.3877787807814457e-14,2.0816681711721685e-14,signed_mass_proxy from M-point component continuity
0.62,0.1,0.3,1.0,0.04000000000000009,-1,-0.020000000000000046,2.767227653159622e-15,0.9951668232932793,1.3877787807814457e-14,3.469446951953614e-15,signed_mass_proxy from M-point component continuity
0.621,0.1,0.3,1.0,0.04199999999999962,-1,-0.02099999999999981,4.1776105986857494e-15,0.9598615600288132,1.734723475976807e-14,6.938893903907228e-15,signed_mass_proxy from M-point component continuity
0.622,0.1,0.3,1.0,0.0439999999999999,-1,-0.02199999999999995,2.5288904807586825e-15,0.1029776709997319,3.469446951953614e-15,2.0816681711721685e-14,signed_mass_proxy from M-point component continuity
0.623,0.1,0.3,1.0,0.045999999999999514,-1,-0.022999999999999757,1.2388346600422092e-15,0.10415398540633411,1.3877787807814457e-14,3.469446951953614e-15,signed_mass_proxy from M-point component continuity
0.624,0.1,0.3,1.0,0.04799999999999993,-1,-0.023999999999999966,3.2619475250137843e-15,0.9863801376951422,2.7755575615628914e-14,2.42861286636753e-14,signed_mass_proxy from M-point component continuity
0.625,0.1,0.3,1.0,0.04999999999999963,-1,-0.024999999999999814,3.4176565748033494e-15,0.18178018063351903,6.938893903907228e-15,2.0816681711721685e-14,signed_mass_proxy from M-point component continuity
0.626,0.1,0.3,1.0,0.05199999999999955,-1,-0.025999999999999773,5.535256951745231e-15,0.9716575902494804,1.3877787807814457e-14,6.938893903907228e-15,signed_mass_proxy from M-point component continuity
0.627,0.1,0.3,1.0,0.05399999999999974,-1,-0.02699999999999987,4.323852555979079e-15,0.9950067535735628,5.898059818321144e-14,4.85722573273506e-14,signed_mass_proxy from M-point component continuity
0.628,0.1,0.3,1.0,0.05599999999999958,-1,-0.02799999999999979,2.2808772253229867e-16,0.19651839696851894,4.85722573273506e-14,2.42861286636753e-14,signed_mass_proxy from M-point component continuity
0.629,0.1,0.3,1.0,0.05799999999999997,-1,-0.028999999999999984,1.2870894693518455e-15,0.2749036873936549,2.7755575615628914e-14,6.938893903907228e-15,signed_mass_proxy from M-point component continuity
0.63,0.1,0.3,1.0,0.059999999999999915,-1,-0.029999999999999957,1.9477155208941147e-15,0.9988614919366431,3.469446951953614e-14,2.42861286636753e-14,signed_mass_proxy from M-point component continuity
0.631,0.1,0.3,1.0,0.06199999999999958,-1,-0.03099999999999979,1.332303988299879e-15,0.25472803527969673,2.42861286636753e-14,2.42861286636753e-14,signed_mass_proxy from M-point component continuity
0.632,0.1,0.3,1.0,0.06399999999999997,-1,-0.03199999999999999,2.5718034667942443e-15,0.6285417224038805,1.3877787807814457e-14,1.0408340855860843e-14,signed_mass_proxy from M-point component continuity
0.633,0.1,0.3,1.0,0.06599999999999961,-1,-0.03299999999999981,5.311626037951e-15,0.9847615509184479,3.469446951953614e-15,3.469446951953614e-15,signed_mass_proxy from M-point component continuity
0.634,0.1,0.3,1.0,0.06799999999999884,-1,-0.03399999999999942,9.369425716023648e-16,0.24632719799000508,3.469446951953614e-15,1.0408340855860843e-14,signed_mass_proxy from M-point component continuity
0.635,0.1,0.3,1.0,0.06999999999999953,-1,-0.03499999999999977,2.780746391855973e-15,0.9972327699233257,1.734723475976807e-14,6.938893903907228e-15,signed_mass_proxy from M-point component continuity
0.636,0.1,0.3,1.0,0.07199999999999962,-1,-0.03599999999999981,3.3042170221027616e-15,0.990864806042213,3.469446951953614e-15,6.938893903907228e-15,signed_mass_proxy from M-point component continuity
0.637,0.1,0.3,1.0,0.07399999999999998,-1,-0.03699999999999999,3.961980198565278e-15,0.9970354736390492,2.7755575615628914e-14,4.5102810375396984e-14,signed_mass_proxy from M-point component continuity
0.638,0.1,0.3,1.0,0.07599999999999907,-1,-0.037999999999999534,1.4056484097804554e-15,0.08012474642657431,6.938893903907228e-15,6.938893903907228e-15,signed_mass_proxy from M-point component continuity
0.639,0.1,0.3,1.0,0.07799999999999985,-1,-0.038999999999999924,3.207969048994053e-15,0.9861810443269429,1.3877787807814457e-14,3.469446951953614e-15,signed_mass_proxy from M-point component continuity
0.64,0.1,0.3,1.0,0.07999999999999963,-1,-0.039999999999999813,2.2983893548110556e-15,0.15913496699393773,1.0408340855860843e-14,2.42861286636753e-14,signed_mass_proxy from M-point component continuity
0.641,0.1,0.3,1.0,0.0819999999999999,-1,-0.04099999999999995,2.905107353913074e-15,0.9963872057555118,1.0408340855860843e-14,3.469446951953614e-15,signed_mass_proxy from M-point component continuity
0.642,0.1,0.3,1.0,0.0839999999999993,-1,-0.04199999999999965,8.214239600410916e-16,0.13822927232871157,6.938893903907228e-15,3.122502256758253e-14,signed_mass_proxy from M-point component continuity
0.643,0.1,0.3,1.0,0.08599999999999927,-1,-0.042999999999999636,1.7269874532398002e-15,0.963085165627452,3.469446951953614e-15,6.938893903907228e-14,signed_mass_proxy from M-point component continuity
0.644,0.1,0.3,1.0,0.08799999999999969,-1,-0.043999999999999845,3.2936559497248677e-15,0.9522639042242981,2.0816681711721685e-14,0.0,signed_mass_proxy from M-point component continuity
0.645,0.1,0.3,1.0,0.0899999999999995,-1,-0.04499999999999975,1.0555540185853107e-15,0.13778406604393137,5.551115123125783e-14,2.0816681711721685e-14,signed_mass_proxy from M-point component continuity
0.646,0.1,0.3,1.0,0.09199999999999958,-1,-0.04599999999999979,2.9593698810163832e-15,0.9002392179454953,1.3877787807814457e-14,1.3877787807814457e-14,signed_mass_proxy from M-point component continuity
0.647,0.1,0.3,1.0,0.0939999999999995,-1,-0.04699999999999975,1.3703861201355376e-15,0.12251005947510936,3.469446951953614e-15,1.3877787807814457e-14,signed_mass_proxy from M-point component continuity
0.648,0.1,0.3,1.0,0.09599999999999931,-1,-0.047999999999999654,8.773292639601713e-16,0.25087519500990946,1.734723475976807e-14,2.7755575615628914e-14,signed_mass_proxy from M-point component continuity
0.649,0.1,0.3,1.0,0.09799999999999964,-1,-0.04899999999999982,1.7264734587583235e-15,0.11934089679821734,6.938893903907228e-15,4.5102810375396984e-14,signed_mass_proxy from M-point component continuity
0.65,0.1,0.3,1.0,0.09999999999999992,-1,-0.04999999999999996,1.4521634501691965e-15,0.19145037968917805,6.245004513516506e-14,4.163336342344337e-14,signed_mass_proxy from M-point component continuity
1.08,0.1,0.3,1.0,0.39999999999999963,-1,-0.19999999999999982,2.441437960922948e-15,0.46339946861966425,1.3877787807814457e-14,0.0,signed_mass_proxy from M-point component continuity
1.081,0.1,0.3,1.0,0.3999999999999999,-1,-0.19999999999999996,1.5485645723765632e-15,0.9834377490245819,1.3877787807814457e-14,4.163336342344337e-14,signed_mass_proxy from M-point component continuity
1.082,0.1,0.3,1.0,0.3999999999999999,-1,-0.19999999999999996,2.0199867708869634e-15,0.9506518250618848,0.0,1.3877787807814457e-14,signed_mass_proxy from M-point component continuity
1.083,0.1,0.3,1.0,0.3999999999999991,-1,-0.19999999999999954,2.099745289672538e-15,0.27144422476774177,2.0816681711721685e-14,0.0,signed_mass_proxy from M-point component continuity
1.084,0.1,0.3,1.0,0.3999999999999999,-1,-0.19999999999999996,1.4864631313738523e-15,0.9960410637707852,2.0816681711721685e-14,6.938893903907228e-15,signed_mass_proxy from M-point component continuity
1.085,0.1,0.3,1.0,0.39999999999999997,-1,-0.19999999999999998,2.1808902904522423e-15,0.9484714715427525,1.3877787807814457e-14,2.7755575615628914e-14,signed_mass_proxy from M-point component continuity
1.086,0.1,0.3,1.0,0.40000000000000013,-1,-0.20000000000000007,1.9533648630974724e-15,0.10927049570515464,1.3877787807814457e-14,1.3877787807814457e-14,signed_mass_proxy from M-point component continuity
1.087,0.1,0.3,1.0,0.3999999999999997,-1,-0.19999999999999984,1.6332249468547457e-15,0.9875641336231767,3.469446951953614e-14,2.0816681711721685e-14,signed_mass_proxy from M-point component continuity
1.088,0.1,0.3,1.0,0.3999999999999998,-1,-0.1999999999999999,1.9655273618946e-15,0.9934906516991032,6.245004513516506e-14,2.0816681711721685e-14,signed_mass_proxy from M-point component continuity
1.089,0.1,0.3,1.0,0.3999999999999999,-1,-0.19999999999999996,1.841376858041136e-15,0.9942370801804721,5.551115123125783e-14,6.938893903907228e-15,signed_mass_proxy from M-point component continuity
1.09,0.1,0.3,1.0,0.40000000000000024,-1,-0.20000000000000012,1.9060029742430474e-15,0.9895543707530396,2.7755575615628914e-14,4.163336342344337e-14,signed_mass_proxy from M-point component continuity
1.091,0.1,0.3,1.0,0.39999999999999974,-1,-0.19999999999999987,1.7180464510010231e-15,0.29533213740772807,6.938893903907228e-15,1.3877787807814457e-14,signed_mass_proxy from M-point component continuity
1.092,0.1,0.3,1.0,0.40000000000000024,-1,-0.20000000000000012,1.6732854484616471e-15,0.9117472652910289,1.3877787807814457e-14,1.3877787807814457e-14,signed_mass_proxy from M-point component continuity
1.093,0.1,0.3,1.0,0.3999999999999995,-1,-0.19999999999999976,1.6948428240559065e-15,0.9985423512541143,4.163336342344337e-14,6.938893903907228e-15,signed_mass_proxy from M-point component continuity
1.094,0.1,0.3,1.0,0.3999999999999997,-1,-0.19999999999999984,1.5382964912675177e-15,0.34560784601981553,2.7755575615628914e-14,2.0816681711721685e-14,signed_mass_proxy from M-point component continuity
1.095,0.1,0.3,1.0,0.39999999999999974,-1,-0.19999999999999987,2.4052636579447185e-15,0.9106118020987175,2.7755575615628914e-14,1.3877787807814457e-14,signed_mass_proxy from M-point component continuity
1.096,0.1,0.3,1.0,0.3999999999999998,-1,-0.1999999999999999,1.7440343873765078e-15,0.20905121774636012,2.7755575615628914e-14,1.3877787807814457e-14,signed_mass_proxy from M-point component continuity
1.097,0.1,0.3,1.0,0.3999999999999997,-1,-0.19999999999999984,2.3058381034689535e-15,0.37404415789420825,6.245004513516506e-14,2.0816681711721685e-14,signed_mass_proxy from M-point component continuity
1.098,0.1,0.3,1.0,0.3999999999999999,-1,-0.19999999999999996,1.7517148086765945e-15,0.9938534712505617,2.0816681711721685e-14,6.245004513516506e-14,signed_mass_proxy from M-point component continuity
1.099,0.1,0.3,1.0,0.4,-1,-0.2,1.6061872304014169e-15,0.9945400975511147,1.3877787807814457e-14,2.0816681711721685e-14,signed_mass_proxy from M-point component continuity
1.1,0.1,0.3,1.0,0.39999999999999947,-1,-0.19999999999999973,1.990621636919078e-15,0.11050380141598734,6.938893903907228e-15,4.163336342344337e-14,signed_mass_proxy from M-point component continuity
