v,Lx,Ly,state_index,energy,abs_energy,W_corner,W_edge,W_bulk,max_position_x,max_position_y,classification,in_gap_window,bulk_gap_used,window_status
0.3,10,10,366,-0.19474987854142184,0.19474987854142184,0.0074465258359887095,0.20796593724547546,0.7845875369185359,4,4,bulk_or_mixed_state,0.23999999999999996,0.5999999999999999,ok
0.3,10,10,367,-0.19474987854142173,0.19474987854142173,0.007446525835988732,0.20796593724547507,0.7845875369185356,4,4,bulk_or_mixed_state,0.23999999999999996,0.5999999999999999,ok
0.3,10,10,368,-0.14330166325754398,0.14330166325754398,0.09381285787937682,0.9044745763868782,0.0017125657337456433,9,4,edge_state,0.23999999999999996,0.5999999999999999,ok
0.3,10,10,369,-0.14330166325754398,0.14330166325754398,0.09381285787937996,0.9044745763868747,0.0017125657337456594,4,0,edge_state,0.23999999999999996,0.5999999999999999,ok
0.3,10,10,370,-0.14300349190650116,0.14300349190650116,0.09196641345482844,0.9064854773386519,0.0015481092065201447,0,5,edge_state,0.23999999999999996,0.5999999999999999,ok
0.3,10,10,371,-0.14300349190650083,0.14300349190650083,0.09196641345482579,0.9064854773386549,0.001548109206520195,5,9,edge_state,0.23999999999999996,0.5999999999999999,ok
0.3,10,10,372,-0.14245348651282067,0.14245348651282067,0.06366692592161016,0.9345063798312075,0.0018266942471806963,0,5,edge_state,0.23999999999999996,0.5999999999999999,ok
0.3,10,10,373,-0.14245348651282055,0.14245348651282055,0.06366692592161102,0.9345063798312087,0.0018266942471807188,0,5,edge_state,0.23999999999999996,0.5999999999999999,ok
0.3,10,10,374,-0.14209561499409926,0.14209561499409926,0.059350737689557675,0.9390341979657482,0.0016150643446950267,4,9,edge_state,0.23999999999999996,0.5999999999999999,ok
0.3,10,10,375,-0.14209561499409884,0.14209561499409884,0.05935073768955623,0.9390341979657489,0.0016150643446950577,9,4,edge_state,0.23999999999999996,0.5999999999999999,ok
0.3,10,10,376,-0.1291531314348619,0.1291531314348619,0.2889347231031838,0.7094022443125098,0.0016630325843071951,0,7,edge_state,0.23999999999999996,0.5999999999999999,ok
0.3,10,10,377,-0.12915313143486176,0.12915313143486176,0.28893472310318546,0.7094022443125084,0.00166303258430716,9,2,edge_state,0.23999999999999996,0.5999999999999999,ok
0.3,10,10,378,-0.12888071159368772,0.12888071159368772,0.27629228576957054,0.7212419555140627,0.0024657587163677214,9,7,edge_state,0.23999999999999996,0.5999999999999999,ok
0.3,10,10,379,-0.1288807115936877,0.1288807115936877,0.27629228576957243,0.7212419555140621,0.002465758716367714,2,9,edge_state,0.23999999999999996,0.5999999999999999,ok
0.3,10,10,380,-0.12593712998208476,0.12593712998208476,0.2213085629098524,0.7771497438903812,0.0015416931997661695,9,2,edge_state,0.23999999999999996,0.5999999999999999,ok
0.3,10,10,381,-0.12593712998208476,0.12593712998208476,0.22130856290984838,0.7771497438903869,0.0015416931997661776,2,0,edge_state,0.23999999999999996,0.5999999999999999,ok
0.3,10,10,382,-0.12517450990616247,0.12517450990616247,0.1854717940524866,0.811908719357652,0.0026194865898616438,2,0,edge_state,0.23999999999999996,0.5999999999999999,ok
0.3,10,10,383,-0.12517450990616236,0.12517450990616236,0.1854717940524877,0.8119087193576513,0.002619486589861571,2,9,edge_state,0.23999999999999996,0.5999999999999999,ok
0.3,10,10,384,-0.106805980753813,0.106805980753813,0.44288405162874117,0.5543467698925642,0.0027691784786949354,1,0,bulk_or_mixed_state,0.23999999999999996,0.5999999999999999,ok
0.3,10,10,385,-0.10680598075381283,0.10680598075381283,0.4428840516287376,0.5543467698925678,0.0027691784786949575,9,8,bulk_or_mixed_state,0.23999999999999996,0.5999999999999999,ok
0.3,10,10,386,-0.10242224554795017,0.10242224554795017,0.37773544201700926,0.6206891771162624,0.0015753808667288295,1,9,edge_state,0.23999999999999996,0.5999999999999999,ok
0.3,10,10,387,-0.10242224554794871,0.10242224554794871,0.37773544201701015,0.6206891771162619,0.001575380866728804,9,8,edge_state,0.23999999999999996,0.5999999999999999,ok
0.3,10,10,388,-0.1014929658535476,0.1014929658535476,0.3729774164631813,0.6224179362177221,0.004604647319097145,8,0,edge_state,0.23999999999999996,0.5999999999999999,ok
0.3,10,10,389,-0.10149296585354692,0.10149296585354692,0.3729774164631805,0.6224179362177227,0.004604647319097111,9,8,edge_state,0.23999999999999996,0.5999999999999999,ok
0.3,10,10,390,-0.09669619119171667,0.09669619119171667,0.3143108451090535,0.6831922474689287,0.0024969074220178916,0,2,edge_state,0.23999999999999996,0.5999999999999999,ok
0.3,10,10,391,-0.09669619119171632,0.09669619119171632,0.3143108451090544,0.6831922474689285,0.0024969074220178686,0,2,edge_state,0.23999999999999996,0.5999999999999999,ok
0.3,10,10,392,-0.07239525024639001,0.07239525024639001,0.43186237656789794,0.5656253785775065,0.0025122448545954338,8,0,bulk_or_mixed_state,0.23999999999999996,0.5999999999999999,ok
0.3,10,10,393,-0.07239525024638986,0.07239525024638986,0.4318623765678963,0.5656253785775078,0.0025122448545954234,9,8,bulk_or_mixed_state,0.23999999999999996,0.5999999999999999,ok
0.3,10,10,394,-0.07145498024990331,0.07145498024990331,0.4457697756417731,0.5474456274223668,0.006784596935859144,1,9,bulk_or_mixed_state,0.23999999999999996,0.5999999999999999,ok
0.3,10,10,395,-0.07145498024990315,0.07145498024990315,0.4457697756417708,0.5474456274223678,0.006784596935859176,0,1,bulk_or_mixed_state,0.23999999999999996,0.5999999999999999,ok
0.3,10,10,396,-0.06273170842750818,0.06273170842750818,0.3951810046985008,0.6027256829346138,0.002093312366885274,1,0,edge_state,0.23999999999999996,0.5999999999999999,ok
0.3,10,10,397,-0.06273170842750811,0.06273170842750811,0.39518100469850104,0.6027256829346144,0.0020933123668852908,0,8,edge_state,0.23999999999999996,0.5999999999999999,ok
0.3,10,10,398,-0.058394309766472884,0.058394309766472884,0.39002208051968656,0.6034491494594592,0.006528770020854532,8,9,edge_state,0.23999999999999996,0.5999999999999999,ok
0.3,10,10,399,-0.05839430976647281,0.05839430976647281,0.3900220805196868,0.6034491494594587,0.006528770020854601,8,9,edge_state,0.23999999999999996,0.5999999999999999,ok
0.3,10,10,400,-0.03152183887703344,0.03152183887703344,0.37272308951168504,0.619560651237933,0.0077162592503816916,8,9,edge_state,0.23999999999999996,0.5999999999999999,ok
0.3,10,10,401,-0.03152183887703327,0.03152183887703327,0.3727230895116852,0.6195606512379337,0.0077162592503816655,8,0,edge_state,0.23999999999999996,0.5999999999999999,ok
0.3,10,10,402,-0.023938317224284772,0.023938317224284772,0.37619736757617583,0.6210325487276049,0.002770083696219678,8,0,edge_state,0.23999999999999996,0.5999999999999999,ok
0.3,10,10,403,-0.023938317224284595,0.023938317224284595,0.3761973675761742,0.6210325487276063,0.0027700836962197013,0,1,edge_state,0.23999999999999996,0.5999999999999999,ok
0.3,10,10,404,-0.014441761633531903,0.014441761633531903,0.37159071370862934,0.6132780690592309,0.01513121723214073,9,1,edge_state,0.23999999999999996,0.5999999999999999,ok
0.3,10,10,405,-0.01444176163353124,0.01444176163353124,0.37159071370863117,0.6132780690592277,0.015131217232140762,1,9,edge_state,0.23999999999999996,0.5999999999999999,ok
0.3,10,10,406,-0.010233997963632887,0.010233997963632887,0.3880066246322694,0.6075601565684012,0.004433218799330061,9,8,edge_state,0.23999999999999996,0.5999999999999999,ok
0.3,10,10,407,-0.010233997963632446,0.010233997963632446,0.38800662463227026,0.6075601565684001,0.0044332187993300605,0,1,edge_state,0.23999999999999996,0.5999999999999999,ok
0.3,10,10,408,0.02329116878850517,0.02329116878850517,0.291775183483551,0.7013737678444288,0.006851048672019831,9,7,edge_state,0.23999999999999996,0.5999999999999999,ok
0.3,10,10,409,0.023291168788505595,0.023291168788505595,0.2917751834835506,0.7013737678444298,0.006851048672019827,9,7,edge_state,0.23999999999999996,0.5999999999999999,ok
0.3,10,10,410,0.03442825516125633,0.03442825516125633,0.2577493604832878,0.7185891490918189,0.023661490424893718,0,2,edge_state,0.23999999999999996,0.5999999999999999,ok
0.3,10,10,411,0.03442825516125649,0.03442825516125649,0.25774936048328806,0.7185891490918184,0.0236614904248937,9,7,edge_state,0.23999999999999996,0.5999999999999999,ok
0.3,10,10,412,0.039217083851571834,0.039217083851571834,0.33516719957269414,0.6600992025987181,0.004733597828587256,0,9,edge_state,0.23999999999999996,0.5999999999999999,ok
0.3,10,10,413,0.039217083851571896,0.039217083851571896,0.3351671995726947,0.6600992025987186,0.004733597828587291,9,9,edge_state,0.23999999999999996,0.5999999999999999,ok
0.3,10,10,414,0.05408761382122395,0.05408761382122395,0.35571820282924804,0.6297358767157188,0.014545920455032486,4,0,edge_state,0.23999999999999996,0.5999999999999999,ok
0.3,10,10,415,0.05408761382122395,0.05408761382122395,0.35571820282924793,0.6297358767157191,0.014545920455032538,5,0,edge_state,0.23999999999999996,0.5999999999999999,ok
0.3,10,10,416,0.09195814093183893,0.09195814093183893,0.14730686042360336,0.8179908157843323,0.03470232379206537,9,6,edge_state,0.23999999999999996,0.5999999999999999,ok
0.3,10,10,417,0.09195814093183916,0.09195814093183916,0.1473068604236034,0.817990815784331,0.0347023237920654,3,9,edge_state,0.23999999999999996,0.5999999999999999,ok
0.3,10,10,418,0.09448208353777388,0.09448208353777388,0.2609514163128092,0.730460378496682,0.008588205190508007,9,0,edge_state,0.23999999999999996,0.5999999999999999,ok
0.3,10,10,419,0.09448208353777415,0.09448208353777415,0.26095141631280866,0.7304603784966839,0.008588205190508028,0,0,edge_state,0.23999999999999996,0.5999999999999999,ok
0.3,10,10,420,0.11543076550999322,0.11543076550999322,0.29273377450876636,0.694920505465626,0.012345720025608162,0,9,edge_state,0.23999999999999996,0.5999999999999999,ok
0.3,10,10,421,0.11543076550999383,0.11543076550999383,0.2927337745087666,0.694920505465624,0.012345720025608239,9,9,edge_state,0.23999999999999996,0.5999999999999999,ok
0.3,10,10,422,0.12233687578586896,0.12233687578586896,0.2329249023561565,0.7240242385520265,0.04305085909181695,7,0,edge_state,0.23999999999999996,0.5999999999999999,ok
0.3,10,10,423,0.12233687578586977,0.12233687578586977,0.23292490235615565,0.7240242385520278,0.04305085909181724,2,9,edge_state,0.23999999999999996,0.5999999999999999,ok
0.3,10,10,424,0.16109893258337274,0.16109893258337274,0.10919064309943004,0.8527774546535343,0.03803190224703474,0,5,edge_state,0.23999999999999996,0.5999999999999999,ok
0.3,10,10,425,0.16109893258337302,0.16109893258337302,0.10919064309942902,0.8527774546535356,0.038031902247035065,5,0,edge_state,0.23999999999999996,0.5999999999999999,ok
0.3,10,10,426,0.1734190433866561,0.1734190433866561,0.18351800454442327,0.7915800334760394,0.024901961979537226,5,9,edge_state,0.23999999999999996,0.5999999999999999,ok
0.3,10,10,427,0.1734190433866562,0.1734190433866562,0.1835180045444238,0.7915800334760384,0.024901961979537205,5,9,edge_state,0.23999999999999996,0.5999999999999999,ok
0.3,10,10,428,0.1812130480743858,0.1812130480743858,0.0696823943313569,0.8686143727090242,0.06170323295961976,4,9,edge_state,0.23999999999999996,0.5999999999999999,ok
0.3,10,10,429,0.18121304807438607,0.18121304807438607,0.06968239433135626,0.8686143727090244,0.06170323295961959,4,9,edge_state,0.23999999999999996,0.5999999999999999,ok
0.3,10,10,430,0.18626777390436988,0.18626777390436988,0.1401346276851421,0.8210229918500611,0.0388423804647975,4,0,edge_state,0.23999999999999996,0.5999999999999999,ok
0.3,10,10,431,0.1862677739043703,0.1862677739043703,0.14013462768514184,0.8210229918500613,0.038842380464797516,4,0,edge_state,0.23999999999999996,0.5999999999999999,ok
0.4,10,10,366,-0.15034881815204504,0.15034881815204504,0.009568502926300583,0.28153681197940644,0.7088946850942927,5,5,bulk_or_mixed_state,0.15999999999999975,0.39999999999999936,ok
0.4,10,10,367,-0.1503488181520446,0.1503488181520446,0.00956850292630034,0.2815368119794058,0.7088946850942935,4,5,bulk_or_mixed_state,0.15999999999999975,0.39999999999999936,ok
0.4,10,10,368,-0.13949736995817497,0.13949736995817497,0.09778291548346132,0.8933591317502624,0.008857952766275812,9,5,edge_state,0.15999999999999975,0.39999999999999936,ok
0.4,10,10,369,-0.13949736995817474,0.13949736995817474,0.09778291548345852,0.8933591317502658,0.008857952766275769,0,5,edge_state,0.15999999999999975,0.39999999999999936,ok
0.4,10,10,370,-0.13916626409894825,0.13916626409894825,0.09699128740439998,0.8944253986768322,0.008583313918767325,0,5,edge_state,0.15999999999999975,0.39999999999999936,ok
0.4,10,10,371,-0.13916626409894825,0.13916626409894825,0.0969912874043983,0.8944253986768349,0.008583313918767321,9,5,edge_state,0.15999999999999975,0.39999999999999936,ok
0.4,10,10,372,-0.13885282943558847,0.13885282943558847,0.06635672152101771,0.9242953980808174,0.009347880398164756,5,0,edge_state,0.15999999999999975,0.39999999999999936,ok
0.4,10,10,373,-0.13885282943558822,0.13885282943558822,0.06635672152101893,0.9242953980808164,0.009347880398164804,5,9,edge_state,0.15999999999999975,0.39999999999999936,ok
0.4,10,10,374,-0.1384444443139421,0.1384444443139421,0.06449133909210897,0.9252099981876325,0.0102986627202587,0,5,edge_state,0.15999999999999975,0.39999999999999936,ok
0.4,10,10,375,-0.13844444431394204,0.13844444431394204,0.06449133909210678,0.9252099981876356,0.010298662720258972,4,9,edge_state,0.15999999999999975,0.39999999999999936,ok
0.4,10,10,376,-0.12729657586003731,0.12729657586003731,0.30256753043746176,0.6900193112874333,0.007413158275105066,7,0,edge_state,0.15999999999999975,0.39999999999999936,ok
0.4,10,10,377,-0.12729657586003715,0.12729657586003715,0.30256753043746565,0.6900193112874293,0.007413158275105087,0,2,edge_state,0.15999999999999975,0.39999999999999936,ok
0.4,10,10,378,-0.12682417376791955,0.12682417376791955,0.2731384539080749,0.714534299826883,0.012327246265041319,2,9,edge_state,0.15999999999999975,0.39999999999999936,ok
0.4,10,10,379,-0.12682417376791869,0.12682417376791869,0.2731384539080734,0.7145342998268844,0.012327246265041456,9,7,edge_state,0.15999999999999975,0.39999999999999936,ok
0.4,10,10,380,-0.12479408384875253,0.12479408384875253,0.24237232864343738,0.7501045880601822,0.007523083296382244,0,2,edge_state,0.15999999999999975,0.39999999999999936,ok
0.4,10,10,381,-0.12479408384875232,0.12479408384875232,0.24237232864343794,0.75010458806018,0.007523083296382174,2,9,edge_state,0.15999999999999975,0.39999999999999936,ok
0.4,10,10,382,-0.12393664776335338,0.12393664776335338,0.18795838000193293,0.8023752987989056,0.009666321199161557,0,2,edge_state,0.15999999999999975,0.39999999999999936,ok
0.4,10,10,383,-0.1239366477633532,0.1239366477633532,0.1879583800019341,0.802375298798905,0.009666321199161589,9,2,edge_state,0.15999999999999975,0.39999999999999936,ok
0.4,10,10,384,-0.10802623222428447,0.10802623222428447,0.4516171344864691,0.5393521733419808,0.009030692171550858,1,9,bulk_or_mixed_state,0.15999999999999975,0.39999999999999936,ok
0.4,10,10,385,-0.10802623222428445,0.10802623222428445,0.45161713448647023,0.5393521733419793,0.009030692171550935,8,0,bulk_or_mixed_state,0.15999999999999975,0.39999999999999936,ok
0.4,10,10,386,-0.10580218014332586,0.10580218014332586,0.40645938245359353,0.5872435616753845,0.006297055871019877,0,1,bulk_or_mixed_state,0.15999999999999975,0.39999999999999936,ok
0.4,10,10,387,-0.10580218014332582,0.10580218014332582,0.4064593824535961,0.5872435616753844,0.006297055871019859,8,9,bulk_or_mixed_state,0.15999999999999975,0.39999999999999936,ok
0.4,10,10,388,-0.10220080074394361,0.10220080074394361,0.3455873034714761,0.6421548342190844,0.01225786230944027,9,1,edge_state,0.15999999999999975,0.39999999999999936,ok
0.4,10,10,389,-0.10220080074394351,0.10220080074394351,0.3455873034714748,0.6421548342190843,0.012257862309440124,1,0,edge_state,0.15999999999999975,0.39999999999999936,ok
0.4,10,10,390,-0.10081596248910417,0.10081596248910417,0.3421571292119255,0.65055152266847,0.007291348119604496,2,9,edge_state,0.15999999999999975,0.39999999999999936,ok
0.4,10,10,391,-0.10081596248910392,0.10081596248910392,0.34215712921191965,0.6505515226684766,0.007291348119604506,0,2,edge_state,0.15999999999999975,0.39999999999999936,ok
0.4,10,10,392,-0.08080601011376942,0.08080601011376942,0.45590321121223193,0.5349213531695018,0.009175435618267013,8,9,bulk_or_mixed_state,0.15999999999999975,0.39999999999999936,ok
0.4,10,10,393,-0.080806010113769,0.080806010113769,0.4559032112122253,0.5349213531695067,0.009175435618266973,1,9,bulk_or_mixed_state,0.15999999999999975,0.39999999999999936,ok
0.4,10,10,394,-0.07495910749114397,0.07495910749114397,0.4122891053442575,0.5817902116104017,0.005920683045342057,8,0,bulk_or_mixed_state,0.15999999999999975,0.39999999999999936,ok
0.4,10,10,395,-0.07495910749114396,0.07495910749114396,0.4122891053442553,0.5817902116104019,0.005920683045342048,1,0,bulk_or_mixed_state,0.15999999999999975,0.39999999999999936,ok
0.4,10,10,396,-0.07313431580023082,0.07313431580023082,0.41496784469538694,0.5653728595325596,0.019659295772054382,0,8,bulk_or_mixed_state,0.15999999999999975,0.39999999999999936,ok
0.4,10,10,397,-0.07313431580023076,0.07313431580023076,0.4149678446953854,0.56537285953256,0.019659295772054393,9,8,bulk_or_mixed_state,0.15999999999999975,0.39999999999999936,ok
0.4,10,10,398,-0.06749516150035588,0.06749516150035588,0.3907463505768006,0.5997962564722439,0.009457392950954541,9,1,bulk_or_mixed_state,0.15999999999999975,0.39999999999999936,ok
0.4,10,10,399,-0.06749516150035499,0.06749516150035499,0.39074635057679924,0.5997962564722457,0.009457392950954316,0,1,bulk_or_mixed_state,0.15999999999999975,0.39999999999999936,ok
0.4,10,10,400,-0.0434219446560071,0.0434219446560071,0.3718280345166317,0.6177405136840126,0.01043145179935584,9,8,edge_state,0.15999999999999975,0.39999999999999936,ok
0.4,10,10,401,-0.04342194465600681,0.04342194465600681,0.3718280345166295,0.6177405136840144,0.010431451799355796,9,1,edge_state,0.15999999999999975,0.39999999999999936,ok
0.4,10,10,402,-0.03534887706332194,0.03534887706332194,0.3572727785987271,0.6057990970096252,0.03692812439164754,1,0,edge_state,0.15999999999999975,0.39999999999999936,ok
0.4,10,10,403,-0.035348877063321495,0.035348877063321495,0.3572727785987265,0.6057990970096261,0.03692812439164755,0,1,edge_state,0.15999999999999975,0.39999999999999936,ok
0.4,10,10,404,-0.033390626520939534,0.033390626520939534,0.37430818729142795,0.618745506531561,0.006946306177011613,0,0,edge_state,0.15999999999999975,0.39999999999999936,ok
0.4,10,10,405,-0.03339062652093945,0.03339062652093945,0.37430818729142945,0.6187455065315591,0.0069463061770117076,0,9,edge_state,0.15999999999999975,0.39999999999999936,ok
0.4,10,10,406,-0.02326395501630989,0.02326395501630989,0.3834551374080255,0.6023565870517869,0.014188275540187447,1,0,edge_state,0.15999999999999975,0.39999999999999936,ok
0.4,10,10,407,-0.02326395501630981,0.02326395501630981,0.38345513740802617,0.6023565870517859,0.014188275540187466,8,9,edge_state,0.15999999999999975,0.39999999999999936,ok
0.4,10,10,408,0.0069707094133526736,0.0069707094133526736,0.3022764237893153,0.684418010846786,0.013305565363897922,9,2,edge_state,0.15999999999999975,0.39999999999999936,ok
0.4,10,10,409,0.006970709413353315,0.006970709413353315,0.30227642378931563,0.6844180108467852,0.013305565363897875,0,7,edge_state,0.15999999999999975,0.39999999999999936,ok
0.4,10,10,410,0.010633610387251488,0.010633610387251488,0.2321641532237644,0.7251707630885416,0.042665083687694255,2,0,edge_state,0.15999999999999975,0.39999999999999936,ok
0.4,10,10,411,0.010633610387251963,0.010633610387251963,0.23216415322376316,0.7251707630885416,0.04266508368769414,7,9,edge_state,0.15999999999999975,0.39999999999999936,ok
0.4,10,10,412,0.02251950673435645,0.02251950673435645,0.3366358460715624,0.6520720465459189,0.01129210738251818,0,0,edge_state,0.15999999999999975,0.39999999999999936,ok
0.4,10,10,413,0.02251950673435734,0.02251950673435734,0.3366358460715618,0.6520720465459195,0.01129210738251827,0,0,edge_state,0.15999999999999975,0.39999999999999936,ok
0.4,10,10,414,0.035525602756414615,0.035525602756414615,0.34492028138553077,0.6226670743047409,0.03241264430972811,9,5,edge_state,0.15999999999999975,0.39999999999999936,ok
0.4,10,10,415,0.03552560275641479,0.03552560275641479,0.3449202813855309,0.6226670743047414,0.032412644309728074,5,9,edge_state,0.15999999999999975,0.39999999999999936,ok
0.4,10,10,416,0.07175168169718414,0.07175168169718414,0.1415397641788042,0.7882223659863647,0.07023786983483062,3,0,edge_state,0.15999999999999975,0.39999999999999936,ok
0.4,10,10,417,0.07175168169718421,0.07175168169718421,0.14153976417880348,0.7882223659863645,0.07023786983483059,0,3,edge_state,0.15999999999999975,0.39999999999999936,ok
0.4,10,10,418,0.07430679178322973,0.07430679178322973,0.28631578843031863,0.6961793002343184,0.01750491133536248,9,9,edge_state,0.15999999999999975,0.39999999999999936,ok
0.4,10,10,419,0.07430679178323002,0.07430679178323002,0.2863157884303187,0.6961793002343182,0.01750491133536252,9,9,edge_state,0.15999999999999975,0.39999999999999936,ok
0.4,10,10,420,0.09739645079498058,0.09739645079498058,0.3159799416030734,0.6617305289278359,0.022289529469090207,9,0,edge_state,0.15999999999999975,0.39999999999999936,ok
0.4,10,10,421,0.09739645079498128,0.09739645079498128,0.3159799416030744,0.661730528927835,0.022289529469090224,0,0,edge_state,0.15999999999999975,0.39999999999999936,ok
0.4,10,10,422,0.11025750173208292,0.11025750173208292,0.2610723728976828,0.6590908025828724,0.07983682451944434,9,2,edge_state,0.15999999999999975,0.39999999999999936,ok
0.4,10,10,423,0.11025750173208326,0.11025750173208326,0.2610723728976831,0.6590908025828717,0.07983682451944427,2,9,edge_state,0.15999999999999975,0.39999999999999936,ok
0.4,10,10,424,0.14961608188467626,0.14961608188467626,0.114282948315225,0.7864956656110156,0.09922138607375856,4,9,edge_state,0.15999999999999975,0.39999999999999936,ok
0.4,10,10,425,0.14961608188467673,0.14961608188467673,0.11428294831522476,0.786495665611016,0.09922138607375888,0,4,edge_state,0.15999999999999975,0.39999999999999936,ok
0.5,10,10,396,-0.07608066721529842,0.07608066721529842,0.3929426272264761,0.5898113856438969,0.01724598712962728,9,8,bulk_or_mixed_state,0.07999999999999981,0.1999999999999995,ok
0.5,10,10,397,-0.0760806672152983,0.0760806672152983,0.3929426272264748,0.589811385643898,0.017245987129627566,0,8,bulk_or_mixed_state,0.07999999999999981,0.1999999999999995,ok
0.5,10,10,398,-0.0743761135153384,0.0743761135153384,0.3885063389467554,0.5600010774663775,0.05149258358686752,0,8,bulk_or_mixed_state,0.07999999999999981,0.1999999999999995,ok
0.5,10,10,399,-0.07437611351533804,0.07437611351533804,0.38850633894675407,0.5600010774663786,0.051492583586867834,9,1,bulk_or_mixed_state,0.07999999999999981,0.1999999999999995,ok
0.5,10,10,400,-0.05260152309881487,0.05260152309881487,0.35129922465118435,0.589890081179133,0.05881069416968268,8,9,bulk_or_mixed_state,0.07999999999999981,0.1999999999999995,ok
0.5,10,10,401,-0.05260152309881476,0.05260152309881476,0.35129922465118263,0.589890081179135,0.058810694169682716,0,8,bulk_or_mixed_state,0.07999999999999981,0.1999999999999995,ok
0.5,10,10,402,-0.05010998921779151,0.05010998921779151,0.36679501009623466,0.6154250997623171,0.017779890141448172,9,9,edge_state,0.07999999999999981,0.1999999999999995,ok
0.5,10,10,403,-0.0501099892177915,0.0501099892177915,0.36679501009623694,0.6154250997623152,0.01777989014144822,9,0,edge_state,0.07999999999999981,0.1999999999999995,ok
0.5,10,10,404,-0.04069667134394088,0.04069667134394088,0.37042394877139934,0.6112686036305164,0.018307447598084316,0,0,edge_state,0.07999999999999981,0.1999999999999995,ok
0.5,10,10,405,-0.040696671343940824,0.040696671343940824,0.3704239487713975,0.6112686036305177,0.018307447598084364,9,0,edge_state,0.07999999999999981,0.1999999999999995,ok
0.5,10,10,406,-0.03889492712934513,0.03889492712934513,0.34528046645412097,0.6053415315417019,0.04937800200417633,0,1,edge_state,0.07999999999999981,0.1999999999999995,ok
0.5,10,10,407,-0.038894927129344836,0.038894927129344836,0.34528046645411986,0.6053415315417036,0.049378002004176434,9,8,edge_state,0.07999999999999981,0.1999999999999995,ok
0.5,10,10,408,-0.014058189895961146,0.014058189895961146,0.24077252333729637,0.7113982725099822,0.047829204152721114,9,7,edge_state,0.07999999999999981,0.1999999999999995,ok
0.5,10,10,409,-0.014058189895960551,0.014058189895960551,0.24077252333729302,0.7113982725099852,0.04782920415272126,7,0,edge_state,0.07999999999999981,0.1999999999999995,ok
0.5,10,10,410,-0.006589351488483965,0.006589351488483965,0.3109483526949583,0.664483501389401,0.02456814591564095,0,0,edge_state,0.07999999999999981,0.1999999999999995,ok
0.5,10,10,411,-0.006589351488483416,0.006589351488483416,0.31094835269495713,0.664483501389402,0.024568145915640806,0,9,edge_state,0.07999999999999981,0.1999999999999995,ok
0.5,10,10,412,0.0076116908880065354,0.0076116908880065354,0.3382423988004388,0.6364130178513584,0.025344583348202738,9,9,edge_state,0.07999999999999981,0.1999999999999995,ok
0.5,10,10,413,0.007611690888006863,0.007611690888006863,0.3382423988004372,0.6364130178513612,0.025344583348202773,9,0,edge_state,0.07999999999999981,0.1999999999999995,ok
0.5,10,10,414,0.0143113539028606,0.0143113539028606,0.3039884517543846,0.61414558472132,0.08186596352429644,5,0,edge_state,0.07999999999999981,0.1999999999999995,ok
0.5,10,10,415,0.014311353902861071,0.014311353902861071,0.3039884517543855,0.61414558472132,0.08186596352429541,5,9,edge_state,0.07999999999999981,0.1999999999999995,ok
0.5,10,10,416,0.04467038261622797,0.04467038261622797,0.1636329175771209,0.7408958977477418,0.09547118467513813,0,6,edge_state,0.07999999999999981,0.1999999999999995,ok
0.5,10,10,417,0.044670382616228285,0.044670382616228285,0.16363291757712123,0.7408958977477418,0.09547118467513724,0,6,edge_state,0.07999999999999981,0.1999999999999995,ok
0.5,10,10,418,0.0533135100473066,0.0533135100473066,0.31254180303343215,0.655413354327567,0.03204484263900065,9,0,edge_state,0.07999999999999981,0.1999999999999995,ok
0.5,10,10,419,0.053313510047307014,0.053313510047307014,0.3125418030334327,0.6554133543275665,0.03204484263900057,9,9,edge_state,0.07999999999999981,0.1999999999999995,ok
0.5,10,10,420,0.0766870900762539,0.0766870900762539,0.3338544282003808,0.6280541296560131,0.03809144214360603,0,0,edge_state,0.07999999999999981,0.1999999999999995,ok
0.5,10,10,421,0.07668709007625414,0.07668709007625414,0.33385442820038175,0.628054129656012,0.03809144214360609,9,9,edge_state,0.07999999999999981,0.1999999999999995,ok
0.8,10,10,398,-0.08003544509776454,0.08003544509776454,0.23735494681235592,0.3321850921320234,0.4304599610556213,0,0,bulk_or_mixed_state,0.08792248639750283,0.21980621599375705,ok
0.8,10,10,399,-0.08003544509776431,0.08003544509776431,0.23735494681235547,0.33218509213202274,0.43045996105562156,9,0,bulk_or_mixed_state,0.08792248639750283,0.21980621599375705,ok
0.8,10,10,400,-0.07264024758913824,0.07264024758913824,0.5281441806489424,0.39541854966798506,0.0764372696830727,9,0,bulk_or_mixed_state,0.08792248639750283,0.21980621599375705,ok
0.8,10,10,401,-0.0726402475891377,0.0726402475891377,0.5281441806489403,0.395418549667986,0.07643726968307349,0,0,bulk_or_mixed_state,0.08792248639750283,0.21980621599375705,ok
0.8,10,10,402,-0.0677433942331753,0.0677433942331753,0.14507148653926,0.6219935039249928,0.2329350095357476,0,5,edge_state,0.08792248639750283,0.21980621599375705,ok
0.8,10,10,403,-0.067743394233175,0.067743394233175,0.1450714865392653,0.6219935039249891,0.23293500953574542,5,0,edge_state,0.08792248639750283,0.21980621599375705,ok
0.8,10,10,404,-0.06602167622474021,0.06602167622474021,0.11819250839523093,0.6910560989685164,0.1907513926362516,9,5,edge_state,0.08792248639750283,0.21980621599375705,ok
0.8,10,10,405,-0.06602167622474012,0.06602167622474012,0.11819250839523324,0.6910560989685155,0.1907513926362515,4,0,edge_state,0.08792248639750283,0.21980621599375705,ok
0.8,10,10,406,-0.058328928799965145,0.058328928799965145,0.29639072368035396,0.5692455755600212,0.13436370075962456,1,0,bulk_or_mixed_state,0.08792248639750283,0.21980621599375705,ok
0.8,10,10,407,-0.05832892879996505,0.05832892879996505,0.29639072368035374,0.5692455755600221,0.13436370075962478,0,1,bulk_or_mixed_state,0.08792248639750283,0.21980621599375705,ok
0.8,10,10,408,-0.05015982938484319,0.05015982938484319,0.3275229559386922,0.512032762536071,0.16044428152523638,9,9,bulk_or_mixed_state,0.08792248639750283,0.21980621599375705,ok
0.8,10,10,409,-0.05015982938484231,0.05015982938484231,0.32752295593869185,0.5120327625360728,0.16044428152523552,0,0,bulk_or_mixed_state,0.08792248639750283,0.21980621599375705,ok
0.8,10,10,410,-0.04788155694577769,0.04788155694577769,0.2214460172334965,0.6117753375627317,0.16677864520377106,0,0,edge_state,0.08792248639750283,0.21980621599375705,ok
0.8,10,10,411,-0.047881556945777455,0.047881556945777455,0.2214460172335001,0.6117753375627294,0.16677864520377025,9,9,edge_state,0.08792248639750283,0.21980621599375705,ok
0.8,10,10,412,-0.04009635535736623,0.04009635535736623,0.29344725128171983,0.5637660128916169,0.1427867358266639,1,9,bulk_or_mixed_state,0.08792248639750283,0.21980621599375705,ok
0.8,10,10,413,-0.04009635535736588,0.04009635535736588,0.2934472512817212,0.5637660128916151,0.1427867358266635,1,9,bulk_or_mixed_state,0.08792248639750283,0.21980621599375705,ok
0.8,10,10,414,-0.02930012440492938,0.02930012440492938,0.31422079356773525,0.5482257196931283,0.13755348673913728,9,9,bulk_or_mixed_state,0.08792248639750283,0.21980621599375705,ok
0.8,10,10,415,-0.029300124404928986,0.029300124404928986,0.3142207935677349,0.548225719693127,0.13755348673913717,9,0,bulk_or_mixed_state,0.08792248639750283,0.21980621599375705,ok
0.8,10,10,416,-0.018721007134041425,0.018721007134041425,0.27124555186506083,0.5623203820292442,0.16643406610569517,0,0,bulk_or_mixed_state,0.08792248639750283,0.21980621599375705,ok
0.8,10,10,417,-0.018721007134041394,0.018721007134041394,0.2712455518650601,0.562320382029245,0.16643406610569478,0,0,bulk_or_mixed_state,0.08792248639750283,0.21980621599375705,ok
0.8,10,10,418,-0.010798333727581313,0.010798333727581313,0.3027262151285043,0.5335978762490396,0.16367590862245715,0,1,bulk_or_mixed_state,0.08792248639750283,0.21980621599375705,ok
0.8,10,10,419,-0.010798333727581204,0.010798333727581204,0.3027262151285026,0.5335978762490409,0.16367590862245743,8,9,bulk_or_mixed_state,0.08792248639750283,0.21980621599375705,ok
0.8,10,10,420,0.002537401344073943,0.002537401344073943,0.3171830658162096,0.5180532166903145,0.16476371749347643,0,0,bulk_or_mixed_state,0.08792248639750283,0.21980621599375705,ok
0.8,10,10,421,0.0025374013440743635,0.0025374013440743635,0.3171830658162079,0.5180532166903163,0.16476371749347682,0,0,bulk_or_mixed_state,0.08792248639750283,0.21980621599375705,ok
0.8,10,10,422,0.020116777333640447,0.020116777333640447,0.31459826124601203,0.5203938436260368,0.165007895127952,9,9,bulk_or_mixed_state,0.08792248639750283,0.21980621599375705,ok
0.8,10,10,423,0.020116777333640725,0.020116777333640725,0.3145982612460125,0.5203938436260355,0.16500789512795172,9,9,bulk_or_mixed_state,0.08792248639750283,0.21980621599375705,ok
0.8,10,10,424,0.03763538711904809,0.03763538711904809,0.3257869299997227,0.512538307754024,0.1616747622462539,0,0,bulk_or_mixed_state,0.08792248639750283,0.21980621599375705,ok
0.8,10,10,425,0.03763538711904812,0.03763538711904812,0.32578692999972303,0.512538307754024,0.16167476224625393,0,0,bulk_or_mixed_state,0.08792248639750283,0.21980621599375705,ok
0.8,10,10,426,0.05619827209662485,0.05619827209662485,0.3113799735163044,0.5297273505738667,0.15889267590982836,1,0,bulk_or_mixed_state,0.08792248639750283,0.21980621599375705,ok
0.8,10,10,427,0.05619827209662562,0.05619827209662562,0.3113799735163064,0.5297273505738657,0.15889267590982803,0,8,bulk_or_mixed_state,0.08792248639750283,0.21980621599375705,ok
0.8,10,10,428,0.08482255533533535,0.08482255533533535,0.30516107379021773,0.5419110052736908,0.152927920936091,0,8,bulk_or_mixed_state,0.08792248639750283,0.21980621599375705,ok
0.8,10,10,429,0.08482255533533571,0.08482255533533571,0.30516107379021834,0.5419110052736915,0.1529279209360909,9,1,bulk_or_mixed_state,0.08792248639750283,0.21980621599375705,ok
1.0,10,10,402,-0.020880128566476933,0.020880128566476933,0.5022081490642816,0.4791370977067262,0.01865475322899348,9,0,bulk_or_mixed_state,0.0744037119776708,0.186009279944177,ok
1.0,10,10,403,-0.0208801285664768,0.0208801285664768,0.5022081490642807,0.47913709770672736,0.0186547532289934,9,9,bulk_or_mixed_state,0.0744037119776708,0.186009279944177,ok
1.0,10,10,404,0.005882282699085585,0.005882282699085585,0.04532544076083973,0.4921422129283535,0.4625323463108058,4,5,bulk_or_mixed_state,0.0744037119776708,0.186009279944177,ok
1.0,10,10,405,0.005882282699086067,0.005882282699086067,0.04532544076082945,0.4921422129283527,0.46253234631081774,5,4,bulk_or_mixed_state,0.0744037119776708,0.186009279944177,ok
1.0,10,10,406,0.005953175848382603,0.005953175848382603,0.03412054523343261,0.48878660256692247,0.4770928521996457,5,5,bulk_or_mixed_state,0.0744037119776708,0.186009279944177,ok
1.0,10,10,407,0.005953175848382697,0.005953175848382697,0.03412054523342739,0.4887866025669212,0.47709285219965036,5,5,bulk_or_mixed_state,0.0744037119776708,0.186009279944177,ok
1.0,10,10,408,0.007117702638823211,0.007117702638823211,0.17981862968847973,0.5141993784078995,0.30598199190362,8,2,bulk_or_mixed_state,0.0744037119776708,0.186009279944177,ok
1.0,10,10,409,0.007117702638823383,0.007117702638823383,0.17981862968847587,0.5141993784078998,0.3059819919036248,2,8,bulk_or_mixed_state,0.0744037119776708,0.186009279944177,ok
1.0,10,10,410,0.007517187912734419,0.007517187912734419,0.14292212932132783,0.47466553270783796,0.38241233797083307,2,7,bulk_or_mixed_state,0.0744037119776708,0.186009279944177,ok
1.0,10,10,411,0.007517187912734711,0.007517187912734711,0.14292212932133067,0.47466553270783773,0.38241233797083185,2,7,bulk_or_mixed_state,0.0744037119776708,0.186009279944177,ok
1.0,10,10,412,0.0102093026235311,0.0102093026235311,0.22737067465326752,0.4969901345116302,0.2756391908351011,1,8,bulk_or_mixed_state,0.0744037119776708,0.186009279944177,ok
1.0,10,10,413,0.010209302623531494,0.010209302623531494,0.22737067465327093,0.49699013451163176,0.27563919083509747,8,8,bulk_or_mixed_state,0.0744037119776708,0.186009279944177,ok
1.0,10,10,414,0.01098238653691965,0.01098238653691965,0.19179505280592818,0.4876100481175132,0.3205948990765596,8,8,bulk_or_mixed_state,0.0744037119776708,0.186009279944177,ok
1.0,10,10,415,0.01098238653692012,0.01098238653692012,0.19179505280592185,0.48761004811751285,0.3205948990765651,1,8,bulk_or_mixed_state,0.0744037119776708,0.186009279944177,ok
1.0,10,10,416,0.013132251944421422,0.013132251944421422,0.2576680677185261,0.49300895385893806,0.24932297842253429,3,8,bulk_or_mixed_state,0.0744037119776708,0.186009279944177,ok
1.0,10,10,417,0.01313225194442197,0.01313225194442197,0.2576680677185306,0.4930089538589387,0.24932297842253093,3,8,bulk_or_mixed_state,0.0744037119776708,0.186009279944177,ok
1.0,10,10,418,0.015395960946460245,0.015395960946460245,0.244605822529968,0.46548886759146707,0.28990530987856417,8,1,bulk_or_mixed_state,0.0744037119776708,0.186009279944177,ok
1.0,10,10,419,0.01539596094646029,0.01539596094646029,0.24460582252996396,0.4654888675914675,0.289905309878568,1,1,bulk_or_mixed_state,0.0744037119776708,0.186009279944177,ok
1.0,10,10,420,0.021886210165219393,0.021886210165219393,0.21221940512043794,0.4702005152433924,0.317580079636172,0,1,bulk_or_mixed_state,0.0744037119776708,0.186009279944177,ok
1.0,10,10,421,0.021886210165219473,0.021886210165219473,0.21221940512044435,0.4702005152433909,0.31758007963616464,0,8,bulk_or_mixed_state,0.0744037119776708,0.186009279944177,ok
1.0,10,10,422,0.025060842288092505,0.025060842288092505,0.17753683298432182,0.5215217881129236,0.30094137890275363,1,8,bulk_or_mixed_state,0.0744037119776708,0.186009279944177,ok
1.0,10,10,423,0.025060842288093545,0.025060842288093545,0.17753683298432268,0.5215217881129236,0.3009413789027537,8,8,bulk_or_mixed_state,0.0744037119776708,0.186009279944177,ok
1.0,10,10,424,0.02664713601834485,0.02664713601834485,0.22886569665880446,0.4776033077540478,0.2935309955871473,7,0,bulk_or_mixed_state,0.0744037119776708,0.186009279944177,ok
1.0,10,10,425,0.026647136018345233,0.026647136018345233,0.22886569665880202,0.477603307754048,0.29353099558715084,7,0,bulk_or_mixed_state,0.0744037119776708,0.186009279944177,ok
1.0,10,10,426,0.035916844144818966,0.035916844144818966,0.1458363541818869,0.5135839952109825,0.34057965060713313,2,2,bulk_or_mixed_state,0.0744037119776708,0.186009279944177,ok
1.0,10,10,427,0.03591684414481996,0.03591684414481996,0.1458363541818879,0.5135839952109809,0.34057965060713125,2,2,bulk_or_mixed_state,0.0744037119776708,0.186009279944177,ok
1.0,10,10,428,0.05056366778824108,0.05056366778824108,0.1806913700967948,0.5030856751069903,0.3162229547962153,0,6,bulk_or_mixed_state,0.0744037119776708,0.186009279944177,ok
1.0,10,10,429,0.050563667788241104,0.050563667788241104,0.180691370096795,0.503085675106991,0.316222954796215,3,9,bulk_or_mixed_state,0.0744037119776708,0.186009279944177,ok
1.0,10,10,430,0.055209418841248345,0.055209418841248345,0.1377875349513488,0.6228496409028825,0.23936282414576843,5,0,edge_state,0.0744037119776708,0.186009279944177,ok
1.0,10,10,431,0.0552094188412488,0.0552094188412488,0.1377875349513521,0.622849640902884,0.23936282414576435,5,0,edge_state,0.0744037119776708,0.186009279944177,ok
1.0,10,10,432,0.0618907875160509,0.0618907875160509,0.05017518765250148,0.6369105646770611,0.31291424767043696,9,5,edge_state,0.0744037119776708,0.186009279944177,ok
1.0,10,10,433,0.06189078751605112,0.06189078751605112,0.05017518765250219,0.6369105646770606,0.312914247670437,4,9,edge_state,0.0744037119776708,0.186009279944177,ok
